mef_v3_id,termino_canonico,aliases_controlados,aliases_ambiguos,apariciones_alias_documentales,estado_11_3
MEF-V3-DIC-0001,Acoplamiento oculto,0,0,0,SIN_ALIAS_DOCUMENTAL
MEF-V3-DIC-0002,Activos Empaquetables,0,0,0,SIN_ALIAS_DOCUMENTAL
MEF-V3-DIC-0003,AI-011,0,0,0,SIN_ALIAS_DOCUMENTAL
MEF-V3-DIC-0004,AI-012,0,0,0,SIN_ALIAS_DOCUMENTAL
MEF-V3-DIC-0005,AI-013,0,0,0,SIN_ALIAS_DOCUMENTAL
MEF-V3-DIC-0006,AI-014,0,0,0,SIN_ALIAS_DOCUMENTAL
MEF-V3-DIC-0007,AI-015,0,0,0,SIN_ALIAS_DOCUMENTAL
MEF-V3-DIC-0008,AI-016,0,0,0,SIN_ALIAS_DOCUMENTAL
MEF-V3-DIC-0009,AI-017,0,0,0,SIN_ALIAS_DOCUMENTAL
MEF-V3-DIC-0010,AI-018,0,0,0,SIN_ALIAS_DOCUMENTAL
MEF-V3-DIC-0011,AI-055,0,0,0,SIN_ALIAS_DOCUMENTAL
MEF-V3-DIC-0012,AI-056,0,0,0,SIN_ALIAS_DOCUMENTAL
MEF-V3-DIC-0013,AI-057,0,0,0,SIN_ALIAS_DOCUMENTAL
MEF-V3-DIC-0014,AI-058,0,0,0,SIN_ALIAS_DOCUMENTAL
MEF-V3-DIC-0015,AI-058 La generación,0,0,0,SIN_ALIAS_DOCUMENTAL
MEF-V3-DIC-0016,AI-059,0,0,0,SIN_ALIAS_DOCUMENTAL
MEF-V3-DIC-0017,AI-059 Las plantillas,0,0,0,SIN_ALIAS_DOCUMENTAL
MEF-V3-DIC-0018,AI-060,0,0,0,SIN_ALIAS_DOCUMENTAL
MEF-V3-DIC-0019,AI-061,0,0,0,SIN_ALIAS_DOCUMENTAL
MEF-V3-DIC-0020,AI-062,0,0,0,SIN_ALIAS_DOCUMENTAL
MEF-V3-DIC-0021,AI-063,0,0,0,SIN_ALIAS_DOCUMENTAL
MEF-V3-DIC-0022,AI-064,0,0,0,SIN_ALIAS_DOCUMENTAL
MEF-V3-DIC-0023,AI-064 Los Contracts,0,0,0,SIN_ALIAS_DOCUMENTAL
MEF-V3-DIC-0024,AI-065,0,0,0,SIN_ALIAS_DOCUMENTAL
MEF-V3-DIC-0025,AI-066,0,0,0,SIN_ALIAS_DOCUMENTAL
MEF-V3-DIC-0026,AI-066 Los Contracts,0,0,0,SIN_ALIAS_DOCUMENTAL
MEF-V3-DIC-0027,AI-067,0,0,0,SIN_ALIAS_DOCUMENTAL
MEF-V3-DIC-0028,AI-068,0,0,0,SIN_ALIAS_DOCUMENTAL
MEF-V3-DIC-0029,AI-069,0,0,0,SIN_ALIAS_DOCUMENTAL
MEF-V3-DIC-0030,AI-070,0,0,0,SIN_ALIAS_DOCUMENTAL
MEF-V3-DIC-0031,AI-071,0,0,0,SIN_ALIAS_DOCUMENTAL
MEF-V3-DIC-0032,AI-072,0,0,0,SIN_ALIAS_DOCUMENTAL
MEF-V3-DIC-0033,AI-072 Constructor Injection,0,0,0,SIN_ALIAS_DOCUMENTAL
MEF-V3-DIC-0034,AI-073,0,0,0,SIN_ALIAS_DOCUMENTAL
MEF-V3-DIC-0035,AI-074,0,0,0,SIN_ALIAS_DOCUMENTAL
MEF-V3-DIC-0036,AI-075,0,0,0,SIN_ALIAS_DOCUMENTAL
MEF-V3-DIC-0037,AI-075 Toda política,0,0,0,SIN_ALIAS_DOCUMENTAL
MEF-V3-DIC-0038,AI-076,0,0,0,SIN_ALIAS_DOCUMENTAL
MEF-V3-DIC-0039,AI-076 La configuración,0,0,0,SIN_ALIAS_DOCUMENTAL
MEF-V3-DIC-0040,AI-077,0,0,0,SIN_ALIAS_DOCUMENTAL
MEF-V3-DIC-0041,AI-078,0,0,0,SIN_ALIAS_DOCUMENTAL
MEF-V3-DIC-0042,AI-097,0,0,0,SIN_ALIAS_DOCUMENTAL
MEF-V3-DIC-0043,AI-098,0,0,0,SIN_ALIAS_DOCUMENTAL
MEF-V3-DIC-0044,AI-099,0,0,0,SIN_ALIAS_DOCUMENTAL
MEF-V3-DIC-0045,AI-100,0,0,0,SIN_ALIAS_DOCUMENTAL
MEF-V3-DIC-0046,AI-101,0,0,0,SIN_ALIAS_DOCUMENTAL
MEF-V3-DIC-0047,AI-102,0,0,0,SIN_ALIAS_DOCUMENTAL
MEF-V3-DIC-0048,AI-102 Todo Package,0,0,0,SIN_ALIAS_DOCUMENTAL
MEF-V3-DIC-0049,Anatomía conceptual,0,0,0,SIN_ALIAS_DOCUMENTAL
MEF-V3-DIC-0050,API pública,0,0,0,SIN_ALIAS_DOCUMENTAL
MEF-V3-DIC-0051,API pública accidental,0,0,0,SIN_ALIAS_DOCUMENTAL
MEF-V3-DIC-0052,ARQ-004,0,0,0,SIN_ALIAS_DOCUMENTAL
MEF-V3-DIC-0053,ARQ-010,0,0,0,SIN_ALIAS_DOCUMENTAL
MEF-V3-DIC-0054,ARQ-011,0,0,0,SIN_ALIAS_DOCUMENTAL
MEF-V3-DIC-0055,ARQ-012,0,0,0,SIN_ALIAS_DOCUMENTAL
MEF-V3-DIC-0056,ARQ-013,0,0,0,SIN_ALIAS_DOCUMENTAL
MEF-V3-DIC-0057,ARQ-017,0,0,0,SIN_ALIAS_DOCUMENTAL
MEF-V3-DIC-0058,Artefactos Generables,0,0,0,SIN_ALIAS_DOCUMENTAL
MEF-V3-DIC-0059,Cada paquete,0,0,0,SIN_ALIAS_DOCUMENTAL
MEF-V3-DIC-0060,Categorías de Modules,0,0,0,SIN_ALIAS_DOCUMENTAL
MEF-V3-DIC-0061,CFG-001,0,0,0,SIN_ALIAS_DOCUMENTAL
MEF-V3-DIC-0062,CFG-002,0,0,0,SIN_ALIAS_DOCUMENTAL
MEF-V3-DIC-0063,CFG-003,0,0,0,SIN_ALIAS_DOCUMENTAL
MEF-V3-DIC-0064,CFG-004,0,0,0,SIN_ALIAS_DOCUMENTAL
MEF-V3-DIC-0065,CFG-005,0,0,0,SIN_ALIAS_DOCUMENTAL
MEF-V3-DIC-0066,CFG-006,0,0,0,SIN_ALIAS_DOCUMENTAL
MEF-V3-DIC-0067,Ciclo de Vida,0,0,0,SIN_ALIAS_DOCUMENTAL
MEF-V3-DIC-0068,Compatibilidad,0,0,0,SIN_ALIAS_DOCUMENTAL
MEF-V3-DIC-0069,Componentes,1,0,134,CONTROLADO
MEF-V3-DIC-0070,Comunicación entre Modules,0,0,0,SIN_ALIAS_DOCUMENTAL
MEF-V3-DIC-0071,Configuration,1,0,1351,CONTROLADO
MEF-V3-DIC-0072,Constructor Injection,0,0,0,SIN_ALIAS_DOCUMENTAL
MEF-V3-DIC-0073,Contaminación del Core,0,0,0,SIN_ALIAS_DOCUMENTAL
MEF-V3-DIC-0074,Contenido Mínimo,0,0,0,SIN_ALIAS_DOCUMENTAL
MEF-V3-DIC-0075,Contracts,2,0,2773,CONTROLADO
MEF-V3-DIC-0076,Criterios de Evaluación,0,0,0,SIN_ALIAS_DOCUMENTAL
MEF-V3-DIC-0077,CT-001,0,0,0,SIN_ALIAS_DOCUMENTAL
MEF-V3-DIC-0078,CT-002,0,0,0,SIN_ALIAS_DOCUMENTAL
MEF-V3-DIC-0079,CT-003,0,0,0,SIN_ALIAS_DOCUMENTAL
MEF-V3-DIC-0080,CT-004,0,0,0,SIN_ALIAS_DOCUMENTAL
MEF-V3-DIC-0081,CT-005,0,0,0,SIN_ALIAS_DOCUMENTAL
MEF-V3-DIC-0082,CT-006,0,0,0,SIN_ALIAS_DOCUMENTAL
MEF-V3-DIC-0083,CT-007,0,0,0,SIN_ALIAS_DOCUMENTAL
MEF-V3-DIC-0084,cómo,0,0,0,SIN_ALIAS_DOCUMENTAL
MEF-V3-DIC-0085,cómo resolverlo,0,0,0,SIN_ALIAS_DOCUMENTAL
MEF-V3-DIC-0086,Datos y persistencia,0,0,0,SIN_ALIAS_DOCUMENTAL
MEF-V3-DIC-0087,Definición de Module,0,0,0,SIN_ALIAS_DOCUMENTAL
MEF-V3-DIC-0088,Dependencias circulares,1,0,4,CONTROLADO
MEF-V3-DIC-0089,Dependencias entre Modules,0,0,0,SIN_ALIAS_DOCUMENTAL
MEF-V3-DIC-0090,Dependencias permitidas,0,0,0,SIN_ALIAS_DOCUMENTAL
MEF-V3-DIC-0091,Dependencias prohibidas,0,0,0,SIN_ALIAS_DOCUMENTAL
MEF-V3-DIC-0092,Dependency Injection,0,0,0,SIN_ALIAS_DOCUMENTAL
MEF-V3-DIC-0093,Dependency Injection (DI),0,0,0,SIN_ALIAS_DOCUMENTAL
MEF-V3-DIC-0094,DI-001,0,0,0,SIN_ALIAS_DOCUMENTAL
MEF-V3-DIC-0095,DI-002,0,0,0,SIN_ALIAS_DOCUMENTAL
MEF-V3-DIC-0096,DI-003,0,0,0,SIN_ALIAS_DOCUMENTAL
MEF-V3-DIC-0097,DI-004,0,0,0,SIN_ALIAS_DOCUMENTAL
MEF-V3-DIC-0098,Dirección de dependencias,0,0,0,SIN_ALIAS_DOCUMENTAL
MEF-V3-DIC-0099,Duplicación transversal,0,0,0,SIN_ALIAS_DOCUMENTAL
MEF-V3-DIC-0100,El Package,0,0,0,SIN_ALIAS_DOCUMENTAL
MEF-V3-DIC-0101,El Packaging,0,0,0,SIN_ALIAS_DOCUMENTAL
MEF-V3-DIC-0102,El paquete,0,0,0,SIN_ALIAS_DOCUMENTAL
MEF-V3-DIC-0103,El Template Engine,0,0,0,SIN_ALIAS_DOCUMENTAL
MEF-V3-DIC-0104,Esta estructura,0,0,0,SIN_ALIAS_DOCUMENTAL
MEF-V3-DIC-0105,Estrategias,0,0,0,SIN_ALIAS_DOCUMENTAL
MEF-V3-DIC-0106,Evolución,0,0,0,SIN_ALIAS_DOCUMENTAL
MEF-V3-DIC-0107,Filosofía,0,0,0,SIN_ALIAS_DOCUMENTAL
MEF-V3-DIC-0108,Flujo de Generación,0,0,0,SIN_ALIAS_DOCUMENTAL
MEF-V3-DIC-0109,ID,0,0,0,SIN_ALIAS_DOCUMENTAL
MEF-V3-DIC-0110,Implementación interna,0,0,0,SIN_ALIAS_DOCUMENTAL
MEF-V3-DIC-0111,Instalación,0,0,0,SIN_ALIAS_DOCUMENTAL
MEF-V3-DIC-0112,Instalación y desinstalación,0,0,0,SIN_ALIAS_DOCUMENTAL
MEF-V3-DIC-0113,Integridad,0,0,0,SIN_ALIAS_DOCUMENTAL
MEF-V3-DIC-0114,Invariantes Arquitectónicos,0,0,0,SIN_ALIAS_DOCUMENTAL
MEF-V3-DIC-0115,Inventory,0,0,0,SIN_ALIAS_DOCUMENTAL
MEF-V3-DIC-0116,Jerarquía,0,0,0,SIN_ALIAS_DOCUMENTAL
MEF-V3-DIC-0117,La Configuration,0,0,0,SIN_ALIAS_DOCUMENTAL
MEF-V3-DIC-0118,La Dependency Injection,0,0,0,SIN_ALIAS_DOCUMENTAL
MEF-V3-DIC-0119,Manifest,0,0,0,SIN_ALIAS_DOCUMENTAL
MEF-V3-DIC-0120,Modelo Arquitectónico,0,0,0,SIN_ALIAS_DOCUMENTAL
MEF-V3-DIC-0121,Modelo de Generación,0,0,0,SIN_ALIAS_DOCUMENTAL
MEF-V3-DIC-0122,Module,0,0,0,SIN_ALIAS_DOCUMENTAL
MEF-V3-DIC-0123,Module monolítico,0,0,0,SIN_ALIAS_DOCUMENTAL
MEF-V3-DIC-0124,Modules,1,0,473,CONTROLADO
MEF-V3-DIC-0125,Modules de dominio,0,0,0,SIN_ALIAS_DOCUMENTAL
MEF-V3-DIC-0126,Modules de integración,0,0,0,SIN_ALIAS_DOCUMENTAL
MEF-V3-DIC-0127,Modules técnicos,0,0,0,SIN_ALIAS_DOCUMENTAL
MEF-V3-DIC-0128,No,0,0,0,SIN_ALIAS_DOCUMENTAL
MEF-V3-DIC-0129,No responsabilidades,0,0,0,SIN_ALIAS_DOCUMENTAL
MEF-V3-DIC-0130,Observabilidad,0,0,0,SIN_ALIAS_DOCUMENTAL
MEF-V3-DIC-0131,Package,0,0,0,SIN_ALIAS_DOCUMENTAL
MEF-V3-DIC-0132,Packaging,0,0,0,SIN_ALIAS_DOCUMENTAL
MEF-V3-DIC-0133,paquete,0,0,0,SIN_ALIAS_DOCUMENTAL
MEF-V3-DIC-0134,Plantillas,0,0,0,SIN_ALIAS_DOCUMENTAL
MEF-V3-DIC-0135,Políticas de Configuración,0,0,0,SIN_ALIAS_DOCUMENTAL
MEF-V3-DIC-0136,Pruebas,0,0,0,SIN_ALIAS_DOCUMENTAL
MEF-V3-DIC-0137,Puntos de extensión,0,0,0,SIN_ALIAS_DOCUMENTAL
MEF-V3-DIC-0138,qué,0,0,0,SIN_ALIAS_DOCUMENTAL
MEF-V3-DIC-0139,qué necesitan,0,0,0,SIN_ALIAS_DOCUMENTAL
MEF-V3-DIC-0140,Reglas de Diseño,0,0,0,SIN_ALIAS_DOCUMENTAL
MEF-V3-DIC-0141,Relación con otros componentes,0,0,0,SIN_ALIAS_DOCUMENTAL
MEF-V3-DIC-0142,Resolución,0,0,0,SIN_ALIAS_DOCUMENTAL
MEF-V3-DIC-0143,Riesgos Arquitectónicos,0,0,0,SIN_ALIAS_DOCUMENTAL
MEF-V3-DIC-0144,Sales,0,0,0,SIN_ALIAS_DOCUMENTAL
MEF-V3-DIC-0145,Seguridad,0,0,0,SIN_ALIAS_DOCUMENTAL
MEF-V3-DIC-0146,Su responsabilidad,0,0,0,SIN_ALIAS_DOCUMENTAL
MEF-V3-DIC-0147,Sustitución,0,0,0,SIN_ALIAS_DOCUMENTAL
MEF-V3-DIC-0148,Template Engine,0,0,0,SIN_ALIAS_DOCUMENTAL
MEF-V3-DIC-0149,Tipología Oficial,0,0,0,SIN_ALIAS_DOCUMENTAL
MEF-V3-DIC-0150,Tipos de Configuración,0,0,0,SIN_ALIAS_DOCUMENTAL
MEF-V3-DIC-0151,Un Contract,0,0,0,SIN_ALIAS_DOCUMENTAL
MEF-V3-DIC-0152,Un Module,0,0,0,SIN_ALIAS_DOCUMENTAL
MEF-V3-DIC-0153,Validación,0,0,0,SIN_ALIAS_DOCUMENTAL
MEF-V3-DIC-0154,Variables,0,0,0,SIN_ALIAS_DOCUMENTAL
MEF-V3-DIC-0155,Versionado,0,0,0,SIN_ALIAS_DOCUMENTAL
MEF-V3-DIC-0156,Alcance del producto,0,0,0,SIN_ALIAS_DOCUMENTAL
MEF-V3-DIC-0157,arquitectura del Framework,0,0,0,SIN_ALIAS_DOCUMENTAL
MEF-V3-DIC-0158,Aspiración,0,0,0,SIN_ALIAS_DOCUMENTAL
MEF-V3-DIC-0159,Beneficiarios,0,0,0,SIN_ALIAS_DOCUMENTAL
MEF-V3-DIC-0160,Carta del Proyecto,0,0,0,SIN_ALIAS_DOCUMENTAL
MEF-V3-DIC-0161,Compromisos,1,0,9,CONTROLADO
MEF-V3-DIC-0162,Comunidad,0,0,0,SIN_ALIAS_DOCUMENTAL
MEF-V3-DIC-0163,Conocimiento,0,0,0,SIN_ALIAS_DOCUMENTAL
MEF-V3-DIC-0164,Constituye el documento fundacional del Framework y,0,0,0,SIN_ALIAS_DOCUMENTAL
MEF-V3-DIC-0165,Criterios de cumplimiento,0,0,0,SIN_ALIAS_DOCUMENTAL
MEF-V3-DIC-0166,Criterios de éxito,0,0,0,SIN_ALIAS_DOCUMENTAL
MEF-V3-DIC-0167,Declaración,0,0,0,SIN_ALIAS_DOCUMENTAL
MEF-V3-DIC-0168,Declaración de Misión,0,0,0,SIN_ALIAS_DOCUMENTAL
MEF-V3-DIC-0169,Declaración de Visión,0,0,0,SIN_ALIAS_DOCUMENTAL
MEF-V3-DIC-0170,Ecosistema,0,0,0,SIN_ALIAS_DOCUMENTAL
MEF-V3-DIC-0171,Ecosistema documental,0,0,0,SIN_ALIAS_DOCUMENTAL
MEF-V3-DIC-0172,FND-000,0,0,0,SIN_ALIAS_DOCUMENTAL
MEF-V3-DIC-0173,FND-001,0,0,0,SIN_ALIAS_DOCUMENTAL
MEF-V3-DIC-0174,FND-002,0,0,0,SIN_ALIAS_DOCUMENTAL
MEF-V3-DIC-0175,Gobernanza,0,0,0,SIN_ALIAS_DOCUMENTAL
MEF-V3-DIC-0176,Herramientas,0,0,0,SIN_ALIAS_DOCUMENTAL
MEF-V3-DIC-0177,Horizonte,0,0,0,SIN_ALIAS_DOCUMENTAL
MEF-V3-DIC-0178,Impacto esperado,0,0,0,SIN_ALIAS_DOCUMENTAL
MEF-V3-DIC-0179,Indicadores de éxito,0,0,0,SIN_ALIAS_DOCUMENTAL
MEF-V3-DIC-0180,La arquitectura del Framework,0,0,0,SIN_ALIAS_DOCUMENTAL
MEF-V3-DIC-0181,La Carta del Proyecto,0,0,0,SIN_ALIAS_DOCUMENTAL
MEF-V3-DIC-0182,La misión,0,0,0,SIN_ALIAS_DOCUMENTAL
MEF-V3-DIC-0183,La misión de MEF,0,0,0,SIN_ALIAS_DOCUMENTAL
MEF-V3-DIC-0184,La visión,0,0,0,SIN_ALIAS_DOCUMENTAL
MEF-V3-DIC-0185,La visión de MEF,0,0,0,SIN_ALIAS_DOCUMENTAL
MEF-V3-DIC-0186,MEF,0,0,0,SIN_ALIAS_DOCUMENTAL
MEF-V3-DIC-0187,MEF (Modular Enterprise Framework),0,0,0,SIN_ALIAS_DOCUMENTAL
MEF-V3-DIC-0188,MEF no,0,0,0,SIN_ALIAS_DOCUMENTAL
MEF-V3-DIC-0189,Misión,0,0,0,SIN_ALIAS_DOCUMENTAL
MEF-V3-DIC-0190,misión de MEF,0,0,0,SIN_ALIAS_DOCUMENTAL
MEF-V3-DIC-0191,Motivación,0,0,0,SIN_ALIAS_DOCUMENTAL
MEF-V3-DIC-0192,Nuestra misión,0,0,0,SIN_ALIAS_DOCUMENTAL
MEF-V3-DIC-0193,Objetivos,0,0,0,SIN_ALIAS_DOCUMENTAL
MEF-V3-DIC-0194,Objetivos estratégicos,0,0,0,SIN_ALIAS_DOCUMENTAL
MEF-V3-DIC-0195,Principios de actuación,0,0,0,SIN_ALIAS_DOCUMENTAL
MEF-V3-DIC-0196,Principios de evolución,0,0,0,SIN_ALIAS_DOCUMENTAL
MEF-V3-DIC-0197,Principios fundamentales,0,0,0,SIN_ALIAS_DOCUMENTAL
MEF-V3-DIC-0198,Relación con la Visión,0,0,0,SIN_ALIAS_DOCUMENTAL
MEF-V3-DIC-0199,Su propósito,0,0,0,SIN_ALIAS_DOCUMENTAL
MEF-V3-DIC-0200,Visión,0,0,0,SIN_ALIAS_DOCUMENTAL
MEF-V3-DIC-0201,visión de MEF,0,0,0,SIN_ALIAS_DOCUMENTAL
MEF-V3-DIC-0202,¿Qué es MEF?,0,0,0,SIN_ALIAS_DOCUMENTAL
MEF-V3-DIC-0203,Áreas de actuación,0,0,0,SIN_ALIAS_DOCUMENTAL
