capa,fuente_id,archivo,lineas_escaneadas,candidatos_brutos_extraidos,sha256,escaneada
ARQ,ARQ-000,ARQ-000-ARQUITECTURA_GENERAL.md,26,0,6cc524d537eb9ee938de3ae7e66354964d81208a9768713d535f9397c8f73bd5,SI
ARQ,ARQ-001,ARQ-001-VISION_ARQUITECTONICA.md,26,0,61bc30b8529a3249035c63967f2a47da011d840f546ba80df961d99c2c90ec36,SI
ARQ,ARQ-002,ARQ-002-CORE.md,27,0,ca0be809b9bcffe04ebce00fe24d76784fb4f0b4473f7f658afd7a0e378f6c5f,SI
ARQ,ARQ-003,ARQ-003-PLATFORM.md,27,0,8620aa57aa309e458fa8ce4707ddc531b219d85b9182a10e020fe1a5b59d0d16,SI
ARQ,ARQ-004,ARQ-004-MODULES.md,715,61,eba944f94f8f72f26f9030a74b618392b6075816555b7a52ce82f5ea3bcfdd1a,SI
ARQ,ARQ-005,ARQ-005-KERNEL.md,27,0,a26180d0dd0227c35191f09ddee192c8de4956c7dbd11eac13bc9f58480a52b5,SI
ARQ,ARQ-006,ARQ-006-REGISTRY.md,26,0,ca065680f55e320b2e2496e2e3a1d1d0f991fd146cfc178da93806c085bba1ce,SI
ARQ,ARQ-007,ARQ-007-SERVICE_CONTAINER.md,27,0,c976899a82097d4629cc694c320b3265b3648aff1e2a7386f4acff6a139588a4,SI
ARQ,ARQ-008,ARQ-008-EVENT_BUS.md,26,0,eedf252e1a6c79569b8a292ad42318353a5edce7fd021fd255c20085751a40a9,SI
ARQ,ARQ-009,ARQ-009-BUILDERS.md,26,0,8fdfb1c7e82447b046e58aa23b8713aa7788834c3ef80076dd33d98575edf139,SI
ARQ,ARQ-010,ARQ-010-TEMPLATE_ENGINE.md,285,34,4ba7e513a2edaac907e08ef939936f13152aa602c3642f6cd578af303af159ae,SI
ARQ,ARQ-011,ARQ-011-CONTRACTS.md,284,41,62681d2bc7fde74fbe76281e818051eb54bb119ad7bce0f4544b5d9ceb679fc5,SI
ARQ,ARQ-012,ARQ-012-DEPENDENCY_INJECTION.md,268,41,e8941d0c085a72ff74265a1bfa32f05dd95fb54a14079940b8a134aa2dd96ad2,SI
ARQ,ARQ-013,ARQ-013-CONFIGURATION.md,316,43,774ac347e90562b15867103a67c25ae5d97760d366a331e8bf2e70cd1568bfca,SI
ARQ,ARQ-014,ARQ-014-FRAMEWORK_LIFECYCLE.md,27,0,5952559d8fc0893e4f6af30fdcc846203c8765adff27ee3ec403b1c616f58fb1,SI
ARQ,ARQ-015,ARQ-015-EXTENSION_MODEL.md,27,0,b454f0edb80733f7866d776dfa0ebe1b2920e7ac62a162da192f1c2afceb1576,SI
ARQ,ARQ-016,ARQ-016-SECURITY.md,27,0,6c619fb0eb2066602df9e8d5d9598855e3f1f036d0549a87d9538f89ae1aa712,SI
ARQ,ARQ-017,ARQ-017-PACKAGING.md,304,39,2a7197aa3df06101c328e37d57a4af97f48cd4d67adce677efcc706405768a83,SI
ENG,ENG-000,ENG-000-INGENIERIA_GENERAL.md,839,108,f7effc342bb0289be7ee51a4074200303c478a026c9650a3054ac65b5fcb1356,SI
ENG,ENG-001,ENG-001-ORGANIZACION_DEL_CODIGO.md,1080,96,fc150ddc7336eaa6fb2484189e67a2258b25d3fb1869988cb32eb3ce3cdbc449,SI
ENG,ENG-002,ENG-002-ESPECIFICACION_DE_MODULES.md,1170,119,cebd04e0f84dce8b25dcbb8ecb3ff73fc3954b9536925aec10dbbbd841939a32,SI
ENG,ENG-003,ENG-003-MANIFEST.md,1423,125,41e1be96f4ef73f5f44479d65d730a72b2c9b5bffb8200622b6e293ee55e7530,SI
ENG,ENG-004,ENG-004-CONVENCIONES.md,1593,137,bce391b034fdfc2d732f6b92d441537b29e0968ccc8ae1f712dfee8fe78b53ba,SI
ENG,ENG-005,ENG-005-NOMENCLATURA.md,2561,197,28945d9abf90db5206515126ff00c895514cdf4e2ad1d7de8e9662508cb14a96,SI
ENG,ENG-006,ENG-006-ESTRUCTURA_DE_DIRECTORIOS.md,1677,171,2d532cc8ccac9e1964e6560335e45fbb037ab532187c38c796337c92d88d83f1,SI
ENG,ENG-007,ENG-007-CLI.md,1598,138,9d3211168fa53890f21c61c1d78e0cb52a81d836a10a5cabb3f6393eb70e5ed4,SI
ENG,ENG-008,ENG-008-GENERADORES.md,1503,146,4c864fbb168595605705c0e05f81774da0a41721faf6940d9c6b8c777b7ef655,SI
ENG,ENG-009,ENG-009-TESTING.md,1797,171,5a51ea0314726e6457ef77c60eb8b2fe4a80adb85920b6d477da4cacff752967,SI
ENG,ENG-010,ENG-010-LOGGING.md,1826,177,2bd28abc5005716f432e6dc83267a09fd5d0bbb67a5c98d66c5de7c20a3e877a,SI
ENG,ENG-011,ENG-011-CONFIGURATION_FILES.md,2536,224,b87b67b0b4c10b6b9b3b5ed6d4624d8b368349449d63b5f8d727a0e72e5b1e88,SI
ENG,ENG-012,ENG-012-BUILD_SYSTEM.md,1873,169,81aa8546d9c042a74e15aca7c85d53d589b1c7eb8e1cce506cbbdbf45dd8a205,SI
ENG,ENG-013,ENG-013-PACKAGE_MANAGER.md,3046,259,8ee7ade2e829f6dc468f8631a2e3ecbfa63ad420eafb6ae3188f38d8d5e6278d,SI
ENG,ENG-014,ENG-014-VERSIONADO.md,2781,269,b548cb84e23aaf79575732be6c98ba5605489bca018686ee361d68f2c69a2418,SI
ENG,ENG-015,ENG-015-ARCHITECTURAL_STATE_MACHINE.md,3185,327,6ee14e593ecde498ea508f5832789403fc7855685ffb1186e24d31eae207275e,SI
ENG,ENG-016,ENG-016-COMPATIBILITY.md,3297,277,53cd3f9a7bcf4c2cfa7a4d2505dc2f366ee560b455259b02d2da891a906ec0de,SI
ENG,ENG-017,ENG-017-RELEASE_PROCESS.md,3312,357,036991ba80ba0e95955f4a2fd5f35859edf17d04195124c4c279364192b2160f,SI
ENG,ENG-018,ENG-018-DEPENDENCY_INJECTION.md,3039,284,0a7d26d91bc9c50b855203f56560c67053c71a96cbf1cb6a9ef8695ca4e39b0e,SI
ENG,ENG-019,ENG-019-SERVICE_CONTAINER.md,2812,290,f84744230801ec27bba78066464ac3335831091c5bbad9300d11a13eebed6189,SI
ENG,ENG-020,ENG-020-REGISTRY_ENGINNEERING.md,3234,338,7b5d832b4476095795e9e0b309e1b36fae47ed69d0e0178fe154a4ffd98cd5bf,SI
ENG,ENG-021,ENG-021-CONTRACTS_ENGINNEERING.md,3293,366,b9fc8508c759ca5a5cf34dfdbed860afdc833154122fc5180910209cf9ad75c1,SI
ENG,ENG-022,ENG-022-EVENT_BUS_ENGINNEERING.md,3525,389,17cbc3246deadb7dbf20441fb41ed64f0e1260eb6b2941237f91383efa3a2b6d,SI
ENG,ENG-023,ENG-023-ERROR_HANDLING.md,3419,375,bde26d317429b971d06c77333f51a23659aeafdeae0ad6b9ec603cbfaee06d20,SI
ENG,ENG-024,ENG-024-SECURITY_ENGINEERING.md,4156,446,d3b9e978dc70b06f4bc755e9ddbd58bec258b453b4d15e1bfcc54380ca76ddb5,SI
ENG,ENG-025,ENG-025-OBSERVABILITY_ENGINEERING.md,3279,365,885af02d47de3b6e49ca9c0106387e794c7421a7b0f6b86f1a2c31b891f51d1a,SI
ENG,ENG-026,ENG-026-RUNTIME_PERFORMANCE_ENGINEERING.md,3550,377,e319dad3ecb695a992dde3a818c85e3d284fa6cdeb490202201a2127091c6c94,SI
ENG,ENG-027,ENG-027-RUNTIME_ENGINEERING.md,3777,385,c0ad3ff016f9b6daa6170594304b48baf9fc79e0c0302a5d332a9cde45406bd5,SI
ENG,ENG-028,ENG-028-MODULE_ENGINEERING.md,3453,395,b413528ffecc12d869059db2d7dce8588ac29136bd1f6415d73ce7b3bd8c64d7,SI
ENG,ENG-029,ENG-029-EXTENSION_ENGINEERING.md,2651,289,35bf661626824857be4a62365097f67b314ffbef1f25900b9a9070d26b0585c5,SI
ENG,ENG-030,ENG-030-PERSISTENCE_ENGINEERING.md,3097,366,36067a59e6980c2239b908a4ad5ee32264003c90ec73835ace587ec5e7709cd5,SI
ENG,ENG-031,ENG-031-SERIALIZATION_ENGINEERING.md,3268,383,b5197b699fd0cfbd3d88d336978b0eff88b075cb3d0d930f6e3f64e4b79cda0e,SI
ENG,ENG-032,ENG-032-TRANSPORT_ENGINEERING.md,3282,387,20f0e26e26f16d404fd2723ac7f4854871adcf611eb54cea55fcee9504d0db63,SI
ENG,ENG-033,ENG-033-INTERFACE_ENGINEERING.md,1783,12,ed7ed1f623d818d371b5a29f85ebe365de779a660ed09527c2ff7305feb76fc5,SI
ENG,ENG-034,ENG-034-APPLICATION_ENGINEERING.md,3050,363,69915583b05c3ccbe5a846387c4312a3faf8eb7b78564e94e1c2876bd634b39a,SI
ENG,ENG-035,ENG-035-DOMAIN_ENGINEERING.md,3554,426,09c2df86169c4fbf01bc0258d7fdfa65fd9c385378b67c9e095a90b519dfd83b,SI
ENG,ENG-036,ENG-036-VALIDATION_ENGINEERING.md,3010,347,60fd175495fd4709cb1fdb23e4a2165e3b4876a003240b005060eb5e20b96880,SI
ENG,ENG-037,ENG-037-CACHING_ENGINEERING.md,3287,378,19ad5cdac4a3388367bd5856c6666e9e4f5445e9e8ed7db67df2778522c7bab8,SI
ENG,ENG-038,ENG-038-CONCURRENCY_ENGINEERING.md,3306,392,f828e542d241df9db3372226cb82129c1606406ae14534771b325912ec5ac713,SI
ENG,ENG-039,ENG-039-RESILIENCE_ENGINEERING.md,3212,365,cb06a8ab6827a574dc9934504b0ff0ef0d3dd4ff49899b095562b8e177ef01a5,SI
ENG,ENG-040,ENG-040-SCHEDULING_BACKGROUND_JOBS_ENGINEERING.md,4201,486,b25dbf75747c4a4744d574becf7a4ba702042db9b6d225a21a51b295a76e1a6f,SI
ENG,ENG-041,ENG-041-MESSAGING_ENGINEERING.md,4163,450,dcae988e4b0cc1cd6e1627bc1b2d3d3b59bb103621247c7b51582c8d05714401,SI
ENG,ENG-042,ENG-042-TRANSACTION_ENGINEERING.md,3414,381,d5f1392f458e6543060a01b6687b6f1e0a4fa25d48e170dc696c24d39c0ddd6f,SI
ENG,ENG-043,ENG-043-DATA_ACCESS_ENGINEERING.md,3643,402,d3f5569c0a3281284bfde0738dd122de9d4272ee6915dc961f6843f12f58a820,SI
ENG,ENG-044,ENG-044-API_ENGINEERING.md,4241,467,01e6bb77f6db101167e34d4e5d0bb8f562539d4eda5073fd973641cb5b89706c,SI
ENG,ENG-045,ENG-045-AUTHENTICATION_ENGINEERING.md,3927,442,de0d9aa276151edd9a24871ad68eac69f66144004e709537c13da59daac6679c,SI
ENG,ENG-046,ENG-046-AUTHORIZATION_ENGINEERING.md,3999,420,7ad4a711c1a31cf19486e9591223812ad6a5fab078a8743e395779e11e890bed,SI
ENG,ENG-047,ENG-047-IDENTITY_ACCESS_MANAGEMENT_ENGINEERING.md,4061,418,d5a954121ea889843f8681b54b42caea971d75c1232ca87d552bb51871a1a7f3,SI
ENG,ENG-048,ENG-048-MULTI_TENANCY_ENGINEERING.md,3526,380,eb015673cd19356a3809613b6a7624bccaeb39dfa04122ab35a9491b661ef4a6,SI
ENG,ENG-049,ENG-049-CONFIGURATION_MANAGEMENT_ENGINEERING.md,3517,368,e056f0bd2b760b8ce7d6949c63280a5b1f5743513eb0e4ee3d8ff0e247751389,SI
ENG,ENG-050,ENG-050-FEATURE_MANAGEMENT_ENGINEERING.md,3064,299,f544bc91fc2815fae5ebed9ab451f7f22f2ac94d15309ee26bcc770c9d3cdd93,SI
ENG,ENG-051,ENG-051-POLICY_ENGINEERING.md,3153,314,d07ece3b1d024293185094d32518b086ea7dbc2f2569830f47dd7f4e46f0c2a0,SI
ENG,ENG-052,ENG-052-WORKFLOW_ENGINEERING.md,3603,362,cec08be43c31dc7ec67526d45b04faf0fdf594320edddded7e28e655b0e4a6d3,SI
ENG,ENG-053,ENG-053-STATE_MANAGEMENT_ENGINEERING.md,3177,331,7708d65830302970bbbc257348418959415e53a7a4814a22272533943138bf78,SI
ENG,ENG-054,ENG-054-RESOURCE_MANAGEMENT_ENGINEERING.md,3378,337,6429e1aea3ca4482c3a1272fccc31babec69b39e41e381f0af4eeccd03d7d0d8,SI
ENG,ENG-055,ENG-055-LIFECYCLE_MANAGEMENT_ENGINEERING.md,3382,331,2eead27e5d1a549f6942ce88c7bbbc74c9e47be68edc95d9c285918b3c245755,SI
ENG,ENG-056,ENG-056-CONTEXT_MANAGEMENT_ENGINEERING.md,3155,320,d8b748686d4e531cb1d333cb18d534b00ad8be8587da0cb13e813d0ac43f4023,SI
ENG,ENG-057,ENG-057-METADATA_ENGINEERING.md,3148,306,34d2ba64ca37aed7a7ddaf555d67368172fc04dc70e32fd9d9fa2a205415cb4c,SI
ENG,ENG-058,ENG-058-DISCOVERY_ENGINEERING.md,2501,219,67b76ddc475b37cbd74e759f0734acabc5760d4f9e7f09426ba9e32c4ee9b891,SI
ENG,ENG-059,ENG-059-RESOLUTION_ENGINEERING.md,2779,226,1d49f845c1c6d8dbe83dc12c7b15e5bdebfa3aec3dc7fd58082b80cc4453611b,SI
ENG,ENG-060,ENG-060-PLUGIN_ENGINEERING.md,3293,295,b872de095eaec426189c7fcdeb0ab470140c8bd76e5421105cdac645878cf7a4,SI
ENG,ENG-061,ENG-061-INTEROPERABILITY_ENGINEERING.md,2951,298,9f76c82d9693349a54c7d142a435204cfa428efb9b4a873a66bcd13e437d5fb5,SI
ENG,ENG-062,ENG-062-SCHEMA_ENGINEERING.md,3014,295,731bc9e0dd06033b923a2e0038378318e3ac472047a90d9da36471916aa2ecaf,SI
ENG,ENG-063,ENG-063-DATA_TRANSFORMATION_ENGINEERING.md,2987,267,d19fddbf8d2d92556370996de478e865a3413c157120785d35cd22f9bc64e22e,SI
ENG,ENG-064,ENG-064-DATA_PIPELINE_ENGINEERING.md,3309,319,39c1157bf4de800a92635d56ab8697f9543824db21ec8c09557351bac10a1785,SI
ENG,ENG-065,ENG-065-MIGRATION_ENGINEERING.md,3310,327,f115ba25d8256091a49e521268ba2f727b136347033fec2600ec87a09ff6da86,SI
ENG,ENG-066,ENG-066-UPGRADE_ENGINEERING.md,3037,295,1455d5a8e47ff7b76a00fa6b9773f6cb7d3ad32cb4d169c54738256cc9eb1120,SI
ENG,ENG-067,ENG-067-DEPLOYMENT_ENGINEERING.md,3264,306,9f03d0e5c95dbd331f1317c0c752e6079a4da1daa9f985064ad2fb437137ebf8,SI
ENG,ENG-068,ENG-068-ENVIRONMENT_ENGINEERING.md,3110,294,97525d0382624dba3745b6eaa12f905ccaacdb97665ff617ac61782ec07a89b2,SI
ENG,ENG-069,ENG-069-HEALTH_READINESS_ENGINEERING.md,3077,306,d8b4e1898fa777d9bae7e769cccee92305f0355592ddc8df4558b89cd10583e6,SI
ENG,ENG-070,ENG-070-PERFORMANCE_ENGINEERING.md,3208,300,3b26e287f9726b8dde96631b1dd899e703d985a0a4562e5970433f05bb37f5aa,SI
ENG,ENG-071,ENG-071-CAPACITY_ENGINEERING.md,3814,370,2529aa8d0718ab47831f7afb32f0b5bfa7e2845dd9792393bb74d1d9eea00619,SI
ENG,ENG-072,ENG-072-SCALABILITY_ENGINEERING.md,3432,325,1488ff984c3c7f338dfae61ce65d34dc951fb45edbfe02c00cb836b19b863ae3,SI
ENG,ENG-073,ENG-073-AVAILABILITY_ENGINEERING.md,3473,339,4b55c736a7f3e87cb574ae0118c3bab0b432d6cca48d6e4e619e2bd512c98f3f,SI
ENG,ENG-074,ENG-074-RELIABILITY_ENGINEERING.md,3393,321,d8e9c72f2ab50098ee51314ff34291b5c6de8c2ff42c1dae077d8dcb50358942,SI
ENG,ENG-075,ENG-075-MAINTAINABILITY_ENGINEERING.md,3621,354,971272bf44bfef45762f96ae7d5f8aa86f2568047d1b203e1142e789238d1663,SI
ENG,ENG-076,ENG-076-RECOVERABILITY_ENGINEERING.md,3909,371,aa534c3de335d6a30d457a2150543034fdae78f2066d7c534d93abeda5f525f5,SI
ENG,ENG-077,ENG-077-DURABILITY_ENGINEERING.md,3696,371,9d6b3d950ba2b5b07d1bdef11b52d8c7641f44cf2e34ade4cd57a8999d08df27,SI
ENG,ENG-078,ENG-078-CONSISTENCY_ENGINEERING.md,3723,373,d92d8bc7ff2c6074b102afa7fd51aae3ecaa52a09e2cf70f68529d0fa0d794ce,SI
ENG,ENG-079,ENG-079-DATA_INTEGRITY_ENGINEERING.md,3988,391,4f13fbd848349fc8bd382a8e59b5573b167cb11d7953a53b016198483dae21fe,SI
ENG,ENG-080,ENG-080-DATA_QUALITY_ENGINEERING.md,4084,381,6162b101b6049abb58371bfd559ae0b3bf1c2126f9cc73b5716944755f9ea805,SI
ENG,ENG-081,ENG-081-DATA_GOVERNANCE_ENGINEERING.md,4570,419,3868054537c1f9ee9fe30db93a2835a511c116b9150564e179d87cc2c74d0f72,SI
ENG,ENG-082,ENG-082-DATA_PRIVACY_ENGINEERING.md,3355,323,c864bc6883c78c770cb45a0a59b2f419883cf8ccf911063bb4cbb108ba9295ee,SI
ENG,ENG-083,ENG-083-DATA_COMPLIANCE_ENGINEERING.md,3217,283,f37916ebcbd24645f8d5c49a7813d1b62cf5b682ec012604b435853cb4dd8fb2,SI
ENG,ENG-084,ENG-084-DATA_ETHICS_ENGINEERING.md,3509,320,3fd4430a334c55b92c38c0becde0abba6f675a035a097b89247a2b4996f265da,SI
ENG,ENG-085,ENG-085-DATA_TRUST_ENGINEERING.md,3613,331,e7030b0e2d870546bdc29a9ce39f4da96f84d5f1cf078fad9392f3a98e555ec7,SI
ENG,ENG-086,ENG-086-DATA_PRODUCT_ENGINEERING.md,1744,88,98864b84bca89cfc6b0769779c4f654e0410caed8ada303c4b0552aee13b5cb0,SI
ENG,ENG-087,ENG-087-DATA_EXCHANGE_SHARING_ENGINEERING.md,1409,95,ae9dc7e4ed4858d049ded34bdc679d01770a5fc686ff158ad97c7efc6388386e,SI
ENG,ENG-088,ENG-088-DATA_FEDERATION_ENGINEERING.md,2058,128,dff70432543c76659fc82cbaf5d576f795b8f5ed438671f0998797516d4049ac,SI
ENG,ENG-089,ENG-089-DATA_LINEAGE_PROVENANCE_ENGINEERING.md,1199,89,f50aabb3ef8ddee3dc745c3d691072d5af17d1d0fdb1d8e448c7bda9b37bbdd2,SI
ENG,ENG-090,ENG-090-DATA_CATALOG_ENGINEERING.md,2086,128,94a1a04326f824422f8ae3212cf20ec3d197afb1d1c029fa609187f8d73f26a1,SI
ENG,ENG-091,ENG-091-DATA_DISCOVERY_CLASSIFICATION_ENGINEERING.md,2079,146,98c3fdf294ffa1a97e38932bf48407ebe7959077c177c6478f4da16443c4fcb9,SI
ENG,ENG-092,ENG-092-DATA_RETENTION_DISPOSAL_ENGINEERING.md,2018,142,27bd10b5a98c0d1f27cb704ac93ab61fcb4fb8af720e66711086eaa0de020019,SI
ENG,ENG-093,ENG-093-DATA_ARCHIVAL_PRESERVATION_ENGINEERING.md,1463,164,14a1a0fad64264af66b8c1a0ba3a8763ef0d8589b48a7118aab4c67f15ea1fba,SI
ENG,ENG-094,ENG-094-DATA_PORTABILITY_ENGINEERING.md,1976,138,ec240e15ee8cdbaa22fc6e29c6ff5a43ea6e18d65982fcfb82488ac0b782c7d8,SI
ENG,ENG-095,ENG-095-DATA_SYNCHRONIZATION_ENGINEERING.md,700,4,edcde07725a2bac93ef06be7284c5a20c405291848eef92272e64ffd3cf50bf3,SI
ENG,ENG-096,ENG-096-DATA_REPLICATION_ENGINEERING.md,730,4,8012cabf243388b65d73c1065b7a8ae23991b7d9917bea3315db350f52230867,SI
ENG,ENG-097,ENG-097-DATA_PARTITIONING_SHARDING_ENGINEERING.md,707,4,0fef01ab001863af9e3291a3ce7c12ea6c0da8f4d6c8948cddf51da2ab599643,SI
ENG,ENG-098,ENG-098-DATA_DISTRIBUTION_ENGINEERING.md,699,4,2d093a7eb45835e6c7b0468cf0bd6d287fef4140dec40c80ce6d14d0006bddea,SI
ENG,ENG-099,ENG-099-DATA_LOCALIZATION_RESIDENCY_ENGINEERING.md,779,4,6f4bc7d84ec4b58a6822f03927513e28c7108f3c01256bb66d0c8af8b279759d,SI
ENG,ENG-100,ENG-100-DATA_LIFECYCLE_ORCHESTRATION_ENGINEERING.md,1122,69,e811e17d4c352f6cb6e83676856106b2250abe4bbef675626d892441561bead4,SI
FND,FND-000,FND-000-Carta_del_Proyecto.md,228,23,3a70a7e543c58316ccdc6f8c9fa42aa80bc84aeabc45843410c352baadc94c37,SI
FND,FND-001,FND-001-VISION.md,177,17,aeb28ce89f793c64d69000cc6b227dac581c589f4a2cce3762841ca9cd4b6ed4,SI
FND,FND-002,FND-02-MISION.md,162,19,7125c98d034e172f6cc7d6d0a34c9fa06e3f3b3df9e7d65686e1f132ed912be4,SI
FND,FND-003,FND-03-VALORES.md,26,0,308f420992e17542c04faa36df583af95eff6dc7047cae6aab98018842c821f1,SI
FND,FND-004,FND-04-PRINCIPIOS_DE_ARQUITECTURA.md,28,0,d6bf7eb1ffc1578a414a483d3fa1cb8c03a72c07e43ca7ae927ce7ab79a5695c,SI
FND,FND-005,FND-05-LENGUAJE_OFICIAL_DE_MEF.md,23,0,29f3fce241d382322c161ae300c41cf6e1f58660d1d9e82ebead51a2d40a534c,SI
FND,FND-006,FND-06-GOBERNANZA_TECNICA.md,27,0,977fbbce79a609bb3596d077c6ec3ece7d73a70fcc9c4cf0e4c734504696e5f1,SI
FND,FND-007,FND-07-MANIFIESTO_DE_INGENIERIA_DE_DESARROLLO.md,25,0,9bb4c15ca47be88edca986a1f1b4786657b33beee9517d1809400946c8041544,SI
FND,FND-008,FND-08-DECALOGO_DEL_DESARROLLADOR.md,25,0,5885cc03a5336f6c2d706434e7e2e4f7f0db725d259a0fe777651168094bc8a2,SI
FND,FND-009,FND-09-FILOSOFIA_DE_DISENO.md,25,0,b6efe093c69d38a226e75f2497e8cf3fb47cbbf613821f3b54b0cfe910f6ea0a,SI
FND,FND-010,FND-10-ARBOL_DE_DECISIONES.md,25,0,17f187eb3f91c50b866893407896d2da75b27d735ac5863e0fcb990b9dce47af,SI
FND,FND-011,FND-11-DOCTRINA_DE_ARQUITECTURA.md,25,0,724565ade64bb93291794317a6d05edb07a07743c85e022f8d7f2734c6177ab0,SI
FND,FND-012,FND-12-CONSTITUCION_DE_MEF.md,25,0,04621e38cd50e724cbd95b19f77b87807f620b73f6e3b0261f5ed7401b74d280,SI
FND,FND-013,FND-13-INDEPENDENCIA_DEL_FRAMEWORK.md,28,0,547515b0f59d8ceef5fe9314f98290a5c2d71340fc4062c169ee52799bde05e6,SI
FND,FND-014,FND-014-GUIA_EDITORIAL.md,23,0,4b92f28d573e393c7026359dde40db13aaa6f5673a1257f0eddeda180a7a3c4c,SI
