capa,fuente_id,archivo,conceptos_vinculados,ids_mef_v3,apariciones
ARQ,ARQ-000,ARQ-000-ARQUITECTURA_GENERAL.md,4,MEF-V3-DIC-0109;MEF-V3-DIC-0172;MEF-V3-DIC-0186;MEF-V3-DIC-0200,5
ARQ,ARQ-001,ARQ-001-VISION_ARQUITECTONICA.md,4,MEF-V3-DIC-0052;MEF-V3-DIC-0109;MEF-V3-DIC-0186;MEF-V3-DIC-0200,6
ARQ,ARQ-002,ARQ-002-CORE.md,3,MEF-V3-DIC-0052;MEF-V3-DIC-0109;MEF-V3-DIC-0186,3
ARQ,ARQ-003,ARQ-003-PLATFORM.md,3,MEF-V3-DIC-0052;MEF-V3-DIC-0109;MEF-V3-DIC-0186,3
ARQ,ARQ-004,ARQ-004-MODULES.md,66,MEF-V3-DIC-0001;MEF-V3-DIC-0003;MEF-V3-DIC-0004;MEF-V3-DIC-0005;MEF-V3-DIC-0006;MEF-V3-DIC-0007;MEF-V3-DIC-0008;MEF-V3-DIC-0009;MEF-V3-DIC-0010;MEF-V3-DIC-0049;MEF-V3-DIC-0050;MEF-V3-DIC-0051;MEF-V3-DIC-0052;MEF-V3-DIC-0060;MEF-V3-DIC-0067;MEF-V3-DIC-0068;MEF-V3-DIC-0069;MEF-V3-DIC-0070;MEF-V3-DIC-0071;MEF-V3-DIC-0073;MEF-V3-DIC-0075;MEF-V3-DIC-0076;MEF-V3-DIC-0084;MEF-V3-DIC-0086;MEF-V3-DIC-0087;MEF-V3-DIC-0088;MEF-V3-DIC-0089;MEF-V3-DIC-0090;MEF-V3-DIC-0091;MEF-V3-DIC-0098;MEF-V3-DIC-0099;MEF-V3-DIC-0104;MEF-V3-DIC-0105;MEF-V3-DIC-0106;MEF-V3-DIC-0109;MEF-V3-DIC-0110;MEF-V3-DIC-0111;MEF-V3-DIC-0112;MEF-V3-DIC-0113;MEF-V3-DIC-0114;MEF-V3-DIC-0115;MEF-V3-DIC-0119;MEF-V3-DIC-0122;MEF-V3-DIC-0123;MEF-V3-DIC-0124;MEF-V3-DIC-0125;MEF-V3-DIC-0126;MEF-V3-DIC-0127;MEF-V3-DIC-0128;MEF-V3-DIC-0129;MEF-V3-DIC-0130;MEF-V3-DIC-0136;MEF-V3-DIC-0137;MEF-V3-DIC-0138;MEF-V3-DIC-0141;MEF-V3-DIC-0143;MEF-V3-DIC-0144;MEF-V3-DIC-0145;MEF-V3-DIC-0152;MEF-V3-DIC-0155;MEF-V3-DIC-0167;MEF-V3-DIC-0175;MEF-V3-DIC-0186;MEF-V3-DIC-0187;MEF-V3-DIC-0193;MEF-V3-DIC-0200,301
ARQ,ARQ-005,ARQ-005-KERNEL.md,3,MEF-V3-DIC-0052;MEF-V3-DIC-0109;MEF-V3-DIC-0186,3
ARQ,ARQ-006,ARQ-006-REGISTRY.md,3,MEF-V3-DIC-0052;MEF-V3-DIC-0109;MEF-V3-DIC-0186,3
ARQ,ARQ-007,ARQ-007-SERVICE_CONTAINER.md,5,MEF-V3-DIC-0054;MEF-V3-DIC-0055;MEF-V3-DIC-0092;MEF-V3-DIC-0109;MEF-V3-DIC-0186,5
ARQ,ARQ-008,ARQ-008-EVENT_BUS.md,3,MEF-V3-DIC-0052;MEF-V3-DIC-0109;MEF-V3-DIC-0186,3
ARQ,ARQ-009,ARQ-009-BUILDERS.md,5,MEF-V3-DIC-0053;MEF-V3-DIC-0054;MEF-V3-DIC-0055;MEF-V3-DIC-0109;MEF-V3-DIC-0186,5
ARQ,ARQ-010,ARQ-010-TEMPLATE_ENGINE.md,41,MEF-V3-DIC-0011;MEF-V3-DIC-0012;MEF-V3-DIC-0013;MEF-V3-DIC-0014;MEF-V3-DIC-0015;MEF-V3-DIC-0016;MEF-V3-DIC-0017;MEF-V3-DIC-0018;MEF-V3-DIC-0053;MEF-V3-DIC-0054;MEF-V3-DIC-0056;MEF-V3-DIC-0058;MEF-V3-DIC-0068;MEF-V3-DIC-0069;MEF-V3-DIC-0071;MEF-V3-DIC-0075;MEF-V3-DIC-0084;MEF-V3-DIC-0103;MEF-V3-DIC-0107;MEF-V3-DIC-0108;MEF-V3-DIC-0109;MEF-V3-DIC-0114;MEF-V3-DIC-0119;MEF-V3-DIC-0121;MEF-V3-DIC-0124;MEF-V3-DIC-0128;MEF-V3-DIC-0130;MEF-V3-DIC-0134;MEF-V3-DIC-0141;MEF-V3-DIC-0143;MEF-V3-DIC-0146;MEF-V3-DIC-0148;MEF-V3-DIC-0153;MEF-V3-DIC-0154;MEF-V3-DIC-0163;MEF-V3-DIC-0167;MEF-V3-DIC-0175;MEF-V3-DIC-0186;MEF-V3-DIC-0187;MEF-V3-DIC-0193;MEF-V3-DIC-0199,106
ARQ,ARQ-011,ARQ-011-CONTRACTS.md,48,MEF-V3-DIC-0019;MEF-V3-DIC-0020;MEF-V3-DIC-0021;MEF-V3-DIC-0022;MEF-V3-DIC-0023;MEF-V3-DIC-0024;MEF-V3-DIC-0025;MEF-V3-DIC-0026;MEF-V3-DIC-0054;MEF-V3-DIC-0055;MEF-V3-DIC-0068;MEF-V3-DIC-0069;MEF-V3-DIC-0075;MEF-V3-DIC-0077;MEF-V3-DIC-0078;MEF-V3-DIC-0079;MEF-V3-DIC-0080;MEF-V3-DIC-0081;MEF-V3-DIC-0082;MEF-V3-DIC-0083;MEF-V3-DIC-0084;MEF-V3-DIC-0092;MEF-V3-DIC-0106;MEF-V3-DIC-0107;MEF-V3-DIC-0109;MEF-V3-DIC-0114;MEF-V3-DIC-0120;MEF-V3-DIC-0124;MEF-V3-DIC-0128;MEF-V3-DIC-0129;MEF-V3-DIC-0130;MEF-V3-DIC-0136;MEF-V3-DIC-0138;MEF-V3-DIC-0140;MEF-V3-DIC-0141;MEF-V3-DIC-0142;MEF-V3-DIC-0143;MEF-V3-DIC-0147;MEF-V3-DIC-0149;MEF-V3-DIC-0151;MEF-V3-DIC-0155;MEF-V3-DIC-0161;MEF-V3-DIC-0167;MEF-V3-DIC-0175;MEF-V3-DIC-0186;MEF-V3-DIC-0187;MEF-V3-DIC-0193;MEF-V3-DIC-0199,152
ARQ,ARQ-012,ARQ-012-DEPENDENCY_INJECTION.md,46,MEF-V3-DIC-0027;MEF-V3-DIC-0028;MEF-V3-DIC-0029;MEF-V3-DIC-0030;MEF-V3-DIC-0031;MEF-V3-DIC-0032;MEF-V3-DIC-0033;MEF-V3-DIC-0054;MEF-V3-DIC-0055;MEF-V3-DIC-0056;MEF-V3-DIC-0067;MEF-V3-DIC-0069;MEF-V3-DIC-0071;MEF-V3-DIC-0072;MEF-V3-DIC-0075;MEF-V3-DIC-0084;MEF-V3-DIC-0085;MEF-V3-DIC-0092;MEF-V3-DIC-0093;MEF-V3-DIC-0094;MEF-V3-DIC-0095;MEF-V3-DIC-0096;MEF-V3-DIC-0097;MEF-V3-DIC-0105;MEF-V3-DIC-0106;MEF-V3-DIC-0107;MEF-V3-DIC-0109;MEF-V3-DIC-0114;MEF-V3-DIC-0118;MEF-V3-DIC-0120;MEF-V3-DIC-0128;MEF-V3-DIC-0129;MEF-V3-DIC-0130;MEF-V3-DIC-0136;MEF-V3-DIC-0138;MEF-V3-DIC-0139;MEF-V3-DIC-0141;MEF-V3-DIC-0142;MEF-V3-DIC-0143;MEF-V3-DIC-0147;MEF-V3-DIC-0151;MEF-V3-DIC-0167;MEF-V3-DIC-0186;MEF-V3-DIC-0187;MEF-V3-DIC-0193;MEF-V3-DIC-0199,126
ARQ,ARQ-013,ARQ-013-CONFIGURATION.md,57,MEF-V3-DIC-0034;MEF-V3-DIC-0035;MEF-V3-DIC-0036;MEF-V3-DIC-0037;MEF-V3-DIC-0038;MEF-V3-DIC-0039;MEF-V3-DIC-0040;MEF-V3-DIC-0041;MEF-V3-DIC-0053;MEF-V3-DIC-0055;MEF-V3-DIC-0056;MEF-V3-DIC-0061;MEF-V3-DIC-0062;MEF-V3-DIC-0063;MEF-V3-DIC-0064;MEF-V3-DIC-0065;MEF-V3-DIC-0066;MEF-V3-DIC-0068;MEF-V3-DIC-0069;MEF-V3-DIC-0071;MEF-V3-DIC-0075;MEF-V3-DIC-0076;MEF-V3-DIC-0084;MEF-V3-DIC-0092;MEF-V3-DIC-0105;MEF-V3-DIC-0106;MEF-V3-DIC-0107;MEF-V3-DIC-0109;MEF-V3-DIC-0114;MEF-V3-DIC-0116;MEF-V3-DIC-0117;MEF-V3-DIC-0118;MEF-V3-DIC-0120;MEF-V3-DIC-0122;MEF-V3-DIC-0124;MEF-V3-DIC-0128;MEF-V3-DIC-0129;MEF-V3-DIC-0130;MEF-V3-DIC-0135;MEF-V3-DIC-0138;MEF-V3-DIC-0141;MEF-V3-DIC-0142;MEF-V3-DIC-0143;MEF-V3-DIC-0145;MEF-V3-DIC-0148;MEF-V3-DIC-0150;MEF-V3-DIC-0153;MEF-V3-DIC-0155;MEF-V3-DIC-0157;MEF-V3-DIC-0163;MEF-V3-DIC-0167;MEF-V3-DIC-0175;MEF-V3-DIC-0180;MEF-V3-DIC-0186;MEF-V3-DIC-0187;MEF-V3-DIC-0193;MEF-V3-DIC-0199,150
ARQ,ARQ-014,ARQ-014-FRAMEWORK_LIFECYCLE.md,4,MEF-V3-DIC-0055;MEF-V3-DIC-0067;MEF-V3-DIC-0109;MEF-V3-DIC-0186,4
ARQ,ARQ-015,ARQ-015-EXTENSION_MODEL.md,6,MEF-V3-DIC-0052;MEF-V3-DIC-0054;MEF-V3-DIC-0067;MEF-V3-DIC-0109;MEF-V3-DIC-0124;MEF-V3-DIC-0186,7
ARQ,ARQ-016,ARQ-016-SECURITY.md,6,MEF-V3-DIC-0054;MEF-V3-DIC-0056;MEF-V3-DIC-0057;MEF-V3-DIC-0067;MEF-V3-DIC-0109;MEF-V3-DIC-0186,6
ARQ,ARQ-017,ARQ-017-PACKAGING.md,48,MEF-V3-DIC-0002;MEF-V3-DIC-0042;MEF-V3-DIC-0043;MEF-V3-DIC-0044;MEF-V3-DIC-0045;MEF-V3-DIC-0046;MEF-V3-DIC-0047;MEF-V3-DIC-0048;MEF-V3-DIC-0052;MEF-V3-DIC-0054;MEF-V3-DIC-0056;MEF-V3-DIC-0057;MEF-V3-DIC-0059;MEF-V3-DIC-0068;MEF-V3-DIC-0069;MEF-V3-DIC-0071;MEF-V3-DIC-0074;MEF-V3-DIC-0075;MEF-V3-DIC-0076;MEF-V3-DIC-0084;MEF-V3-DIC-0100;MEF-V3-DIC-0101;MEF-V3-DIC-0102;MEF-V3-DIC-0107;MEF-V3-DIC-0109;MEF-V3-DIC-0111;MEF-V3-DIC-0113;MEF-V3-DIC-0114;MEF-V3-DIC-0119;MEF-V3-DIC-0120;MEF-V3-DIC-0122;MEF-V3-DIC-0124;MEF-V3-DIC-0128;MEF-V3-DIC-0130;MEF-V3-DIC-0131;MEF-V3-DIC-0132;MEF-V3-DIC-0133;MEF-V3-DIC-0138;MEF-V3-DIC-0141;MEF-V3-DIC-0143;MEF-V3-DIC-0153;MEF-V3-DIC-0155;MEF-V3-DIC-0167;MEF-V3-DIC-0170;MEF-V3-DIC-0186;MEF-V3-DIC-0187;MEF-V3-DIC-0193;MEF-V3-DIC-0199,135
ENG,ENG-000,ENG-000-INGENIERIA_GENERAL.md,42,MEF-V3-DIC-0052;MEF-V3-DIC-0053;MEF-V3-DIC-0056;MEF-V3-DIC-0057;MEF-V3-DIC-0068;MEF-V3-DIC-0069;MEF-V3-DIC-0071;MEF-V3-DIC-0075;MEF-V3-DIC-0084;MEF-V3-DIC-0098;MEF-V3-DIC-0105;MEF-V3-DIC-0106;MEF-V3-DIC-0109;MEF-V3-DIC-0113;MEF-V3-DIC-0114;MEF-V3-DIC-0119;MEF-V3-DIC-0122;MEF-V3-DIC-0124;MEF-V3-DIC-0128;MEF-V3-DIC-0130;MEF-V3-DIC-0131;MEF-V3-DIC-0132;MEF-V3-DIC-0136;MEF-V3-DIC-0138;MEF-V3-DIC-0142;MEF-V3-DIC-0145;MEF-V3-DIC-0146;MEF-V3-DIC-0148;MEF-V3-DIC-0152;MEF-V3-DIC-0153;MEF-V3-DIC-0155;MEF-V3-DIC-0157;MEF-V3-DIC-0163;MEF-V3-DIC-0167;MEF-V3-DIC-0175;MEF-V3-DIC-0176;MEF-V3-DIC-0180;MEF-V3-DIC-0186;MEF-V3-DIC-0187;MEF-V3-DIC-0189;MEF-V3-DIC-0193;MEF-V3-DIC-0200,193
ENG,ENG-001,ENG-001-ORGANIZACION_DEL_CODIGO.md,33,MEF-V3-DIC-0050;MEF-V3-DIC-0052;MEF-V3-DIC-0054;MEF-V3-DIC-0068;MEF-V3-DIC-0069;MEF-V3-DIC-0075;MEF-V3-DIC-0084;MEF-V3-DIC-0088;MEF-V3-DIC-0090;MEF-V3-DIC-0091;MEF-V3-DIC-0098;MEF-V3-DIC-0106;MEF-V3-DIC-0109;MEF-V3-DIC-0110;MEF-V3-DIC-0119;MEF-V3-DIC-0122;MEF-V3-DIC-0124;MEF-V3-DIC-0128;MEF-V3-DIC-0136;MEF-V3-DIC-0138;MEF-V3-DIC-0145;MEF-V3-DIC-0146;MEF-V3-DIC-0147;MEF-V3-DIC-0151;MEF-V3-DIC-0152;MEF-V3-DIC-0153;MEF-V3-DIC-0163;MEF-V3-DIC-0167;MEF-V3-DIC-0176;MEF-V3-DIC-0186;MEF-V3-DIC-0187;MEF-V3-DIC-0193;MEF-V3-DIC-0199,274
ENG,ENG-002,ENG-002-ESPECIFICACION_DE_MODULES.md,43,MEF-V3-DIC-0050;MEF-V3-DIC-0052;MEF-V3-DIC-0054;MEF-V3-DIC-0056;MEF-V3-DIC-0057;MEF-V3-DIC-0067;MEF-V3-DIC-0068;MEF-V3-DIC-0071;MEF-V3-DIC-0075;MEF-V3-DIC-0084;MEF-V3-DIC-0088;MEF-V3-DIC-0089;MEF-V3-DIC-0100;MEF-V3-DIC-0104;MEF-V3-DIC-0106;MEF-V3-DIC-0109;MEF-V3-DIC-0110;MEF-V3-DIC-0111;MEF-V3-DIC-0113;MEF-V3-DIC-0115;MEF-V3-DIC-0119;MEF-V3-DIC-0120;MEF-V3-DIC-0122;MEF-V3-DIC-0124;MEF-V3-DIC-0128;MEF-V3-DIC-0130;MEF-V3-DIC-0131;MEF-V3-DIC-0132;MEF-V3-DIC-0136;MEF-V3-DIC-0138;MEF-V3-DIC-0144;MEF-V3-DIC-0145;MEF-V3-DIC-0146;MEF-V3-DIC-0151;MEF-V3-DIC-0152;MEF-V3-DIC-0153;MEF-V3-DIC-0155;MEF-V3-DIC-0167;MEF-V3-DIC-0170;MEF-V3-DIC-0175;MEF-V3-DIC-0176;MEF-V3-DIC-0186;MEF-V3-DIC-0187,407
ENG,ENG-003,ENG-003-MANIFEST.md,33,MEF-V3-DIC-0052;MEF-V3-DIC-0054;MEF-V3-DIC-0057;MEF-V3-DIC-0068;MEF-V3-DIC-0069;MEF-V3-DIC-0071;MEF-V3-DIC-0075;MEF-V3-DIC-0084;MEF-V3-DIC-0100;MEF-V3-DIC-0101;MEF-V3-DIC-0106;MEF-V3-DIC-0109;MEF-V3-DIC-0111;MEF-V3-DIC-0113;MEF-V3-DIC-0119;MEF-V3-DIC-0122;MEF-V3-DIC-0124;MEF-V3-DIC-0128;MEF-V3-DIC-0129;MEF-V3-DIC-0131;MEF-V3-DIC-0132;MEF-V3-DIC-0137;MEF-V3-DIC-0138;MEF-V3-DIC-0145;MEF-V3-DIC-0152;MEF-V3-DIC-0153;MEF-V3-DIC-0155;MEF-V3-DIC-0163;MEF-V3-DIC-0167;MEF-V3-DIC-0170;MEF-V3-DIC-0176;MEF-V3-DIC-0186;MEF-V3-DIC-0199,346
ENG,ENG-004,ENG-004-CONVENCIONES.md,40,MEF-V3-DIC-0050;MEF-V3-DIC-0052;MEF-V3-DIC-0054;MEF-V3-DIC-0055;MEF-V3-DIC-0056;MEF-V3-DIC-0057;MEF-V3-DIC-0061;MEF-V3-DIC-0067;MEF-V3-DIC-0068;MEF-V3-DIC-0069;MEF-V3-DIC-0071;MEF-V3-DIC-0075;MEF-V3-DIC-0084;MEF-V3-DIC-0088;MEF-V3-DIC-0092;MEF-V3-DIC-0106;MEF-V3-DIC-0109;MEF-V3-DIC-0111;MEF-V3-DIC-0119;MEF-V3-DIC-0122;MEF-V3-DIC-0124;MEF-V3-DIC-0128;MEF-V3-DIC-0130;MEF-V3-DIC-0131;MEF-V3-DIC-0132;MEF-V3-DIC-0136;MEF-V3-DIC-0138;MEF-V3-DIC-0145;MEF-V3-DIC-0147;MEF-V3-DIC-0151;MEF-V3-DIC-0153;MEF-V3-DIC-0154;MEF-V3-DIC-0155;MEF-V3-DIC-0163;MEF-V3-DIC-0167;MEF-V3-DIC-0176;MEF-V3-DIC-0186;MEF-V3-DIC-0187;MEF-V3-DIC-0188;MEF-V3-DIC-0199,244
ENG,ENG-005,ENG-005-NOMENCLATURA.md,43,MEF-V3-DIC-0052;MEF-V3-DIC-0054;MEF-V3-DIC-0056;MEF-V3-DIC-0057;MEF-V3-DIC-0061;MEF-V3-DIC-0068;MEF-V3-DIC-0069;MEF-V3-DIC-0071;MEF-V3-DIC-0075;MEF-V3-DIC-0084;MEF-V3-DIC-0092;MEF-V3-DIC-0103;MEF-V3-DIC-0106;MEF-V3-DIC-0109;MEF-V3-DIC-0115;MEF-V3-DIC-0116;MEF-V3-DIC-0119;MEF-V3-DIC-0122;MEF-V3-DIC-0124;MEF-V3-DIC-0125;MEF-V3-DIC-0128;MEF-V3-DIC-0130;MEF-V3-DIC-0131;MEF-V3-DIC-0132;MEF-V3-DIC-0134;MEF-V3-DIC-0136;MEF-V3-DIC-0138;MEF-V3-DIC-0145;MEF-V3-DIC-0146;MEF-V3-DIC-0148;MEF-V3-DIC-0152;MEF-V3-DIC-0153;MEF-V3-DIC-0154;MEF-V3-DIC-0155;MEF-V3-DIC-0163;MEF-V3-DIC-0167;MEF-V3-DIC-0170;MEF-V3-DIC-0176;MEF-V3-DIC-0186;MEF-V3-DIC-0187;MEF-V3-DIC-0188;MEF-V3-DIC-0193;MEF-V3-DIC-0199,359
ENG,ENG-006,ENG-006-ESTRUCTURA_DE_DIRECTORIOS.md,39,MEF-V3-DIC-0050;MEF-V3-DIC-0052;MEF-V3-DIC-0057;MEF-V3-DIC-0069;MEF-V3-DIC-0071;MEF-V3-DIC-0075;MEF-V3-DIC-0084;MEF-V3-DIC-0098;MEF-V3-DIC-0103;MEF-V3-DIC-0104;MEF-V3-DIC-0106;MEF-V3-DIC-0109;MEF-V3-DIC-0111;MEF-V3-DIC-0113;MEF-V3-DIC-0115;MEF-V3-DIC-0119;MEF-V3-DIC-0122;MEF-V3-DIC-0124;MEF-V3-DIC-0128;MEF-V3-DIC-0131;MEF-V3-DIC-0132;MEF-V3-DIC-0134;MEF-V3-DIC-0136;MEF-V3-DIC-0138;MEF-V3-DIC-0144;MEF-V3-DIC-0145;MEF-V3-DIC-0146;MEF-V3-DIC-0148;MEF-V3-DIC-0152;MEF-V3-DIC-0153;MEF-V3-DIC-0155;MEF-V3-DIC-0163;MEF-V3-DIC-0167;MEF-V3-DIC-0175;MEF-V3-DIC-0176;MEF-V3-DIC-0186;MEF-V3-DIC-0187;MEF-V3-DIC-0193;MEF-V3-DIC-0199,368
ENG,ENG-007,ENG-007-CLI.md,26,MEF-V3-DIC-0057;MEF-V3-DIC-0068;MEF-V3-DIC-0069;MEF-V3-DIC-0071;MEF-V3-DIC-0075;MEF-V3-DIC-0084;MEF-V3-DIC-0107;MEF-V3-DIC-0109;MEF-V3-DIC-0111;MEF-V3-DIC-0113;MEF-V3-DIC-0119;MEF-V3-DIC-0122;MEF-V3-DIC-0124;MEF-V3-DIC-0128;MEF-V3-DIC-0131;MEF-V3-DIC-0132;MEF-V3-DIC-0136;MEF-V3-DIC-0138;MEF-V3-DIC-0145;MEF-V3-DIC-0153;MEF-V3-DIC-0155;MEF-V3-DIC-0167;MEF-V3-DIC-0176;MEF-V3-DIC-0186;MEF-V3-DIC-0187;MEF-V3-DIC-0193,335
ENG,ENG-008,ENG-008-GENERADORES.md,31,MEF-V3-DIC-0053;MEF-V3-DIC-0054;MEF-V3-DIC-0068;MEF-V3-DIC-0071;MEF-V3-DIC-0075;MEF-V3-DIC-0084;MEF-V3-DIC-0100;MEF-V3-DIC-0103;MEF-V3-DIC-0107;MEF-V3-DIC-0109;MEF-V3-DIC-0111;MEF-V3-DIC-0113;MEF-V3-DIC-0114;MEF-V3-DIC-0119;MEF-V3-DIC-0122;MEF-V3-DIC-0124;MEF-V3-DIC-0128;MEF-V3-DIC-0130;MEF-V3-DIC-0131;MEF-V3-DIC-0134;MEF-V3-DIC-0136;MEF-V3-DIC-0138;MEF-V3-DIC-0142;MEF-V3-DIC-0145;MEF-V3-DIC-0148;MEF-V3-DIC-0151;MEF-V3-DIC-0153;MEF-V3-DIC-0167;MEF-V3-DIC-0186;MEF-V3-DIC-0187;MEF-V3-DIC-0193,252
ENG,ENG-009,ENG-009-TESTING.md,34,MEF-V3-DIC-0007;MEF-V3-DIC-0052;MEF-V3-DIC-0054;MEF-V3-DIC-0057;MEF-V3-DIC-0068;MEF-V3-DIC-0069;MEF-V3-DIC-0071;MEF-V3-DIC-0075;MEF-V3-DIC-0084;MEF-V3-DIC-0106;MEF-V3-DIC-0109;MEF-V3-DIC-0113;MEF-V3-DIC-0114;MEF-V3-DIC-0119;MEF-V3-DIC-0122;MEF-V3-DIC-0124;MEF-V3-DIC-0128;MEF-V3-DIC-0130;MEF-V3-DIC-0131;MEF-V3-DIC-0132;MEF-V3-DIC-0136;MEF-V3-DIC-0138;MEF-V3-DIC-0145;MEF-V3-DIC-0151;MEF-V3-DIC-0152;MEF-V3-DIC-0153;MEF-V3-DIC-0155;MEF-V3-DIC-0167;MEF-V3-DIC-0175;MEF-V3-DIC-0186;MEF-V3-DIC-0187;MEF-V3-DIC-0188;MEF-V3-DIC-0193;MEF-V3-DIC-0199,301
ENG,ENG-010,ENG-010-LOGGING.md,26,MEF-V3-DIC-0056;MEF-V3-DIC-0069;MEF-V3-DIC-0071;MEF-V3-DIC-0075;MEF-V3-DIC-0084;MEF-V3-DIC-0109;MEF-V3-DIC-0113;MEF-V3-DIC-0119;MEF-V3-DIC-0122;MEF-V3-DIC-0124;MEF-V3-DIC-0128;MEF-V3-DIC-0130;MEF-V3-DIC-0131;MEF-V3-DIC-0133;MEF-V3-DIC-0136;MEF-V3-DIC-0138;MEF-V3-DIC-0142;MEF-V3-DIC-0145;MEF-V3-DIC-0146;MEF-V3-DIC-0153;MEF-V3-DIC-0167;MEF-V3-DIC-0176;MEF-V3-DIC-0186;MEF-V3-DIC-0187;MEF-V3-DIC-0188;MEF-V3-DIC-0193,253
ENG,ENG-011,ENG-011-CONFIGURATION_FILES.md,41,MEF-V3-DIC-0056;MEF-V3-DIC-0057;MEF-V3-DIC-0061;MEF-V3-DIC-0062;MEF-V3-DIC-0063;MEF-V3-DIC-0064;MEF-V3-DIC-0065;MEF-V3-DIC-0066;MEF-V3-DIC-0069;MEF-V3-DIC-0071;MEF-V3-DIC-0075;MEF-V3-DIC-0084;MEF-V3-DIC-0088;MEF-V3-DIC-0109;MEF-V3-DIC-0111;MEF-V3-DIC-0113;MEF-V3-DIC-0117;MEF-V3-DIC-0119;MEF-V3-DIC-0120;MEF-V3-DIC-0122;MEF-V3-DIC-0124;MEF-V3-DIC-0128;MEF-V3-DIC-0130;MEF-V3-DIC-0131;MEF-V3-DIC-0132;MEF-V3-DIC-0136;MEF-V3-DIC-0138;MEF-V3-DIC-0139;MEF-V3-DIC-0142;MEF-V3-DIC-0145;MEF-V3-DIC-0151;MEF-V3-DIC-0152;MEF-V3-DIC-0153;MEF-V3-DIC-0154;MEF-V3-DIC-0155;MEF-V3-DIC-0167;MEF-V3-DIC-0175;MEF-V3-DIC-0186;MEF-V3-DIC-0187;MEF-V3-DIC-0188;MEF-V3-DIC-0193,673
ENG,ENG-012,ENG-012-BUILD_SYSTEM.md,33,MEF-V3-DIC-0053;MEF-V3-DIC-0057;MEF-V3-DIC-0068;MEF-V3-DIC-0071;MEF-V3-DIC-0075;MEF-V3-DIC-0084;MEF-V3-DIC-0091;MEF-V3-DIC-0107;MEF-V3-DIC-0109;MEF-V3-DIC-0111;MEF-V3-DIC-0113;MEF-V3-DIC-0117;MEF-V3-DIC-0119;MEF-V3-DIC-0122;MEF-V3-DIC-0128;MEF-V3-DIC-0131;MEF-V3-DIC-0132;MEF-V3-DIC-0136;MEF-V3-DIC-0138;MEF-V3-DIC-0142;MEF-V3-DIC-0145;MEF-V3-DIC-0148;MEF-V3-DIC-0153;MEF-V3-DIC-0154;MEF-V3-DIC-0155;MEF-V3-DIC-0163;MEF-V3-DIC-0167;MEF-V3-DIC-0170;MEF-V3-DIC-0176;MEF-V3-DIC-0186;MEF-V3-DIC-0187;MEF-V3-DIC-0188;MEF-V3-DIC-0193,244
ENG,ENG-013,ENG-013-PACKAGE_MANAGER.md,34,MEF-V3-DIC-0052;MEF-V3-DIC-0054;MEF-V3-DIC-0056;MEF-V3-DIC-0057;MEF-V3-DIC-0068;MEF-V3-DIC-0069;MEF-V3-DIC-0071;MEF-V3-DIC-0075;MEF-V3-DIC-0084;MEF-V3-DIC-0100;MEF-V3-DIC-0109;MEF-V3-DIC-0111;MEF-V3-DIC-0113;MEF-V3-DIC-0119;MEF-V3-DIC-0122;MEF-V3-DIC-0124;MEF-V3-DIC-0128;MEF-V3-DIC-0131;MEF-V3-DIC-0132;MEF-V3-DIC-0138;MEF-V3-DIC-0142;MEF-V3-DIC-0145;MEF-V3-DIC-0146;MEF-V3-DIC-0151;MEF-V3-DIC-0152;MEF-V3-DIC-0153;MEF-V3-DIC-0155;MEF-V3-DIC-0163;MEF-V3-DIC-0167;MEF-V3-DIC-0170;MEF-V3-DIC-0175;MEF-V3-DIC-0186;MEF-V3-DIC-0187;MEF-V3-DIC-0193,587
ENG,ENG-014,ENG-014-VERSIONADO.md,30,MEF-V3-DIC-0052;MEF-V3-DIC-0054;MEF-V3-DIC-0056;MEF-V3-DIC-0057;MEF-V3-DIC-0068;MEF-V3-DIC-0069;MEF-V3-DIC-0071;MEF-V3-DIC-0075;MEF-V3-DIC-0084;MEF-V3-DIC-0106;MEF-V3-DIC-0109;MEF-V3-DIC-0119;MEF-V3-DIC-0122;MEF-V3-DIC-0124;MEF-V3-DIC-0128;MEF-V3-DIC-0131;MEF-V3-DIC-0132;MEF-V3-DIC-0138;MEF-V3-DIC-0145;MEF-V3-DIC-0151;MEF-V3-DIC-0152;MEF-V3-DIC-0155;MEF-V3-DIC-0167;MEF-V3-DIC-0170;MEF-V3-DIC-0175;MEF-V3-DIC-0176;MEF-V3-DIC-0186;MEF-V3-DIC-0187;MEF-V3-DIC-0188;MEF-V3-DIC-0193,402
ENG,ENG-015,ENG-015-ARCHITECTURAL_STATE_MACHINE.md,29,MEF-V3-DIC-0052;MEF-V3-DIC-0054;MEF-V3-DIC-0056;MEF-V3-DIC-0057;MEF-V3-DIC-0068;MEF-V3-DIC-0069;MEF-V3-DIC-0071;MEF-V3-DIC-0075;MEF-V3-DIC-0084;MEF-V3-DIC-0100;MEF-V3-DIC-0109;MEF-V3-DIC-0117;MEF-V3-DIC-0119;MEF-V3-DIC-0122;MEF-V3-DIC-0124;MEF-V3-DIC-0128;MEF-V3-DIC-0130;MEF-V3-DIC-0131;MEF-V3-DIC-0132;MEF-V3-DIC-0136;MEF-V3-DIC-0138;MEF-V3-DIC-0152;MEF-V3-DIC-0153;MEF-V3-DIC-0155;MEF-V3-DIC-0167;MEF-V3-DIC-0186;MEF-V3-DIC-0187;MEF-V3-DIC-0188;MEF-V3-DIC-0193,347
ENG,ENG-016,ENG-016-COMPATIBILITY.md,32,MEF-V3-DIC-0050;MEF-V3-DIC-0052;MEF-V3-DIC-0054;MEF-V3-DIC-0056;MEF-V3-DIC-0057;MEF-V3-DIC-0068;MEF-V3-DIC-0069;MEF-V3-DIC-0071;MEF-V3-DIC-0075;MEF-V3-DIC-0084;MEF-V3-DIC-0106;MEF-V3-DIC-0109;MEF-V3-DIC-0111;MEF-V3-DIC-0117;MEF-V3-DIC-0119;MEF-V3-DIC-0122;MEF-V3-DIC-0124;MEF-V3-DIC-0128;MEF-V3-DIC-0131;MEF-V3-DIC-0132;MEF-V3-DIC-0138;MEF-V3-DIC-0144;MEF-V3-DIC-0145;MEF-V3-DIC-0151;MEF-V3-DIC-0152;MEF-V3-DIC-0155;MEF-V3-DIC-0167;MEF-V3-DIC-0170;MEF-V3-DIC-0176;MEF-V3-DIC-0186;MEF-V3-DIC-0187;MEF-V3-DIC-0193,364
ENG,ENG-017,ENG-017-RELEASE_PROCESS.md,29,MEF-V3-DIC-0054;MEF-V3-DIC-0057;MEF-V3-DIC-0068;MEF-V3-DIC-0069;MEF-V3-DIC-0071;MEF-V3-DIC-0075;MEF-V3-DIC-0084;MEF-V3-DIC-0106;MEF-V3-DIC-0109;MEF-V3-DIC-0111;MEF-V3-DIC-0113;MEF-V3-DIC-0119;MEF-V3-DIC-0122;MEF-V3-DIC-0128;MEF-V3-DIC-0131;MEF-V3-DIC-0132;MEF-V3-DIC-0136;MEF-V3-DIC-0138;MEF-V3-DIC-0142;MEF-V3-DIC-0145;MEF-V3-DIC-0153;MEF-V3-DIC-0154;MEF-V3-DIC-0155;MEF-V3-DIC-0167;MEF-V3-DIC-0170;MEF-V3-DIC-0186;MEF-V3-DIC-0187;MEF-V3-DIC-0188;MEF-V3-DIC-0193,251
ENG,ENG-018,ENG-018-DEPENDENCY_INJECTION.md,40,MEF-V3-DIC-0052;MEF-V3-DIC-0054;MEF-V3-DIC-0055;MEF-V3-DIC-0056;MEF-V3-DIC-0069;MEF-V3-DIC-0071;MEF-V3-DIC-0072;MEF-V3-DIC-0075;MEF-V3-DIC-0084;MEF-V3-DIC-0088;MEF-V3-DIC-0091;MEF-V3-DIC-0092;MEF-V3-DIC-0093;MEF-V3-DIC-0094;MEF-V3-DIC-0095;MEF-V3-DIC-0096;MEF-V3-DIC-0097;MEF-V3-DIC-0105;MEF-V3-DIC-0109;MEF-V3-DIC-0117;MEF-V3-DIC-0119;MEF-V3-DIC-0122;MEF-V3-DIC-0124;MEF-V3-DIC-0128;MEF-V3-DIC-0131;MEF-V3-DIC-0138;MEF-V3-DIC-0142;MEF-V3-DIC-0146;MEF-V3-DIC-0147;MEF-V3-DIC-0151;MEF-V3-DIC-0152;MEF-V3-DIC-0153;MEF-V3-DIC-0154;MEF-V3-DIC-0157;MEF-V3-DIC-0167;MEF-V3-DIC-0180;MEF-V3-DIC-0186;MEF-V3-DIC-0187;MEF-V3-DIC-0188;MEF-V3-DIC-0193,468
ENG,ENG-019,ENG-019-SERVICE_CONTAINER.md,31,MEF-V3-DIC-0052;MEF-V3-DIC-0054;MEF-V3-DIC-0055;MEF-V3-DIC-0056;MEF-V3-DIC-0068;MEF-V3-DIC-0069;MEF-V3-DIC-0071;MEF-V3-DIC-0072;MEF-V3-DIC-0075;MEF-V3-DIC-0084;MEF-V3-DIC-0092;MEF-V3-DIC-0100;MEF-V3-DIC-0109;MEF-V3-DIC-0116;MEF-V3-DIC-0117;MEF-V3-DIC-0122;MEF-V3-DIC-0124;MEF-V3-DIC-0128;MEF-V3-DIC-0131;MEF-V3-DIC-0136;MEF-V3-DIC-0138;MEF-V3-DIC-0142;MEF-V3-DIC-0145;MEF-V3-DIC-0151;MEF-V3-DIC-0152;MEF-V3-DIC-0163;MEF-V3-DIC-0167;MEF-V3-DIC-0186;MEF-V3-DIC-0187;MEF-V3-DIC-0188;MEF-V3-DIC-0193,369
ENG,ENG-020,ENG-020-REGISTRY_ENGINNEERING.md,34,MEF-V3-DIC-0052;MEF-V3-DIC-0054;MEF-V3-DIC-0055;MEF-V3-DIC-0056;MEF-V3-DIC-0068;MEF-V3-DIC-0069;MEF-V3-DIC-0071;MEF-V3-DIC-0075;MEF-V3-DIC-0084;MEF-V3-DIC-0092;MEF-V3-DIC-0100;MEF-V3-DIC-0109;MEF-V3-DIC-0113;MEF-V3-DIC-0119;MEF-V3-DIC-0122;MEF-V3-DIC-0124;MEF-V3-DIC-0128;MEF-V3-DIC-0131;MEF-V3-DIC-0132;MEF-V3-DIC-0138;MEF-V3-DIC-0142;MEF-V3-DIC-0145;MEF-V3-DIC-0146;MEF-V3-DIC-0151;MEF-V3-DIC-0152;MEF-V3-DIC-0153;MEF-V3-DIC-0155;MEF-V3-DIC-0163;MEF-V3-DIC-0167;MEF-V3-DIC-0186;MEF-V3-DIC-0187;MEF-V3-DIC-0188;MEF-V3-DIC-0193;MEF-V3-DIC-0200,398
ENG,ENG-021,ENG-021-CONTRACTS_ENGINNEERING.md,37,MEF-V3-DIC-0052;MEF-V3-DIC-0054;MEF-V3-DIC-0055;MEF-V3-DIC-0068;MEF-V3-DIC-0069;MEF-V3-DIC-0071;MEF-V3-DIC-0075;MEF-V3-DIC-0077;MEF-V3-DIC-0078;MEF-V3-DIC-0079;MEF-V3-DIC-0080;MEF-V3-DIC-0081;MEF-V3-DIC-0082;MEF-V3-DIC-0083;MEF-V3-DIC-0084;MEF-V3-DIC-0092;MEF-V3-DIC-0106;MEF-V3-DIC-0109;MEF-V3-DIC-0119;MEF-V3-DIC-0122;MEF-V3-DIC-0124;MEF-V3-DIC-0128;MEF-V3-DIC-0131;MEF-V3-DIC-0136;MEF-V3-DIC-0138;MEF-V3-DIC-0145;MEF-V3-DIC-0147;MEF-V3-DIC-0151;MEF-V3-DIC-0152;MEF-V3-DIC-0153;MEF-V3-DIC-0155;MEF-V3-DIC-0167;MEF-V3-DIC-0176;MEF-V3-DIC-0186;MEF-V3-DIC-0187;MEF-V3-DIC-0188;MEF-V3-DIC-0193,730
ENG,ENG-022,ENG-022-EVENT_BUS_ENGINNEERING.md,28,MEF-V3-DIC-0052;MEF-V3-DIC-0054;MEF-V3-DIC-0055;MEF-V3-DIC-0068;MEF-V3-DIC-0069;MEF-V3-DIC-0071;MEF-V3-DIC-0075;MEF-V3-DIC-0084;MEF-V3-DIC-0092;MEF-V3-DIC-0106;MEF-V3-DIC-0109;MEF-V3-DIC-0115;MEF-V3-DIC-0119;MEF-V3-DIC-0122;MEF-V3-DIC-0124;MEF-V3-DIC-0128;MEF-V3-DIC-0131;MEF-V3-DIC-0138;MEF-V3-DIC-0152;MEF-V3-DIC-0153;MEF-V3-DIC-0155;MEF-V3-DIC-0163;MEF-V3-DIC-0167;MEF-V3-DIC-0186;MEF-V3-DIC-0187;MEF-V3-DIC-0188;MEF-V3-DIC-0193;MEF-V3-DIC-0199,323
ENG,ENG-023,ENG-023-ERROR_HANDLING.md,29,MEF-V3-DIC-0052;MEF-V3-DIC-0054;MEF-V3-DIC-0055;MEF-V3-DIC-0069;MEF-V3-DIC-0071;MEF-V3-DIC-0075;MEF-V3-DIC-0077;MEF-V3-DIC-0084;MEF-V3-DIC-0092;MEF-V3-DIC-0094;MEF-V3-DIC-0109;MEF-V3-DIC-0113;MEF-V3-DIC-0116;MEF-V3-DIC-0119;MEF-V3-DIC-0122;MEF-V3-DIC-0124;MEF-V3-DIC-0128;MEF-V3-DIC-0131;MEF-V3-DIC-0138;MEF-V3-DIC-0142;MEF-V3-DIC-0151;MEF-V3-DIC-0152;MEF-V3-DIC-0153;MEF-V3-DIC-0155;MEF-V3-DIC-0167;MEF-V3-DIC-0186;MEF-V3-DIC-0187;MEF-V3-DIC-0188;MEF-V3-DIC-0193,294
ENG,ENG-024,ENG-024-SECURITY_ENGINEERING.md,31,MEF-V3-DIC-0052;MEF-V3-DIC-0054;MEF-V3-DIC-0055;MEF-V3-DIC-0069;MEF-V3-DIC-0071;MEF-V3-DIC-0075;MEF-V3-DIC-0084;MEF-V3-DIC-0092;MEF-V3-DIC-0100;MEF-V3-DIC-0109;MEF-V3-DIC-0111;MEF-V3-DIC-0113;MEF-V3-DIC-0117;MEF-V3-DIC-0119;MEF-V3-DIC-0122;MEF-V3-DIC-0124;MEF-V3-DIC-0128;MEF-V3-DIC-0131;MEF-V3-DIC-0138;MEF-V3-DIC-0145;MEF-V3-DIC-0146;MEF-V3-DIC-0151;MEF-V3-DIC-0152;MEF-V3-DIC-0153;MEF-V3-DIC-0154;MEF-V3-DIC-0155;MEF-V3-DIC-0167;MEF-V3-DIC-0186;MEF-V3-DIC-0187;MEF-V3-DIC-0188;MEF-V3-DIC-0199,491
ENG,ENG-025,ENG-025-OBSERVABILITY_ENGINEERING.md,24,MEF-V3-DIC-0069;MEF-V3-DIC-0071;MEF-V3-DIC-0075;MEF-V3-DIC-0084;MEF-V3-DIC-0092;MEF-V3-DIC-0109;MEF-V3-DIC-0110;MEF-V3-DIC-0115;MEF-V3-DIC-0119;MEF-V3-DIC-0122;MEF-V3-DIC-0124;MEF-V3-DIC-0128;MEF-V3-DIC-0130;MEF-V3-DIC-0131;MEF-V3-DIC-0138;MEF-V3-DIC-0145;MEF-V3-DIC-0146;MEF-V3-DIC-0153;MEF-V3-DIC-0155;MEF-V3-DIC-0167;MEF-V3-DIC-0176;MEF-V3-DIC-0186;MEF-V3-DIC-0187;MEF-V3-DIC-0188,361
ENG,ENG-026,ENG-026-RUNTIME_PERFORMANCE_ENGINEERING.md,21,MEF-V3-DIC-0069;MEF-V3-DIC-0071;MEF-V3-DIC-0075;MEF-V3-DIC-0084;MEF-V3-DIC-0088;MEF-V3-DIC-0092;MEF-V3-DIC-0109;MEF-V3-DIC-0119;MEF-V3-DIC-0122;MEF-V3-DIC-0124;MEF-V3-DIC-0128;MEF-V3-DIC-0131;MEF-V3-DIC-0136;MEF-V3-DIC-0138;MEF-V3-DIC-0142;MEF-V3-DIC-0152;MEF-V3-DIC-0155;MEF-V3-DIC-0167;MEF-V3-DIC-0186;MEF-V3-DIC-0188;MEF-V3-DIC-0193,259
ENG,ENG-027,ENG-027-RUNTIME_ENGINEERING.md,22,MEF-V3-DIC-0069;MEF-V3-DIC-0071;MEF-V3-DIC-0075;MEF-V3-DIC-0084;MEF-V3-DIC-0092;MEF-V3-DIC-0109;MEF-V3-DIC-0113;MEF-V3-DIC-0114;MEF-V3-DIC-0119;MEF-V3-DIC-0122;MEF-V3-DIC-0124;MEF-V3-DIC-0128;MEF-V3-DIC-0130;MEF-V3-DIC-0131;MEF-V3-DIC-0138;MEF-V3-DIC-0145;MEF-V3-DIC-0152;MEF-V3-DIC-0153;MEF-V3-DIC-0155;MEF-V3-DIC-0167;MEF-V3-DIC-0186;MEF-V3-DIC-0187,508
ENG,ENG-028,ENG-028-MODULE_ENGINEERING.md,25,MEF-V3-DIC-0050;MEF-V3-DIC-0052;MEF-V3-DIC-0054;MEF-V3-DIC-0069;MEF-V3-DIC-0071;MEF-V3-DIC-0075;MEF-V3-DIC-0084;MEF-V3-DIC-0092;MEF-V3-DIC-0100;MEF-V3-DIC-0106;MEF-V3-DIC-0109;MEF-V3-DIC-0115;MEF-V3-DIC-0119;MEF-V3-DIC-0122;MEF-V3-DIC-0124;MEF-V3-DIC-0128;MEF-V3-DIC-0131;MEF-V3-DIC-0138;MEF-V3-DIC-0152;MEF-V3-DIC-0153;MEF-V3-DIC-0155;MEF-V3-DIC-0167;MEF-V3-DIC-0186;MEF-V3-DIC-0187;MEF-V3-DIC-0188,916
ENG,ENG-029,ENG-029-EXTENSION_ENGINEERING.md,22,MEF-V3-DIC-0052;MEF-V3-DIC-0054;MEF-V3-DIC-0071;MEF-V3-DIC-0075;MEF-V3-DIC-0084;MEF-V3-DIC-0092;MEF-V3-DIC-0109;MEF-V3-DIC-0119;MEF-V3-DIC-0122;MEF-V3-DIC-0124;MEF-V3-DIC-0128;MEF-V3-DIC-0131;MEF-V3-DIC-0138;MEF-V3-DIC-0147;MEF-V3-DIC-0151;MEF-V3-DIC-0152;MEF-V3-DIC-0153;MEF-V3-DIC-0155;MEF-V3-DIC-0167;MEF-V3-DIC-0186;MEF-V3-DIC-0187;MEF-V3-DIC-0188,334
ENG,ENG-030,ENG-030-PERSISTENCE_ENGINEERING.md,24,MEF-V3-DIC-0050;MEF-V3-DIC-0052;MEF-V3-DIC-0054;MEF-V3-DIC-0071;MEF-V3-DIC-0075;MEF-V3-DIC-0084;MEF-V3-DIC-0092;MEF-V3-DIC-0105;MEF-V3-DIC-0106;MEF-V3-DIC-0109;MEF-V3-DIC-0113;MEF-V3-DIC-0119;MEF-V3-DIC-0122;MEF-V3-DIC-0124;MEF-V3-DIC-0128;MEF-V3-DIC-0131;MEF-V3-DIC-0138;MEF-V3-DIC-0152;MEF-V3-DIC-0153;MEF-V3-DIC-0155;MEF-V3-DIC-0167;MEF-V3-DIC-0186;MEF-V3-DIC-0187;MEF-V3-DIC-0188,343
ENG,ENG-031,ENG-031-SERIALIZATION_ENGINEERING.md,22,MEF-V3-DIC-0052;MEF-V3-DIC-0054;MEF-V3-DIC-0071;MEF-V3-DIC-0075;MEF-V3-DIC-0084;MEF-V3-DIC-0105;MEF-V3-DIC-0106;MEF-V3-DIC-0109;MEF-V3-DIC-0119;MEF-V3-DIC-0122;MEF-V3-DIC-0124;MEF-V3-DIC-0128;MEF-V3-DIC-0131;MEF-V3-DIC-0138;MEF-V3-DIC-0142;MEF-V3-DIC-0151;MEF-V3-DIC-0153;MEF-V3-DIC-0155;MEF-V3-DIC-0167;MEF-V3-DIC-0186;MEF-V3-DIC-0187;MEF-V3-DIC-0188,281
ENG,ENG-032,ENG-032-TRANSPORT_ENGINEERING.md,15,MEF-V3-DIC-0052;MEF-V3-DIC-0054;MEF-V3-DIC-0071;MEF-V3-DIC-0075;MEF-V3-DIC-0084;MEF-V3-DIC-0109;MEF-V3-DIC-0122;MEF-V3-DIC-0124;MEF-V3-DIC-0128;MEF-V3-DIC-0138;MEF-V3-DIC-0155;MEF-V3-DIC-0167;MEF-V3-DIC-0186;MEF-V3-DIC-0187;MEF-V3-DIC-0188,219
ENG,ENG-033,ENG-033-INTERFACE_ENGINEERING.md,22,MEF-V3-DIC-0050;MEF-V3-DIC-0052;MEF-V3-DIC-0054;MEF-V3-DIC-0069;MEF-V3-DIC-0071;MEF-V3-DIC-0075;MEF-V3-DIC-0084;MEF-V3-DIC-0106;MEF-V3-DIC-0109;MEF-V3-DIC-0110;MEF-V3-DIC-0122;MEF-V3-DIC-0124;MEF-V3-DIC-0128;MEF-V3-DIC-0138;MEF-V3-DIC-0142;MEF-V3-DIC-0151;MEF-V3-DIC-0152;MEF-V3-DIC-0153;MEF-V3-DIC-0155;MEF-V3-DIC-0167;MEF-V3-DIC-0186;MEF-V3-DIC-0187,232
ENG,ENG-034,ENG-034-APPLICATION_ENGINEERING.md,19,MEF-V3-DIC-0052;MEF-V3-DIC-0054;MEF-V3-DIC-0069;MEF-V3-DIC-0071;MEF-V3-DIC-0075;MEF-V3-DIC-0084;MEF-V3-DIC-0092;MEF-V3-DIC-0109;MEF-V3-DIC-0119;MEF-V3-DIC-0122;MEF-V3-DIC-0124;MEF-V3-DIC-0128;MEF-V3-DIC-0138;MEF-V3-DIC-0151;MEF-V3-DIC-0152;MEF-V3-DIC-0155;MEF-V3-DIC-0167;MEF-V3-DIC-0186;MEF-V3-DIC-0187,231
ENG,ENG-035,ENG-035-DOMAIN_ENGINEERING.md,23,MEF-V3-DIC-0052;MEF-V3-DIC-0054;MEF-V3-DIC-0069;MEF-V3-DIC-0075;MEF-V3-DIC-0084;MEF-V3-DIC-0092;MEF-V3-DIC-0098;MEF-V3-DIC-0106;MEF-V3-DIC-0109;MEF-V3-DIC-0122;MEF-V3-DIC-0124;MEF-V3-DIC-0128;MEF-V3-DIC-0138;MEF-V3-DIC-0144;MEF-V3-DIC-0151;MEF-V3-DIC-0152;MEF-V3-DIC-0153;MEF-V3-DIC-0155;MEF-V3-DIC-0163;MEF-V3-DIC-0167;MEF-V3-DIC-0186;MEF-V3-DIC-0187;MEF-V3-DIC-0188,285
ENG,ENG-036,ENG-036-VALIDATION_ENGINEERING.md,21,MEF-V3-DIC-0052;MEF-V3-DIC-0054;MEF-V3-DIC-0071;MEF-V3-DIC-0075;MEF-V3-DIC-0084;MEF-V3-DIC-0092;MEF-V3-DIC-0100;MEF-V3-DIC-0109;MEF-V3-DIC-0113;MEF-V3-DIC-0119;MEF-V3-DIC-0122;MEF-V3-DIC-0124;MEF-V3-DIC-0128;MEF-V3-DIC-0131;MEF-V3-DIC-0138;MEF-V3-DIC-0153;MEF-V3-DIC-0163;MEF-V3-DIC-0167;MEF-V3-DIC-0186;MEF-V3-DIC-0187;MEF-V3-DIC-0188,260
ENG,ENG-037,ENG-037-CACHING_ENGINEERING.md,20,MEF-V3-DIC-0052;MEF-V3-DIC-0054;MEF-V3-DIC-0069;MEF-V3-DIC-0071;MEF-V3-DIC-0075;MEF-V3-DIC-0084;MEF-V3-DIC-0092;MEF-V3-DIC-0109;MEF-V3-DIC-0115;MEF-V3-DIC-0122;MEF-V3-DIC-0124;MEF-V3-DIC-0128;MEF-V3-DIC-0138;MEF-V3-DIC-0142;MEF-V3-DIC-0151;MEF-V3-DIC-0152;MEF-V3-DIC-0154;MEF-V3-DIC-0167;MEF-V3-DIC-0186;MEF-V3-DIC-0187,252
ENG,ENG-038,ENG-038-CONCURRENCY_ENGINEERING.md,19,MEF-V3-DIC-0052;MEF-V3-DIC-0054;MEF-V3-DIC-0069;MEF-V3-DIC-0071;MEF-V3-DIC-0075;MEF-V3-DIC-0084;MEF-V3-DIC-0092;MEF-V3-DIC-0109;MEF-V3-DIC-0116;MEF-V3-DIC-0122;MEF-V3-DIC-0124;MEF-V3-DIC-0128;MEF-V3-DIC-0138;MEF-V3-DIC-0163;MEF-V3-DIC-0167;MEF-V3-DIC-0176;MEF-V3-DIC-0186;MEF-V3-DIC-0187;MEF-V3-DIC-0188,189
ENG,ENG-039,ENG-039-RESILIENCE_ENGINEERING.md,19,MEF-V3-DIC-0052;MEF-V3-DIC-0054;MEF-V3-DIC-0069;MEF-V3-DIC-0071;MEF-V3-DIC-0075;MEF-V3-DIC-0084;MEF-V3-DIC-0092;MEF-V3-DIC-0105;MEF-V3-DIC-0109;MEF-V3-DIC-0115;MEF-V3-DIC-0116;MEF-V3-DIC-0122;MEF-V3-DIC-0124;MEF-V3-DIC-0128;MEF-V3-DIC-0138;MEF-V3-DIC-0152;MEF-V3-DIC-0167;MEF-V3-DIC-0186;MEF-V3-DIC-0187,200
ENG,ENG-040,ENG-040-SCHEDULING_BACKGROUND_JOBS_ENGINEERING.md,15,MEF-V3-DIC-0052;MEF-V3-DIC-0054;MEF-V3-DIC-0071;MEF-V3-DIC-0075;MEF-V3-DIC-0084;MEF-V3-DIC-0092;MEF-V3-DIC-0109;MEF-V3-DIC-0122;MEF-V3-DIC-0124;MEF-V3-DIC-0128;MEF-V3-DIC-0138;MEF-V3-DIC-0167;MEF-V3-DIC-0186;MEF-V3-DIC-0187;MEF-V3-DIC-0188,259
ENG,ENG-041,ENG-041-MESSAGING_ENGINEERING.md,20,MEF-V3-DIC-0050;MEF-V3-DIC-0052;MEF-V3-DIC-0054;MEF-V3-DIC-0068;MEF-V3-DIC-0071;MEF-V3-DIC-0075;MEF-V3-DIC-0084;MEF-V3-DIC-0092;MEF-V3-DIC-0109;MEF-V3-DIC-0122;MEF-V3-DIC-0124;MEF-V3-DIC-0128;MEF-V3-DIC-0138;MEF-V3-DIC-0144;MEF-V3-DIC-0151;MEF-V3-DIC-0155;MEF-V3-DIC-0167;MEF-V3-DIC-0186;MEF-V3-DIC-0187;MEF-V3-DIC-0188,274
ENG,ENG-042,ENG-042-TRANSACTION_ENGINEERING.md,15,MEF-V3-DIC-0052;MEF-V3-DIC-0054;MEF-V3-DIC-0069;MEF-V3-DIC-0071;MEF-V3-DIC-0075;MEF-V3-DIC-0084;MEF-V3-DIC-0092;MEF-V3-DIC-0109;MEF-V3-DIC-0122;MEF-V3-DIC-0124;MEF-V3-DIC-0128;MEF-V3-DIC-0138;MEF-V3-DIC-0167;MEF-V3-DIC-0186;MEF-V3-DIC-0187,228
ENG,ENG-043,ENG-043-DATA_ACCESS_ENGINEERING.md,18,MEF-V3-DIC-0052;MEF-V3-DIC-0054;MEF-V3-DIC-0071;MEF-V3-DIC-0075;MEF-V3-DIC-0084;MEF-V3-DIC-0092;MEF-V3-DIC-0109;MEF-V3-DIC-0122;MEF-V3-DIC-0124;MEF-V3-DIC-0128;MEF-V3-DIC-0138;MEF-V3-DIC-0145;MEF-V3-DIC-0152;MEF-V3-DIC-0154;MEF-V3-DIC-0167;MEF-V3-DIC-0176;MEF-V3-DIC-0186;MEF-V3-DIC-0187,232
ENG,ENG-044,ENG-044-API_ENGINEERING.md,20,MEF-V3-DIC-0050;MEF-V3-DIC-0052;MEF-V3-DIC-0054;MEF-V3-DIC-0071;MEF-V3-DIC-0075;MEF-V3-DIC-0084;MEF-V3-DIC-0092;MEF-V3-DIC-0106;MEF-V3-DIC-0109;MEF-V3-DIC-0122;MEF-V3-DIC-0124;MEF-V3-DIC-0128;MEF-V3-DIC-0138;MEF-V3-DIC-0145;MEF-V3-DIC-0152;MEF-V3-DIC-0155;MEF-V3-DIC-0167;MEF-V3-DIC-0175;MEF-V3-DIC-0186;MEF-V3-DIC-0187,305
ENG,ENG-045,ENG-045-AUTHENTICATION_ENGINEERING.md,19,MEF-V3-DIC-0052;MEF-V3-DIC-0054;MEF-V3-DIC-0069;MEF-V3-DIC-0071;MEF-V3-DIC-0075;MEF-V3-DIC-0084;MEF-V3-DIC-0092;MEF-V3-DIC-0106;MEF-V3-DIC-0109;MEF-V3-DIC-0122;MEF-V3-DIC-0124;MEF-V3-DIC-0128;MEF-V3-DIC-0138;MEF-V3-DIC-0152;MEF-V3-DIC-0153;MEF-V3-DIC-0161;MEF-V3-DIC-0167;MEF-V3-DIC-0186;MEF-V3-DIC-0187,227
ENG,ENG-046,ENG-046-AUTHORIZATION_ENGINEERING.md,18,MEF-V3-DIC-0052;MEF-V3-DIC-0054;MEF-V3-DIC-0071;MEF-V3-DIC-0075;MEF-V3-DIC-0084;MEF-V3-DIC-0092;MEF-V3-DIC-0109;MEF-V3-DIC-0116;MEF-V3-DIC-0122;MEF-V3-DIC-0124;MEF-V3-DIC-0128;MEF-V3-DIC-0130;MEF-V3-DIC-0138;MEF-V3-DIC-0145;MEF-V3-DIC-0153;MEF-V3-DIC-0167;MEF-V3-DIC-0186;MEF-V3-DIC-0187,195
ENG,ENG-047,ENG-047-IDENTITY_ACCESS_MANAGEMENT_ENGINEERING.md,15,MEF-V3-DIC-0052;MEF-V3-DIC-0054;MEF-V3-DIC-0071;MEF-V3-DIC-0075;MEF-V3-DIC-0084;MEF-V3-DIC-0092;MEF-V3-DIC-0109;MEF-V3-DIC-0122;MEF-V3-DIC-0124;MEF-V3-DIC-0128;MEF-V3-DIC-0138;MEF-V3-DIC-0145;MEF-V3-DIC-0167;MEF-V3-DIC-0186;MEF-V3-DIC-0187,197
ENG,ENG-048,ENG-048-MULTI_TENANCY_ENGINEERING.md,21,MEF-V3-DIC-0052;MEF-V3-DIC-0054;MEF-V3-DIC-0069;MEF-V3-DIC-0071;MEF-V3-DIC-0075;MEF-V3-DIC-0084;MEF-V3-DIC-0092;MEF-V3-DIC-0105;MEF-V3-DIC-0109;MEF-V3-DIC-0119;MEF-V3-DIC-0122;MEF-V3-DIC-0124;MEF-V3-DIC-0128;MEF-V3-DIC-0138;MEF-V3-DIC-0142;MEF-V3-DIC-0145;MEF-V3-DIC-0152;MEF-V3-DIC-0153;MEF-V3-DIC-0167;MEF-V3-DIC-0186;MEF-V3-DIC-0187,343
ENG,ENG-049,ENG-049-CONFIGURATION_MANAGEMENT_ENGINEERING.md,20,MEF-V3-DIC-0052;MEF-V3-DIC-0054;MEF-V3-DIC-0069;MEF-V3-DIC-0071;MEF-V3-DIC-0075;MEF-V3-DIC-0084;MEF-V3-DIC-0092;MEF-V3-DIC-0109;MEF-V3-DIC-0122;MEF-V3-DIC-0124;MEF-V3-DIC-0128;MEF-V3-DIC-0130;MEF-V3-DIC-0138;MEF-V3-DIC-0142;MEF-V3-DIC-0152;MEF-V3-DIC-0154;MEF-V3-DIC-0155;MEF-V3-DIC-0167;MEF-V3-DIC-0186;MEF-V3-DIC-0187,828
ENG,ENG-050,ENG-050-FEATURE_MANAGEMENT_ENGINEERING.md,19,MEF-V3-DIC-0052;MEF-V3-DIC-0054;MEF-V3-DIC-0067;MEF-V3-DIC-0071;MEF-V3-DIC-0075;MEF-V3-DIC-0084;MEF-V3-DIC-0092;MEF-V3-DIC-0109;MEF-V3-DIC-0122;MEF-V3-DIC-0124;MEF-V3-DIC-0128;MEF-V3-DIC-0138;MEF-V3-DIC-0147;MEF-V3-DIC-0153;MEF-V3-DIC-0154;MEF-V3-DIC-0155;MEF-V3-DIC-0167;MEF-V3-DIC-0186;MEF-V3-DIC-0187,193
ENG,ENG-051,ENG-051-POLICY_ENGINEERING.md,17,MEF-V3-DIC-0052;MEF-V3-DIC-0054;MEF-V3-DIC-0071;MEF-V3-DIC-0075;MEF-V3-DIC-0084;MEF-V3-DIC-0088;MEF-V3-DIC-0092;MEF-V3-DIC-0109;MEF-V3-DIC-0122;MEF-V3-DIC-0124;MEF-V3-DIC-0128;MEF-V3-DIC-0138;MEF-V3-DIC-0145;MEF-V3-DIC-0155;MEF-V3-DIC-0167;MEF-V3-DIC-0186;MEF-V3-DIC-0187,192
ENG,ENG-052,ENG-052-WORKFLOW_ENGINEERING.md,20,MEF-V3-DIC-0052;MEF-V3-DIC-0054;MEF-V3-DIC-0069;MEF-V3-DIC-0071;MEF-V3-DIC-0075;MEF-V3-DIC-0084;MEF-V3-DIC-0092;MEF-V3-DIC-0109;MEF-V3-DIC-0115;MEF-V3-DIC-0122;MEF-V3-DIC-0124;MEF-V3-DIC-0128;MEF-V3-DIC-0138;MEF-V3-DIC-0151;MEF-V3-DIC-0152;MEF-V3-DIC-0154;MEF-V3-DIC-0155;MEF-V3-DIC-0167;MEF-V3-DIC-0186;MEF-V3-DIC-0187,203
ENG,ENG-053,ENG-053-STATE_MANAGEMENT_ENGINEERING.md,20,MEF-V3-DIC-0052;MEF-V3-DIC-0054;MEF-V3-DIC-0069;MEF-V3-DIC-0071;MEF-V3-DIC-0075;MEF-V3-DIC-0084;MEF-V3-DIC-0092;MEF-V3-DIC-0106;MEF-V3-DIC-0109;MEF-V3-DIC-0116;MEF-V3-DIC-0122;MEF-V3-DIC-0124;MEF-V3-DIC-0128;MEF-V3-DIC-0138;MEF-V3-DIC-0145;MEF-V3-DIC-0152;MEF-V3-DIC-0155;MEF-V3-DIC-0167;MEF-V3-DIC-0186;MEF-V3-DIC-0187,209
ENG,ENG-054,ENG-054-RESOURCE_MANAGEMENT_ENGINEERING.md,19,MEF-V3-DIC-0052;MEF-V3-DIC-0054;MEF-V3-DIC-0069;MEF-V3-DIC-0071;MEF-V3-DIC-0075;MEF-V3-DIC-0084;MEF-V3-DIC-0092;MEF-V3-DIC-0109;MEF-V3-DIC-0122;MEF-V3-DIC-0124;MEF-V3-DIC-0128;MEF-V3-DIC-0138;MEF-V3-DIC-0152;MEF-V3-DIC-0154;MEF-V3-DIC-0155;MEF-V3-DIC-0163;MEF-V3-DIC-0167;MEF-V3-DIC-0186;MEF-V3-DIC-0187,192
ENG,ENG-055,ENG-055-LIFECYCLE_MANAGEMENT_ENGINEERING.md,17,MEF-V3-DIC-0052;MEF-V3-DIC-0054;MEF-V3-DIC-0069;MEF-V3-DIC-0071;MEF-V3-DIC-0075;MEF-V3-DIC-0084;MEF-V3-DIC-0092;MEF-V3-DIC-0109;MEF-V3-DIC-0122;MEF-V3-DIC-0124;MEF-V3-DIC-0128;MEF-V3-DIC-0130;MEF-V3-DIC-0138;MEF-V3-DIC-0155;MEF-V3-DIC-0167;MEF-V3-DIC-0186;MEF-V3-DIC-0187,272
ENG,ENG-056,ENG-056-CONTEXT_MANAGEMENT_ENGINEERING.md,19,MEF-V3-DIC-0052;MEF-V3-DIC-0054;MEF-V3-DIC-0069;MEF-V3-DIC-0071;MEF-V3-DIC-0075;MEF-V3-DIC-0084;MEF-V3-DIC-0092;MEF-V3-DIC-0109;MEF-V3-DIC-0122;MEF-V3-DIC-0124;MEF-V3-DIC-0128;MEF-V3-DIC-0138;MEF-V3-DIC-0142;MEF-V3-DIC-0145;MEF-V3-DIC-0152;MEF-V3-DIC-0153;MEF-V3-DIC-0167;MEF-V3-DIC-0186;MEF-V3-DIC-0187,192
ENG,ENG-057,ENG-057-METADATA_ENGINEERING.md,24,MEF-V3-DIC-0050;MEF-V3-DIC-0052;MEF-V3-DIC-0054;MEF-V3-DIC-0069;MEF-V3-DIC-0071;MEF-V3-DIC-0075;MEF-V3-DIC-0084;MEF-V3-DIC-0106;MEF-V3-DIC-0109;MEF-V3-DIC-0119;MEF-V3-DIC-0122;MEF-V3-DIC-0124;MEF-V3-DIC-0128;MEF-V3-DIC-0131;MEF-V3-DIC-0138;MEF-V3-DIC-0142;MEF-V3-DIC-0145;MEF-V3-DIC-0151;MEF-V3-DIC-0152;MEF-V3-DIC-0155;MEF-V3-DIC-0167;MEF-V3-DIC-0175;MEF-V3-DIC-0186;MEF-V3-DIC-0187,253
ENG,ENG-058,ENG-058-DISCOVERY_ENGINEERING.md,16,MEF-V3-DIC-0069;MEF-V3-DIC-0071;MEF-V3-DIC-0075;MEF-V3-DIC-0084;MEF-V3-DIC-0092;MEF-V3-DIC-0109;MEF-V3-DIC-0119;MEF-V3-DIC-0122;MEF-V3-DIC-0124;MEF-V3-DIC-0128;MEF-V3-DIC-0131;MEF-V3-DIC-0138;MEF-V3-DIC-0152;MEF-V3-DIC-0163;MEF-V3-DIC-0167;MEF-V3-DIC-0186,189
ENG,ENG-059,ENG-059-RESOLUTION_ENGINEERING.md,15,MEF-V3-DIC-0052;MEF-V3-DIC-0054;MEF-V3-DIC-0071;MEF-V3-DIC-0075;MEF-V3-DIC-0084;MEF-V3-DIC-0092;MEF-V3-DIC-0109;MEF-V3-DIC-0119;MEF-V3-DIC-0122;MEF-V3-DIC-0124;MEF-V3-DIC-0128;MEF-V3-DIC-0138;MEF-V3-DIC-0155;MEF-V3-DIC-0167;MEF-V3-DIC-0186,155
ENG,ENG-060,ENG-060-PLUGIN_ENGINEERING.md,21,MEF-V3-DIC-0052;MEF-V3-DIC-0054;MEF-V3-DIC-0071;MEF-V3-DIC-0075;MEF-V3-DIC-0084;MEF-V3-DIC-0092;MEF-V3-DIC-0109;MEF-V3-DIC-0119;MEF-V3-DIC-0122;MEF-V3-DIC-0124;MEF-V3-DIC-0128;MEF-V3-DIC-0131;MEF-V3-DIC-0138;MEF-V3-DIC-0142;MEF-V3-DIC-0145;MEF-V3-DIC-0152;MEF-V3-DIC-0155;MEF-V3-DIC-0167;MEF-V3-DIC-0170;MEF-V3-DIC-0186;MEF-V3-DIC-0188,315
ENG,ENG-061,ENG-061-INTEROPERABILITY_ENGINEERING.md,18,MEF-V3-DIC-0052;MEF-V3-DIC-0054;MEF-V3-DIC-0068;MEF-V3-DIC-0071;MEF-V3-DIC-0075;MEF-V3-DIC-0084;MEF-V3-DIC-0106;MEF-V3-DIC-0109;MEF-V3-DIC-0119;MEF-V3-DIC-0124;MEF-V3-DIC-0128;MEF-V3-DIC-0138;MEF-V3-DIC-0155;MEF-V3-DIC-0167;MEF-V3-DIC-0170;MEF-V3-DIC-0186;MEF-V3-DIC-0187;MEF-V3-DIC-0188,208
ENG,ENG-062,ENG-062-SCHEMA_ENGINEERING.md,18,MEF-V3-DIC-0052;MEF-V3-DIC-0054;MEF-V3-DIC-0068;MEF-V3-DIC-0071;MEF-V3-DIC-0075;MEF-V3-DIC-0084;MEF-V3-DIC-0106;MEF-V3-DIC-0109;MEF-V3-DIC-0122;MEF-V3-DIC-0124;MEF-V3-DIC-0128;MEF-V3-DIC-0138;MEF-V3-DIC-0151;MEF-V3-DIC-0155;MEF-V3-DIC-0167;MEF-V3-DIC-0186;MEF-V3-DIC-0187;MEF-V3-DIC-0188,200
ENG,ENG-063,ENG-063-DATA_TRANSFORMATION_ENGINEERING.md,14,MEF-V3-DIC-0052;MEF-V3-DIC-0054;MEF-V3-DIC-0068;MEF-V3-DIC-0071;MEF-V3-DIC-0075;MEF-V3-DIC-0084;MEF-V3-DIC-0109;MEF-V3-DIC-0124;MEF-V3-DIC-0128;MEF-V3-DIC-0138;MEF-V3-DIC-0155;MEF-V3-DIC-0167;MEF-V3-DIC-0186;MEF-V3-DIC-0187,154
ENG,ENG-064,ENG-064-DATA_PIPELINE_ENGINEERING.md,14,MEF-V3-DIC-0069;MEF-V3-DIC-0071;MEF-V3-DIC-0075;MEF-V3-DIC-0084;MEF-V3-DIC-0109;MEF-V3-DIC-0113;MEF-V3-DIC-0122;MEF-V3-DIC-0128;MEF-V3-DIC-0138;MEF-V3-DIC-0145;MEF-V3-DIC-0155;MEF-V3-DIC-0167;MEF-V3-DIC-0186;MEF-V3-DIC-0187,161
ENG,ENG-065,ENG-065-MIGRATION_ENGINEERING.md,18,MEF-V3-DIC-0052;MEF-V3-DIC-0054;MEF-V3-DIC-0068;MEF-V3-DIC-0069;MEF-V3-DIC-0071;MEF-V3-DIC-0075;MEF-V3-DIC-0084;MEF-V3-DIC-0109;MEF-V3-DIC-0122;MEF-V3-DIC-0124;MEF-V3-DIC-0128;MEF-V3-DIC-0138;MEF-V3-DIC-0152;MEF-V3-DIC-0155;MEF-V3-DIC-0163;MEF-V3-DIC-0167;MEF-V3-DIC-0186;MEF-V3-DIC-0187,226
ENG,ENG-066,ENG-066-UPGRADE_ENGINEERING.md,19,MEF-V3-DIC-0052;MEF-V3-DIC-0054;MEF-V3-DIC-0068;MEF-V3-DIC-0069;MEF-V3-DIC-0071;MEF-V3-DIC-0075;MEF-V3-DIC-0084;MEF-V3-DIC-0109;MEF-V3-DIC-0111;MEF-V3-DIC-0119;MEF-V3-DIC-0122;MEF-V3-DIC-0124;MEF-V3-DIC-0128;MEF-V3-DIC-0138;MEF-V3-DIC-0155;MEF-V3-DIC-0163;MEF-V3-DIC-0167;MEF-V3-DIC-0186;MEF-V3-DIC-0187,197
ENG,ENG-067,ENG-067-DEPLOYMENT_ENGINEERING.md,20,MEF-V3-DIC-0052;MEF-V3-DIC-0054;MEF-V3-DIC-0068;MEF-V3-DIC-0071;MEF-V3-DIC-0075;MEF-V3-DIC-0084;MEF-V3-DIC-0109;MEF-V3-DIC-0111;MEF-V3-DIC-0119;MEF-V3-DIC-0122;MEF-V3-DIC-0124;MEF-V3-DIC-0128;MEF-V3-DIC-0131;MEF-V3-DIC-0138;MEF-V3-DIC-0154;MEF-V3-DIC-0155;MEF-V3-DIC-0163;MEF-V3-DIC-0167;MEF-V3-DIC-0186;MEF-V3-DIC-0187,228
ENG,ENG-068,ENG-068-ENVIRONMENT_ENGINEERING.md,18,MEF-V3-DIC-0052;MEF-V3-DIC-0069;MEF-V3-DIC-0071;MEF-V3-DIC-0075;MEF-V3-DIC-0084;MEF-V3-DIC-0109;MEF-V3-DIC-0122;MEF-V3-DIC-0124;MEF-V3-DIC-0128;MEF-V3-DIC-0131;MEF-V3-DIC-0138;MEF-V3-DIC-0145;MEF-V3-DIC-0153;MEF-V3-DIC-0154;MEF-V3-DIC-0155;MEF-V3-DIC-0167;MEF-V3-DIC-0186;MEF-V3-DIC-0187,236
ENG,ENG-069,ENG-069-HEALTH_READINESS_ENGINEERING.md,14,MEF-V3-DIC-0052;MEF-V3-DIC-0069;MEF-V3-DIC-0071;MEF-V3-DIC-0075;MEF-V3-DIC-0084;MEF-V3-DIC-0109;MEF-V3-DIC-0122;MEF-V3-DIC-0124;MEF-V3-DIC-0128;MEF-V3-DIC-0138;MEF-V3-DIC-0151;MEF-V3-DIC-0167;MEF-V3-DIC-0186;MEF-V3-DIC-0187,168
ENG,ENG-070,ENG-070-PERFORMANCE_ENGINEERING.md,15,MEF-V3-DIC-0054;MEF-V3-DIC-0069;MEF-V3-DIC-0071;MEF-V3-DIC-0075;MEF-V3-DIC-0084;MEF-V3-DIC-0105;MEF-V3-DIC-0109;MEF-V3-DIC-0128;MEF-V3-DIC-0138;MEF-V3-DIC-0153;MEF-V3-DIC-0154;MEF-V3-DIC-0167;MEF-V3-DIC-0176;MEF-V3-DIC-0186;MEF-V3-DIC-0187,147
ENG,ENG-071,ENG-071-CAPACITY_ENGINEERING.md,11,MEF-V3-DIC-0054;MEF-V3-DIC-0071;MEF-V3-DIC-0075;MEF-V3-DIC-0084;MEF-V3-DIC-0109;MEF-V3-DIC-0128;MEF-V3-DIC-0138;MEF-V3-DIC-0163;MEF-V3-DIC-0167;MEF-V3-DIC-0186;MEF-V3-DIC-0187,144
ENG,ENG-072,ENG-072-SCALABILITY_ENGINEERING.md,12,MEF-V3-DIC-0054;MEF-V3-DIC-0069;MEF-V3-DIC-0071;MEF-V3-DIC-0075;MEF-V3-DIC-0084;MEF-V3-DIC-0109;MEF-V3-DIC-0128;MEF-V3-DIC-0138;MEF-V3-DIC-0142;MEF-V3-DIC-0167;MEF-V3-DIC-0186;MEF-V3-DIC-0187,144
ENG,ENG-073,ENG-073-AVAILABILITY_ENGINEERING.md,15,MEF-V3-DIC-0054;MEF-V3-DIC-0068;MEF-V3-DIC-0069;MEF-V3-DIC-0071;MEF-V3-DIC-0075;MEF-V3-DIC-0084;MEF-V3-DIC-0109;MEF-V3-DIC-0115;MEF-V3-DIC-0128;MEF-V3-DIC-0136;MEF-V3-DIC-0138;MEF-V3-DIC-0167;MEF-V3-DIC-0186;MEF-V3-DIC-0187;MEF-V3-DIC-0193,209
ENG,ENG-074,ENG-074-RELIABILITY_ENGINEERING.md,17,MEF-V3-DIC-0052;MEF-V3-DIC-0054;MEF-V3-DIC-0069;MEF-V3-DIC-0071;MEF-V3-DIC-0075;MEF-V3-DIC-0084;MEF-V3-DIC-0109;MEF-V3-DIC-0122;MEF-V3-DIC-0124;MEF-V3-DIC-0128;MEF-V3-DIC-0138;MEF-V3-DIC-0145;MEF-V3-DIC-0153;MEF-V3-DIC-0163;MEF-V3-DIC-0167;MEF-V3-DIC-0186;MEF-V3-DIC-0187,190
ENG,ENG-075,ENG-075-MAINTAINABILITY_ENGINEERING.md,27,MEF-V3-DIC-0052;MEF-V3-DIC-0054;MEF-V3-DIC-0067;MEF-V3-DIC-0069;MEF-V3-DIC-0071;MEF-V3-DIC-0075;MEF-V3-DIC-0084;MEF-V3-DIC-0092;MEF-V3-DIC-0106;MEF-V3-DIC-0109;MEF-V3-DIC-0122;MEF-V3-DIC-0124;MEF-V3-DIC-0128;MEF-V3-DIC-0138;MEF-V3-DIC-0142;MEF-V3-DIC-0145;MEF-V3-DIC-0147;MEF-V3-DIC-0151;MEF-V3-DIC-0153;MEF-V3-DIC-0155;MEF-V3-DIC-0161;MEF-V3-DIC-0163;MEF-V3-DIC-0167;MEF-V3-DIC-0176;MEF-V3-DIC-0186;MEF-V3-DIC-0187;MEF-V3-DIC-0193,283
ENG,ENG-076,ENG-076-RECOVERABILITY_ENGINEERING.md,15,MEF-V3-DIC-0054;MEF-V3-DIC-0069;MEF-V3-DIC-0071;MEF-V3-DIC-0075;MEF-V3-DIC-0084;MEF-V3-DIC-0105;MEF-V3-DIC-0109;MEF-V3-DIC-0128;MEF-V3-DIC-0136;MEF-V3-DIC-0138;MEF-V3-DIC-0161;MEF-V3-DIC-0167;MEF-V3-DIC-0186;MEF-V3-DIC-0187;MEF-V3-DIC-0193,211
ENG,ENG-077,ENG-077-DURABILITY_ENGINEERING.md,15,MEF-V3-DIC-0054;MEF-V3-DIC-0071;MEF-V3-DIC-0075;MEF-V3-DIC-0084;MEF-V3-DIC-0109;MEF-V3-DIC-0113;MEF-V3-DIC-0128;MEF-V3-DIC-0138;MEF-V3-DIC-0151;MEF-V3-DIC-0167;MEF-V3-DIC-0176;MEF-V3-DIC-0186;MEF-V3-DIC-0187;MEF-V3-DIC-0188;MEF-V3-DIC-0199,267
ENG,ENG-078,ENG-078-CONSISTENCY_ENGINEERING.md,15,MEF-V3-DIC-0054;MEF-V3-DIC-0071;MEF-V3-DIC-0075;MEF-V3-DIC-0084;MEF-V3-DIC-0109;MEF-V3-DIC-0115;MEF-V3-DIC-0128;MEF-V3-DIC-0136;MEF-V3-DIC-0138;MEF-V3-DIC-0142;MEF-V3-DIC-0151;MEF-V3-DIC-0167;MEF-V3-DIC-0176;MEF-V3-DIC-0186;MEF-V3-DIC-0187,219
ENG,ENG-079,ENG-079-DATA_INTEGRITY_ENGINEERING.md,16,MEF-V3-DIC-0054;MEF-V3-DIC-0075;MEF-V3-DIC-0084;MEF-V3-DIC-0106;MEF-V3-DIC-0109;MEF-V3-DIC-0115;MEF-V3-DIC-0128;MEF-V3-DIC-0136;MEF-V3-DIC-0138;MEF-V3-DIC-0142;MEF-V3-DIC-0153;MEF-V3-DIC-0155;MEF-V3-DIC-0167;MEF-V3-DIC-0186;MEF-V3-DIC-0187;MEF-V3-DIC-0199,190
ENG,ENG-080,ENG-080-DATA_QUALITY_ENGINEERING.md,13,MEF-V3-DIC-0054;MEF-V3-DIC-0068;MEF-V3-DIC-0071;MEF-V3-DIC-0075;MEF-V3-DIC-0084;MEF-V3-DIC-0109;MEF-V3-DIC-0115;MEF-V3-DIC-0128;MEF-V3-DIC-0138;MEF-V3-DIC-0142;MEF-V3-DIC-0167;MEF-V3-DIC-0186;MEF-V3-DIC-0187,209
ENG,ENG-081,ENG-081-DATA_GOVERNANCE_ENGINEERING.md,12,MEF-V3-DIC-0054;MEF-V3-DIC-0067;MEF-V3-DIC-0075;MEF-V3-DIC-0084;MEF-V3-DIC-0109;MEF-V3-DIC-0115;MEF-V3-DIC-0128;MEF-V3-DIC-0138;MEF-V3-DIC-0161;MEF-V3-DIC-0167;MEF-V3-DIC-0186;MEF-V3-DIC-0187,222
ENG,ENG-082,ENG-082-DATA_PRIVACY_ENGINEERING.md,15,MEF-V3-DIC-0071;MEF-V3-DIC-0075;MEF-V3-DIC-0084;MEF-V3-DIC-0106;MEF-V3-DIC-0109;MEF-V3-DIC-0115;MEF-V3-DIC-0128;MEF-V3-DIC-0138;MEF-V3-DIC-0142;MEF-V3-DIC-0145;MEF-V3-DIC-0153;MEF-V3-DIC-0167;MEF-V3-DIC-0186;MEF-V3-DIC-0187;MEF-V3-DIC-0188,195
ENG,ENG-083,ENG-083-DATA_COMPLIANCE_ENGINEERING.md,11,MEF-V3-DIC-0069;MEF-V3-DIC-0071;MEF-V3-DIC-0075;MEF-V3-DIC-0084;MEF-V3-DIC-0109;MEF-V3-DIC-0128;MEF-V3-DIC-0138;MEF-V3-DIC-0167;MEF-V3-DIC-0186;MEF-V3-DIC-0187;MEF-V3-DIC-0188,170
ENG,ENG-084,ENG-084-DATA_ETHICS_ENGINEERING.md,11,MEF-V3-DIC-0071;MEF-V3-DIC-0075;MEF-V3-DIC-0084;MEF-V3-DIC-0109;MEF-V3-DIC-0128;MEF-V3-DIC-0138;MEF-V3-DIC-0161;MEF-V3-DIC-0167;MEF-V3-DIC-0186;MEF-V3-DIC-0187;MEF-V3-DIC-0188,168
ENG,ENG-085,ENG-085-DATA_TRUST_ENGINEERING.md,11,MEF-V3-DIC-0069;MEF-V3-DIC-0071;MEF-V3-DIC-0075;MEF-V3-DIC-0084;MEF-V3-DIC-0109;MEF-V3-DIC-0128;MEF-V3-DIC-0138;MEF-V3-DIC-0167;MEF-V3-DIC-0186;MEF-V3-DIC-0187;MEF-V3-DIC-0188,174
ENG,ENG-086,ENG-086-DATA_PRODUCT_ENGINEERING.md,11,MEF-V3-DIC-0075;MEF-V3-DIC-0084;MEF-V3-DIC-0109;MEF-V3-DIC-0128;MEF-V3-DIC-0136;MEF-V3-DIC-0138;MEF-V3-DIC-0145;MEF-V3-DIC-0163;MEF-V3-DIC-0167;MEF-V3-DIC-0186;MEF-V3-DIC-0187,165
ENG,ENG-087,ENG-087-DATA_EXCHANGE_SHARING_ENGINEERING.md,14,MEF-V3-DIC-0075;MEF-V3-DIC-0084;MEF-V3-DIC-0109;MEF-V3-DIC-0113;MEF-V3-DIC-0119;MEF-V3-DIC-0128;MEF-V3-DIC-0131;MEF-V3-DIC-0136;MEF-V3-DIC-0138;MEF-V3-DIC-0145;MEF-V3-DIC-0167;MEF-V3-DIC-0186;MEF-V3-DIC-0187;MEF-V3-DIC-0188,191
ENG,ENG-088,ENG-088-DATA_FEDERATION_ENGINEERING.md,13,MEF-V3-DIC-0068;MEF-V3-DIC-0075;MEF-V3-DIC-0084;MEF-V3-DIC-0109;MEF-V3-DIC-0128;MEF-V3-DIC-0136;MEF-V3-DIC-0138;MEF-V3-DIC-0142;MEF-V3-DIC-0163;MEF-V3-DIC-0167;MEF-V3-DIC-0186;MEF-V3-DIC-0187;MEF-V3-DIC-0188,161
ENG,ENG-089,ENG-089-DATA_LINEAGE_PROVENANCE_ENGINEERING.md,12,MEF-V3-DIC-0075;MEF-V3-DIC-0084;MEF-V3-DIC-0109;MEF-V3-DIC-0128;MEF-V3-DIC-0131;MEF-V3-DIC-0136;MEF-V3-DIC-0138;MEF-V3-DIC-0163;MEF-V3-DIC-0167;MEF-V3-DIC-0186;MEF-V3-DIC-0187;MEF-V3-DIC-0188,131
ENG,ENG-090,ENG-090-DATA_CATALOG_ENGINEERING.md,10,MEF-V3-DIC-0075;MEF-V3-DIC-0084;MEF-V3-DIC-0109;MEF-V3-DIC-0128;MEF-V3-DIC-0136;MEF-V3-DIC-0138;MEF-V3-DIC-0163;MEF-V3-DIC-0167;MEF-V3-DIC-0186;MEF-V3-DIC-0187,150
ENG,ENG-091,ENG-091-DATA_DISCOVERY_CLASSIFICATION_ENGINEERING.md,11,MEF-V3-DIC-0075;MEF-V3-DIC-0084;MEF-V3-DIC-0109;MEF-V3-DIC-0128;MEF-V3-DIC-0136;MEF-V3-DIC-0138;MEF-V3-DIC-0142;MEF-V3-DIC-0163;MEF-V3-DIC-0167;MEF-V3-DIC-0186;MEF-V3-DIC-0187,159
ENG,ENG-092,ENG-092-DATA_RETENTION_DISPOSAL_ENGINEERING.md,10,MEF-V3-DIC-0075;MEF-V3-DIC-0084;MEF-V3-DIC-0109;MEF-V3-DIC-0128;MEF-V3-DIC-0136;MEF-V3-DIC-0138;MEF-V3-DIC-0167;MEF-V3-DIC-0186;MEF-V3-DIC-0187;MEF-V3-DIC-0188,164
ENG,ENG-093,ENG-093-DATA_ARCHIVAL_PRESERVATION_ENGINEERING.md,14,MEF-V3-DIC-0075;MEF-V3-DIC-0084;MEF-V3-DIC-0109;MEF-V3-DIC-0115;MEF-V3-DIC-0119;MEF-V3-DIC-0128;MEF-V3-DIC-0131;MEF-V3-DIC-0132;MEF-V3-DIC-0136;MEF-V3-DIC-0138;MEF-V3-DIC-0163;MEF-V3-DIC-0167;MEF-V3-DIC-0186;MEF-V3-DIC-0187,180
ENG,ENG-094,ENG-094-DATA_PORTABILITY_ENGINEERING.md,15,MEF-V3-DIC-0075;MEF-V3-DIC-0084;MEF-V3-DIC-0100;MEF-V3-DIC-0109;MEF-V3-DIC-0119;MEF-V3-DIC-0128;MEF-V3-DIC-0131;MEF-V3-DIC-0132;MEF-V3-DIC-0136;MEF-V3-DIC-0138;MEF-V3-DIC-0151;MEF-V3-DIC-0155;MEF-V3-DIC-0167;MEF-V3-DIC-0186;MEF-V3-DIC-0187,242
ENG,ENG-095,ENG-095-DATA_SYNCHRONIZATION_ENGINEERING.md,14,MEF-V3-DIC-0068;MEF-V3-DIC-0071;MEF-V3-DIC-0075;MEF-V3-DIC-0084;MEF-V3-DIC-0109;MEF-V3-DIC-0128;MEF-V3-DIC-0130;MEF-V3-DIC-0131;MEF-V3-DIC-0136;MEF-V3-DIC-0138;MEF-V3-DIC-0155;MEF-V3-DIC-0167;MEF-V3-DIC-0186;MEF-V3-DIC-0187,67
ENG,ENG-096,ENG-096-DATA_REPLICATION_ENGINEERING.md,11,MEF-V3-DIC-0068;MEF-V3-DIC-0071;MEF-V3-DIC-0075;MEF-V3-DIC-0084;MEF-V3-DIC-0109;MEF-V3-DIC-0128;MEF-V3-DIC-0138;MEF-V3-DIC-0155;MEF-V3-DIC-0167;MEF-V3-DIC-0186;MEF-V3-DIC-0187,58
ENG,ENG-097,ENG-097-DATA_PARTITIONING_SHARDING_ENGINEERING.md,13,MEF-V3-DIC-0068;MEF-V3-DIC-0071;MEF-V3-DIC-0075;MEF-V3-DIC-0084;MEF-V3-DIC-0105;MEF-V3-DIC-0109;MEF-V3-DIC-0128;MEF-V3-DIC-0138;MEF-V3-DIC-0155;MEF-V3-DIC-0163;MEF-V3-DIC-0167;MEF-V3-DIC-0186;MEF-V3-DIC-0187,51
ENG,ENG-098,ENG-098-DATA_DISTRIBUTION_ENGINEERING.md,11,MEF-V3-DIC-0071;MEF-V3-DIC-0075;MEF-V3-DIC-0084;MEF-V3-DIC-0109;MEF-V3-DIC-0128;MEF-V3-DIC-0138;MEF-V3-DIC-0155;MEF-V3-DIC-0167;MEF-V3-DIC-0186;MEF-V3-DIC-0187;MEF-V3-DIC-0193,48
ENG,ENG-099,ENG-099-DATA_LOCALIZATION_RESIDENCY_ENGINEERING.md,11,MEF-V3-DIC-0071;MEF-V3-DIC-0075;MEF-V3-DIC-0084;MEF-V3-DIC-0109;MEF-V3-DIC-0128;MEF-V3-DIC-0138;MEF-V3-DIC-0145;MEF-V3-DIC-0155;MEF-V3-DIC-0167;MEF-V3-DIC-0186;MEF-V3-DIC-0187,61
ENG,ENG-100,ENG-100-DATA_LIFECYCLE_ORCHESTRATION_ENGINEERING.md,11,MEF-V3-DIC-0075;MEF-V3-DIC-0084;MEF-V3-DIC-0109;MEF-V3-DIC-0128;MEF-V3-DIC-0131;MEF-V3-DIC-0138;MEF-V3-DIC-0151;MEF-V3-DIC-0155;MEF-V3-DIC-0167;MEF-V3-DIC-0186;MEF-V3-DIC-0187,68
FND,FND-000,FND-000-Carta_del_Proyecto.md,34,MEF-V3-DIC-0067;MEF-V3-DIC-0068;MEF-V3-DIC-0069;MEF-V3-DIC-0084;MEF-V3-DIC-0106;MEF-V3-DIC-0109;MEF-V3-DIC-0128;MEF-V3-DIC-0138;MEF-V3-DIC-0156;MEF-V3-DIC-0157;MEF-V3-DIC-0160;MEF-V3-DIC-0161;MEF-V3-DIC-0163;MEF-V3-DIC-0164;MEF-V3-DIC-0166;MEF-V3-DIC-0167;MEF-V3-DIC-0170;MEF-V3-DIC-0171;MEF-V3-DIC-0172;MEF-V3-DIC-0173;MEF-V3-DIC-0174;MEF-V3-DIC-0175;MEF-V3-DIC-0176;MEF-V3-DIC-0180;MEF-V3-DIC-0181;MEF-V3-DIC-0186;MEF-V3-DIC-0187;MEF-V3-DIC-0188;MEF-V3-DIC-0191;MEF-V3-DIC-0193;MEF-V3-DIC-0197;MEF-V3-DIC-0199;MEF-V3-DIC-0200;MEF-V3-DIC-0202,81
FND,FND-001,FND-001-VISION.md,33,MEF-V3-DIC-0068;MEF-V3-DIC-0069;MEF-V3-DIC-0084;MEF-V3-DIC-0106;MEF-V3-DIC-0109;MEF-V3-DIC-0124;MEF-V3-DIC-0128;MEF-V3-DIC-0138;MEF-V3-DIC-0158;MEF-V3-DIC-0161;MEF-V3-DIC-0162;MEF-V3-DIC-0163;MEF-V3-DIC-0167;MEF-V3-DIC-0169;MEF-V3-DIC-0170;MEF-V3-DIC-0172;MEF-V3-DIC-0173;MEF-V3-DIC-0174;MEF-V3-DIC-0176;MEF-V3-DIC-0177;MEF-V3-DIC-0178;MEF-V3-DIC-0179;MEF-V3-DIC-0184;MEF-V3-DIC-0185;MEF-V3-DIC-0186;MEF-V3-DIC-0187;MEF-V3-DIC-0188;MEF-V3-DIC-0193;MEF-V3-DIC-0194;MEF-V3-DIC-0196;MEF-V3-DIC-0199;MEF-V3-DIC-0200;MEF-V3-DIC-0201,88
FND,FND-002,FND-02-MISION.md,31,MEF-V3-DIC-0069;MEF-V3-DIC-0084;MEF-V3-DIC-0106;MEF-V3-DIC-0109;MEF-V3-DIC-0138;MEF-V3-DIC-0159;MEF-V3-DIC-0161;MEF-V3-DIC-0162;MEF-V3-DIC-0163;MEF-V3-DIC-0165;MEF-V3-DIC-0167;MEF-V3-DIC-0168;MEF-V3-DIC-0170;MEF-V3-DIC-0171;MEF-V3-DIC-0172;MEF-V3-DIC-0173;MEF-V3-DIC-0174;MEF-V3-DIC-0175;MEF-V3-DIC-0176;MEF-V3-DIC-0182;MEF-V3-DIC-0183;MEF-V3-DIC-0184;MEF-V3-DIC-0186;MEF-V3-DIC-0187;MEF-V3-DIC-0189;MEF-V3-DIC-0190;MEF-V3-DIC-0192;MEF-V3-DIC-0195;MEF-V3-DIC-0198;MEF-V3-DIC-0200;MEF-V3-DIC-0203,94
FND,FND-003,FND-03-VALORES.md,5,MEF-V3-DIC-0109;MEF-V3-DIC-0172;MEF-V3-DIC-0173;MEF-V3-DIC-0174;MEF-V3-DIC-0186,5
FND,FND-004,FND-04-PRINCIPIOS_DE_ARQUITECTURA.md,5,MEF-V3-DIC-0109;MEF-V3-DIC-0172;MEF-V3-DIC-0173;MEF-V3-DIC-0174;MEF-V3-DIC-0186,5
FND,FND-005,FND-05-LENGUAJE_OFICIAL_DE_MEF.md,4,MEF-V3-DIC-0109;MEF-V3-DIC-0163;MEF-V3-DIC-0172;MEF-V3-DIC-0186,5
FND,FND-006,FND-06-GOBERNANZA_TECNICA.md,4,MEF-V3-DIC-0109;MEF-V3-DIC-0172;MEF-V3-DIC-0175;MEF-V3-DIC-0186,6
FND,FND-007,FND-07-MANIFIESTO_DE_INGENIERIA_DE_DESARROLLO.md,2,MEF-V3-DIC-0109;MEF-V3-DIC-0186,2
FND,FND-008,FND-08-DECALOGO_DEL_DESARROLLADOR.md,2,MEF-V3-DIC-0109;MEF-V3-DIC-0186,2
FND,FND-009,FND-09-FILOSOFIA_DE_DISENO.md,3,MEF-V3-DIC-0107;MEF-V3-DIC-0109;MEF-V3-DIC-0186,3
FND,FND-010,FND-10-ARBOL_DE_DECISIONES.md,3,MEF-V3-DIC-0109;MEF-V3-DIC-0175;MEF-V3-DIC-0186,3
FND,FND-011,FND-11-DOCTRINA_DE_ARQUITECTURA.md,3,MEF-V3-DIC-0057;MEF-V3-DIC-0109;MEF-V3-DIC-0186,3
FND,FND-012,FND-12-CONSTITUCION_DE_MEF.md,4,MEF-V3-DIC-0109;MEF-V3-DIC-0172;MEF-V3-DIC-0175;MEF-V3-DIC-0186,6
FND,FND-013,FND-13-INDEPENDENCIA_DEL_FRAMEWORK.md,4,MEF-V3-DIC-0109;MEF-V3-DIC-0172;MEF-V3-DIC-0175;MEF-V3-DIC-0186,4
FND,FND-014,FND-014-GUIA_EDITORIAL.md,4,MEF-V3-DIC-0109;MEF-V3-DIC-0163;MEF-V3-DIC-0175;MEF-V3-DIC-0186,4
