capa,fuente_id,archivo,titulo,bytes,lineas,frontmatter_detectado,errores_decodificacion_utf8,sha256,estado_v3,incluida_en_autoridad_v3,ids_legacy_como_autoridad
ARQ,ARQ-000,ARQ-000-ARQUITECTURA_GENERAL.md,Arquitectura General,430,26,SI,0,6cc524d537eb9ee938de3ae7e66354964d81208a9768713d535f9397c8f73bd5,FUENTE_PRIMARIA_CONGELADA,SI,NO
ARQ,ARQ-001,ARQ-001-VISION_ARQUITECTONICA.md,Visión Arquitectónica,400,26,SI,0,61bc30b8529a3249035c63967f2a47da011d840f546ba80df961d99c2c90ec36,FUENTE_PRIMARIA_CONGELADA,SI,NO
ARQ,ARQ-002,ARQ-002-CORE.md,Core,383,27,SI,0,ca0be809b9bcffe04ebce00fe24d76784fb4f0b4473f7f658afd7a0e378f6c5f,FUENTE_PRIMARIA_CONGELADA,SI,NO
ARQ,ARQ-003,ARQ-003-PLATFORM.md,Platform,398,27,SI,0,8620aa57aa309e458fa8ce4707ddc531b219d85b9182a10e020fe1a5b59d0d16,FUENTE_PRIMARIA_CONGELADA,SI,NO
ARQ,ARQ-004,ARQ-004-MODULES.md,Modules,14248,716,SI,0,eba944f94f8f72f26f9030a74b618392b6075816555b7a52ce82f5ea3bcfdd1a,FUENTE_PRIMARIA_CONGELADA,SI,NO
ARQ,ARQ-005,ARQ-005-KERNEL.md,Kernel,385,27,SI,0,a26180d0dd0227c35191f09ddee192c8de4956c7dbd11eac13bc9f58480a52b5,FUENTE_PRIMARIA_CONGELADA,SI,NO
ARQ,ARQ-006,ARQ-006-REGISTRY.md,Registry,378,26,SI,0,ca065680f55e320b2e2496e2e3a1d1d0f991fd146cfc178da93806c085bba1ce,FUENTE_PRIMARIA_CONGELADA,SI,NO
ARQ,ARQ-007,ARQ-007-SERVICE_CONTAINER.md,Service Container,442,27,SI,0,c976899a82097d4629cc694c320b3265b3648aff1e2a7386f4acff6a139588a4,FUENTE_PRIMARIA_CONGELADA,SI,NO
ARQ,ARQ-008,ARQ-008-EVENT_BUS.md,Event Bus,416,26,SI,0,eedf252e1a6c79569b8a292ad42318353a5edce7fd021fd255c20085751a40a9,FUENTE_PRIMARIA_CONGELADA,SI,NO
ARQ,ARQ-009,ARQ-009-BUILDERS.md,Builders,429,26,SI,0,8fdfb1c7e82447b046e58aa23b8713aa7788834c3ef80076dd33d98575edf139,FUENTE_PRIMARIA_CONGELADA,SI,NO
ARQ,ARQ-010,ARQ-010-TEMPLATE_ENGINE.md,Template Engine,5387,285,SI,0,4ba7e513a2edaac907e08ef939936f13152aa602c3642f6cd578af303af159ae,FUENTE_PRIMARIA_CONGELADA,SI,NO
ARQ,ARQ-011,ARQ-011-CONTRACTS.md,Contracts,6149,284,SI,0,62681d2bc7fde74fbe76281e818051eb54bb119ad7bce0f4544b5d9ceb679fc5,FUENTE_PRIMARIA_CONGELADA,SI,NO
ARQ,ARQ-012,ARQ-012-DEPENDENCY_INJECTION.md,Dependency Injection,5772,268,SI,0,e8941d0c085a72ff74265a1bfa32f05dd95fb54a14079940b8a134aa2dd96ad2,FUENTE_PRIMARIA_CONGELADA,SI,NO
ARQ,ARQ-013,ARQ-013-CONFIGURATION.md,Configuration,6811,316,SI,0,774ac347e90562b15867103a67c25ae5d97760d366a331e8bf2e70cd1568bfca,FUENTE_PRIMARIA_CONGELADA,SI,NO
ARQ,ARQ-014,ARQ-014-FRAMEWORK_LIFECYCLE.md,Framework Lifecycle,439,27,SI,0,5952559d8fc0893e4f6af30fdcc846203c8765adff27ee3ec403b1c616f58fb1,FUENTE_PRIMARIA_CONGELADA,SI,NO
ARQ,ARQ-015,ARQ-015-EXTENSION_MODEL.md,Extension Model,435,27,SI,0,b454f0edb80733f7866d776dfa0ebe1b2920e7ac62a162da192f1c2afceb1576,FUENTE_PRIMARIA_CONGELADA,SI,NO
ARQ,ARQ-016,ARQ-016-SECURITY.md,Security,428,27,SI,0,6c619fb0eb2066602df9e8d5d9598855e3f1f036d0549a87d9538f89ae1aa712,FUENTE_PRIMARIA_CONGELADA,SI,NO
ARQ,ARQ-017,ARQ-017-PACKAGING.md,Packaging,5394,304,SI,0,2a7197aa3df06101c328e37d57a4af97f48cd4d67adce677efcc706405768a83,FUENTE_PRIMARIA_CONGELADA,SI,NO
ENG,ENG-000,ENG-000-INGENIERIA_GENERAL.md,Ingeniería General,18939,839,SI,0,f7effc342bb0289be7ee51a4074200303c478a026c9650a3054ac65b5fcb1356,FUENTE_PRIMARIA_CONGELADA,SI,NO
ENG,ENG-001,ENG-001-ORGANIZACION_DEL_CODIGO.md,Organización del Código,23031,1080,SI,0,fc150ddc7336eaa6fb2484189e67a2258b25d3fb1869988cb32eb3ce3cdbc449,FUENTE_PRIMARIA_CONGELADA,SI,NO
ENG,ENG-002,ENG-002-ESPECIFICACION_DE_MODULES.md,Especificación de Modules,22855,1170,SI,0,cebd04e0f84dce8b25dcbb8ecb3ff73fc3954b9536925aec10dbbbd841939a32,FUENTE_PRIMARIA_CONGELADA,SI,NO
ENG,ENG-003,ENG-003-MANIFEST.md,Manifest,25187,1423,SI,0,41e1be96f4ef73f5f44479d65d730a72b2c9b5bffb8200622b6e293ee55e7530,FUENTE_PRIMARIA_CONGELADA,SI,NO
ENG,ENG-004,ENG-004-CONVENCIONES.md,Convenciones,32847,1593,SI,0,bce391b034fdfc2d732f6b92d441537b29e0968ccc8ae1f712dfee8fe78b53ba,FUENTE_PRIMARIA_CONGELADA,SI,NO
ENG,ENG-005,ENG-005-NOMENCLATURA.md,Nomenclatura,42260,2561,SI,0,28945d9abf90db5206515126ff00c895514cdf4e2ad1d7de8e9662508cb14a96,FUENTE_PRIMARIA_CONGELADA,SI,NO
ENG,ENG-006,ENG-006-ESTRUCTURA_DE_DIRECTORIOS.md,Estructura de Directorios,31572,1677,SI,0,2d532cc8ccac9e1964e6560335e45fbb037ab532187c38c796337c92d88d83f1,FUENTE_PRIMARIA_CONGELADA,SI,NO
ENG,ENG-007,ENG-007-CLI.md,CLI,26816,1598,SI,0,9d3211168fa53890f21c61c1d78e0cb52a81d836a10a5cabb3f6393eb70e5ed4,FUENTE_PRIMARIA_CONGELADA,SI,NO
ENG,ENG-008,ENG-008-GENERADORES.md,Generadores,24956,1503,SI,0,4c864fbb168595605705c0e05f81774da0a41721faf6940d9c6b8c777b7ef655,FUENTE_PRIMARIA_CONGELADA,SI,NO
ENG,ENG-009,ENG-009-TESTING.md,Testing,31932,1797,SI,0,5a51ea0314726e6457ef77c60eb8b2fe4a80adb85920b6d477da4cacff752967,FUENTE_PRIMARIA_CONGELADA,SI,NO
ENG,ENG-010,ENG-010-LOGGING.md,Logging,33696,1826,SI,0,2bd28abc5005716f432e6dc83267a09fd5d0bbb67a5c98d66c5de7c20a3e877a,FUENTE_PRIMARIA_CONGELADA,SI,NO
ENG,ENG-011,ENG-011-CONFIGURATION_FILES.md,Configuration Files,43074,2536,SI,0,b87b67b0b4c10b6b9b3b5ed6d4624d8b368349449d63b5f8d727a0e72e5b1e88,FUENTE_PRIMARIA_CONGELADA,SI,NO
ENG,ENG-012,ENG-012-BUILD_SYSTEM.md,Build System,30305,1873,SI,0,81aa8546d9c042a74e15aca7c85d53d589b1c7eb8e1cce506cbbdbf45dd8a205,FUENTE_PRIMARIA_CONGELADA,SI,NO
ENG,ENG-013,ENG-013-PACKAGE_MANAGER.md,Package Manager,50246,3046,SI,0,8ee7ade2e829f6dc468f8631a2e3ecbfa63ad420eafb6ae3188f38d8d5e6278d,FUENTE_PRIMARIA_CONGELADA,SI,NO
ENG,ENG-014,ENG-014-VERSIONADO.md,Versionado,47413,2781,SI,0,b548cb84e23aaf79575732be6c98ba5605489bca018686ee361d68f2c69a2418,FUENTE_PRIMARIA_CONGELADA,SI,NO
ENG,ENG-015,ENG-015-ARCHITECTURAL_STATE_MACHINE.md,Architectural State Machine,49013,3185,SI,0,6ee14e593ecde498ea508f5832789403fc7855685ffb1186e24d31eae207275e,FUENTE_PRIMARIA_CONGELADA,SI,NO
ENG,ENG-016,ENG-016-COMPATIBILITY.md,Compatibility,50698,3297,SI,0,53cd3f9a7bcf4c2cfa7a4d2505dc2f366ee560b455259b02d2da891a906ec0de,FUENTE_PRIMARIA_CONGELADA,SI,NO
ENG,ENG-017,ENG-017-RELEASE_PROCESS.md,Release Process,50101,3312,SI,0,036991ba80ba0e95955f4a2fd5f35859edf17d04195124c4c279364192b2160f,FUENTE_PRIMARIA_CONGELADA,SI,NO
ENG,ENG-018,ENG-018-DEPENDENCY_INJECTION.md,Dependency Injection,51650,3039,SI,0,0a7d26d91bc9c50b855203f56560c67053c71a96cbf1cb6a9ef8695ca4e39b0e,FUENTE_PRIMARIA_CONGELADA,SI,NO
ENG,ENG-019,ENG-019-SERVICE_CONTAINER.md,Service Container,46660,2812,SI,0,f84744230801ec27bba78066464ac3335831091c5bbad9300d11a13eebed6189,FUENTE_PRIMARIA_CONGELADA,SI,NO
ENG,ENG-020,ENG-020-REGISTRY_ENGINNEERING.md,Registry Engineering,51269,3234,SI,0,7b5d832b4476095795e9e0b309e1b36fae47ed69d0e0178fe154a4ffd98cd5bf,FUENTE_PRIMARIA_CONGELADA,SI,NO
ENG,ENG-021,ENG-021-CONTRACTS_ENGINNEERING.md,Contracts Engineering,54767,3293,SI,0,b9fc8508c759ca5a5cf34dfdbed860afdc833154122fc5180910209cf9ad75c1,FUENTE_PRIMARIA_CONGELADA,SI,NO
ENG,ENG-022,ENG-022-EVENT_BUS_ENGINNEERING.md,Event Bus Engineering,55698,3525,SI,0,17cbc3246deadb7dbf20441fb41ed64f0e1260eb6b2941237f91383efa3a2b6d,FUENTE_PRIMARIA_CONGELADA,SI,NO
ENG,ENG-023,ENG-023-ERROR_HANDLING.md,Error Handling,52978,3419,SI,0,bde26d317429b971d06c77333f51a23659aeafdeae0ad6b9ec603cbfaee06d20,FUENTE_PRIMARIA_CONGELADA,SI,NO
ENG,ENG-024,ENG-024-SECURITY_ENGINEERING.md,Security Engineering,65864,4156,SI,0,d3b9e978dc70b06f4bc755e9ddbd58bec258b453b4d15e1bfcc54380ca76ddb5,FUENTE_PRIMARIA_CONGELADA,SI,NO
ENG,ENG-025,ENG-025-OBSERVABILITY_ENGINEERING.md,Observability Engineering,49278,3279,SI,0,885af02d47de3b6e49ca9c0106387e794c7421a7b0f6b86f1a2c31b891f51d1a,FUENTE_PRIMARIA_CONGELADA,SI,NO
ENG,ENG-026,ENG-026-RUNTIME_PERFORMANCE_ENGINEERING.md,Runtime Performance Engineering,75391,3551,SI,0,e319dad3ecb695a992dde3a818c85e3d284fa6cdeb490202201a2127091c6c94,FUENTE_PRIMARIA_CONGELADA,SI,NO
ENG,ENG-027,ENG-027-RUNTIME_ENGINEERING.md,Runtime Engineering,59168,3777,SI,0,c0ad3ff016f9b6daa6170594304b48baf9fc79e0c0302a5d332a9cde45406bd5,FUENTE_PRIMARIA_CONGELADA,SI,NO
ENG,ENG-028,ENG-028-MODULE_ENGINEERING.md,Module Engineering,52138,3453,SI,0,b413528ffecc12d869059db2d7dce8588ac29136bd1f6415d73ce7b3bd8c64d7,FUENTE_PRIMARIA_CONGELADA,SI,NO
ENG,ENG-029,ENG-029-EXTENSION_ENGINEERING.md,Extension Engineering,42436,2651,SI,0,35bf661626824857be4a62365097f67b314ffbef1f25900b9a9070d26b0585c5,FUENTE_PRIMARIA_CONGELADA,SI,NO
ENG,ENG-030,ENG-030-PERSISTENCE_ENGINEERING.md,Persistence Engineering,49271,3097,SI,0,36067a59e6980c2239b908a4ad5ee32264003c90ec73835ace587ec5e7709cd5,FUENTE_PRIMARIA_CONGELADA,SI,NO
ENG,ENG-031,ENG-031-SERIALIZATION_ENGINEERING.md,Serialization Engineering,50443,3268,SI,0,b5197b699fd0cfbd3d88d336978b0eff88b075cb3d0d930f6e3f64e4b79cda0e,FUENTE_PRIMARIA_CONGELADA,SI,NO
ENG,ENG-032,ENG-032-TRANSPORT_ENGINEERING.md,Transport Engineering,49278,3282,SI,0,20f0e26e26f16d404fd2723ac7f4854871adcf611eb54cea55fcee9504d0db63,FUENTE_PRIMARIA_CONGELADA,SI,NO
ENG,ENG-033,ENG-033-INTERFACE_ENGINEERING.md,ENG-033-INTERFACE_ENGINEERING,35290,1783,NO,0,ed7ed1f623d818d371b5a29f85ebe365de779a660ed09527c2ff7305feb76fc5,FUENTE_PRIMARIA_CONGELADA,SI,NO
ENG,ENG-034,ENG-034-APPLICATION_ENGINEERING.md,Application Engineering,48868,3050,SI,0,69915583b05c3ccbe5a846387c4312a3faf8eb7b78564e94e1c2876bd634b39a,FUENTE_PRIMARIA_CONGELADA,SI,NO
ENG,ENG-035,ENG-035-DOMAIN_ENGINEERING.md,Domain Engineering,58919,3554,SI,0,09c2df86169c4fbf01bc0258d7fdfa65fd9c385378b67c9e095a90b519dfd83b,FUENTE_PRIMARIA_CONGELADA,SI,NO
ENG,ENG-036,ENG-036-VALIDATION_ENGINEERING.md,Validation Engineering,48030,3010,SI,0,60fd175495fd4709cb1fdb23e4a2165e3b4876a003240b005060eb5e20b96880,FUENTE_PRIMARIA_CONGELADA,SI,NO
ENG,ENG-037,ENG-037-CACHING_ENGINEERING.md,Caching Engineering,49608,3287,SI,0,19ad5cdac4a3388367bd5856c6666e9e4f5445e9e8ed7db67df2778522c7bab8,FUENTE_PRIMARIA_CONGELADA,SI,NO
ENG,ENG-038,ENG-038-CONCURRENCY_ENGINEERING.md,Concurrency Engineering,51539,3306,SI,0,f828e542d241df9db3372226cb82129c1606406ae14534771b325912ec5ac713,FUENTE_PRIMARIA_CONGELADA,SI,NO
ENG,ENG-039,ENG-039-RESILIENCE_ENGINEERING.md,Resilience Engineering,49023,3212,SI,0,cb06a8ab6827a574dc9934504b0ff0ef0d3dd4ff49899b095562b8e177ef01a5,FUENTE_PRIMARIA_CONGELADA,SI,NO
ENG,ENG-040,ENG-040-SCHEDULING_BACKGROUND_JOBS_ENGINEERING.md,Scheduling & Background Jobs Engineering,60989,4201,SI,0,b25dbf75747c4a4744d574becf7a4ba702042db9b6d225a21a51b295a76e1a6f,FUENTE_PRIMARIA_CONGELADA,SI,NO
ENG,ENG-041,ENG-041-MESSAGING_ENGINEERING.md,Messaging Engineering,60265,4163,SI,0,dcae988e4b0cc1cd6e1627bc1b2d3d3b59bb103621247c7b51582c8d05714401,FUENTE_PRIMARIA_CONGELADA,SI,NO
ENG,ENG-042,ENG-042-TRANSACTION_ENGINEERING.md,Transaction Engineering,54588,3414,SI,0,d5f1392f458e6543060a01b6687b6f1e0a4fa25d48e170dc696c24d39c0ddd6f,FUENTE_PRIMARIA_CONGELADA,SI,NO
ENG,ENG-043,ENG-043-DATA_ACCESS_ENGINEERING.md,Data Access Engineering,51302,3644,SI,0,d3f5569c0a3281284bfde0738dd122de9d4272ee6915dc961f6843f12f58a820,FUENTE_PRIMARIA_CONGELADA,SI,NO
ENG,ENG-044,ENG-044-API_ENGINEERING.md,API Engineering,60558,4241,SI,0,01e6bb77f6db101167e34d4e5d0bb8f562539d4eda5073fd973641cb5b89706c,FUENTE_PRIMARIA_CONGELADA,SI,NO
ENG,ENG-045,ENG-045-AUTHENTICATION_ENGINEERING.md,Authentication Engineering,62484,3927,SI,0,de0d9aa276151edd9a24871ad68eac69f66144004e709537c13da59daac6679c,FUENTE_PRIMARIA_CONGELADA,SI,NO
ENG,ENG-046,ENG-046-AUTHORIZATION_ENGINEERING.md,Authorization Engineering,62820,3999,SI,0,7ad4a711c1a31cf19486e9591223812ad6a5fab078a8743e395779e11e890bed,FUENTE_PRIMARIA_CONGELADA,SI,NO
ENG,ENG-047,ENG-047-IDENTITY_ACCESS_MANAGEMENT_ENGINEERING.md,Identity & Access Management Engineering,65073,4061,SI,0,d5a954121ea889843f8681b54b42caea971d75c1232ca87d552bb51871a1a7f3,FUENTE_PRIMARIA_CONGELADA,SI,NO
ENG,ENG-048,ENG-048-MULTI_TENANCY_ENGINEERING.md,Multi-Tenancy Engineering,60569,3526,SI,0,eb015673cd19356a3809613b6a7624bccaeb39dfa04122ab35a9491b661ef4a6,FUENTE_PRIMARIA_CONGELADA,SI,NO
ENG,ENG-049,ENG-049-CONFIGURATION_MANAGEMENT_ENGINEERING.md,Configuration Management Engineering,57843,3517,SI,0,e056f0bd2b760b8ce7d6949c63280a5b1f5743513eb0e4ee3d8ff0e247751389,FUENTE_PRIMARIA_CONGELADA,SI,NO
ENG,ENG-050,ENG-050-FEATURE_MANAGEMENT_ENGINEERING.md,Feature Management Engineering,50269,3064,SI,0,f544bc91fc2815fae5ebed9ab451f7f22f2ac94d15309ee26bcc770c9d3cdd93,FUENTE_PRIMARIA_CONGELADA,SI,NO
ENG,ENG-051,ENG-051-POLICY_ENGINEERING.md,Policy Engineering,52817,3153,SI,0,d07ece3b1d024293185094d32518b086ea7dbc2f2569830f47dd7f4e46f0c2a0,FUENTE_PRIMARIA_CONGELADA,SI,NO
ENG,ENG-052,ENG-052-WORKFLOW_ENGINEERING.md,Workflow Engineering,59345,3603,SI,0,cec08be43c31dc7ec67526d45b04faf0fdf594320edddded7e28e655b0e4a6d3,FUENTE_PRIMARIA_CONGELADA,SI,NO
ENG,ENG-053,ENG-053-STATE_MANAGEMENT_ENGINEERING.md,State Management Engineering,53364,3177,SI,0,7708d65830302970bbbc257348418959415e53a7a4814a22272533943138bf78,FUENTE_PRIMARIA_CONGELADA,SI,NO
ENG,ENG-054,ENG-054-RESOURCE_MANAGEMENT_ENGINEERING.md,Resource Management Engineering,55960,3378,SI,0,6429e1aea3ca4482c3a1272fccc31babec69b39e41e381f0af4eeccd03d7d0d8,FUENTE_PRIMARIA_CONGELADA,SI,NO
ENG,ENG-055,ENG-055-LIFECYCLE_MANAGEMENT_ENGINEERING.md,Lifecycle Management Engineering,55544,3382,SI,0,2eead27e5d1a549f6942ce88c7bbbc74c9e47be68edc95d9c285918b3c245755,FUENTE_PRIMARIA_CONGELADA,SI,NO
ENG,ENG-056,ENG-056-CONTEXT_MANAGEMENT_ENGINEERING.md,Context Management Engineering,55135,3155,SI,0,d8b748686d4e531cb1d333cb18d534b00ad8be8587da0cb13e813d0ac43f4023,FUENTE_PRIMARIA_CONGELADA,SI,NO
ENG,ENG-057,ENG-057-METADATA_ENGINEERING.md,Metadata Engineering,51326,3148,SI,0,34d2ba64ca37aed7a7ddaf555d67368172fc04dc70e32fd9d9fa2a205415cb4c,FUENTE_PRIMARIA_CONGELADA,SI,NO
ENG,ENG-058,ENG-058-DISCOVERY_ENGINEERING.md,Discovery Engineering,56544,2502,SI,0,67b76ddc475b37cbd74e759f0734acabc5760d4f9e7f09426ba9e32c4ee9b891,FUENTE_PRIMARIA_CONGELADA,SI,NO
ENG,ENG-059,ENG-059-RESOLUTION_ENGINEERING.md,Resolution Engineering,63654,2780,SI,0,1d49f845c1c6d8dbe83dc12c7b15e5bdebfa3aec3dc7fd58082b80cc4453611b,FUENTE_PRIMARIA_CONGELADA,SI,NO
ENG,ENG-060,ENG-060-PLUGIN_ENGINEERING.md,Extension & Plugin Engineering,74829,3294,SI,0,b872de095eaec426189c7fcdeb0ab470140c8bd76e5421105cdac645878cf7a4,FUENTE_PRIMARIA_CONGELADA,SI,NO
ENG,ENG-061,ENG-061-INTEROPERABILITY_ENGINEERING.md,Interoperability Engineering,48604,2951,SI,0,9f76c82d9693349a54c7d142a435204cfa428efb9b4a873a66bcd13e437d5fb5,FUENTE_PRIMARIA_CONGELADA,SI,NO
ENG,ENG-062,ENG-062-SCHEMA_ENGINEERING.md,Schema Engineering,49475,3014,SI,0,731bc9e0dd06033b923a2e0038378318e3ac472047a90d9da36471916aa2ecaf,FUENTE_PRIMARIA_CONGELADA,SI,NO
ENG,ENG-063,ENG-063-DATA_TRANSFORMATION_ENGINEERING.md,Data Transformation Engineering,47225,2987,SI,0,d19fddbf8d2d92556370996de478e865a3413c157120785d35cd22f9bc64e22e,FUENTE_PRIMARIA_CONGELADA,SI,NO
ENG,ENG-064,ENG-064-DATA_PIPELINE_ENGINEERING.md,Data Pipeline Engineering,51296,3309,SI,0,39c1157bf4de800a92635d56ab8697f9543824db21ec8c09557351bac10a1785,FUENTE_PRIMARIA_CONGELADA,SI,NO
ENG,ENG-065,ENG-065-MIGRATION_ENGINEERING.md,Migration Engineering,54735,3310,SI,0,f115ba25d8256091a49e521268ba2f727b136347033fec2600ec87a09ff6da86,FUENTE_PRIMARIA_CONGELADA,SI,NO
ENG,ENG-066,ENG-066-UPGRADE_ENGINEERING.md,Upgrade Engineering,48688,3037,SI,0,1455d5a8e47ff7b76a00fa6b9773f6cb7d3ad32cb4d169c54738256cc9eb1120,FUENTE_PRIMARIA_CONGELADA,SI,NO
ENG,ENG-067,ENG-067-DEPLOYMENT_ENGINEERING.md,Deployment Engineering,51149,3264,SI,0,9f03d0e5c95dbd331f1317c0c752e6079a4da1daa9f985064ad2fb437137ebf8,FUENTE_PRIMARIA_CONGELADA,SI,NO
ENG,ENG-068,ENG-068-ENVIRONMENT_ENGINEERING.md,Environment Engineering,52078,3110,SI,0,97525d0382624dba3745b6eaa12f905ccaacdb97665ff617ac61782ec07a89b2,FUENTE_PRIMARIA_CONGELADA,SI,NO
ENG,ENG-069,ENG-069-HEALTH_READINESS_ENGINEERING.md,Health & Readiness Engineering,48584,3077,SI,0,d8b4e1898fa777d9bae7e769cccee92305f0355592ddc8df4558b89cd10583e6,FUENTE_PRIMARIA_CONGELADA,SI,NO
ENG,ENG-070,ENG-070-PERFORMANCE_ENGINEERING.md,Performance Engineering,49959,3208,SI,0,3b26e287f9726b8dde96631b1dd899e703d985a0a4562e5970433f05bb37f5aa,FUENTE_PRIMARIA_CONGELADA,SI,NO
ENG,ENG-071,ENG-071-CAPACITY_ENGINEERING.md,Capacity Engineering,58359,3814,SI,0,2529aa8d0718ab47831f7afb32f0b5bfa7e2845dd9792393bb74d1d9eea00619,FUENTE_PRIMARIA_CONGELADA,SI,NO
ENG,ENG-072,ENG-072-SCALABILITY_ENGINEERING.md,Scalability Engineering,55429,3432,SI,0,1488ff984c3c7f338dfae61ce65d34dc951fb45edbfe02c00cb836b19b863ae3,FUENTE_PRIMARIA_CONGELADA,SI,NO
ENG,ENG-073,ENG-073-AVAILABILITY_ENGINEERING.md,Availability Engineering,58085,3473,SI,0,4b55c736a7f3e87cb574ae0118c3bab0b432d6cca48d6e4e619e2bd512c98f3f,FUENTE_PRIMARIA_CONGELADA,SI,NO
ENG,ENG-074,ENG-074-RELIABILITY_ENGINEERING.md,Reliability Engineering,56386,3393,SI,0,d8e9c72f2ab50098ee51314ff34291b5c6de8c2ff42c1dae077d8dcb50358942,FUENTE_PRIMARIA_CONGELADA,SI,NO
ENG,ENG-075,ENG-075-MAINTAINABILITY_ENGINEERING.md,Maintainability Engineering,59403,3621,SI,0,971272bf44bfef45762f96ae7d5f8aa86f2568047d1b203e1142e789238d1663,FUENTE_PRIMARIA_CONGELADA,SI,NO
ENG,ENG-076,ENG-076-RECOVERABILITY_ENGINEERING.md,Recoverability Engineering,63045,3909,SI,0,aa534c3de335d6a30d457a2150543034fdae78f2066d7c534d93abeda5f525f5,FUENTE_PRIMARIA_CONGELADA,SI,NO
ENG,ENG-077,ENG-077-DURABILITY_ENGINEERING.md,Durability Engineering,62351,3696,SI,0,9d6b3d950ba2b5b07d1bdef11b52d8c7641f44cf2e34ade4cd57a8999d08df27,FUENTE_PRIMARIA_CONGELADA,SI,NO
ENG,ENG-078,ENG-078-CONSISTENCY_ENGINEERING.md,Consistency Engineering,63424,3723,SI,0,d92d8bc7ff2c6074b102afa7fd51aae3ecaa52a09e2cf70f68529d0fa0d794ce,FUENTE_PRIMARIA_CONGELADA,SI,NO
ENG,ENG-079,ENG-079-DATA_INTEGRITY_ENGINEERING.md,Data Integrity Engineering,62971,3988,SI,0,4f13fbd848349fc8bd382a8e59b5573b167cb11d7953a53b016198483dae21fe,FUENTE_PRIMARIA_CONGELADA,SI,NO
ENG,ENG-080,ENG-080-DATA_QUALITY_ENGINEERING.md,Data Quality Engineering,62108,4084,SI,0,6162b101b6049abb58371bfd559ae0b3bf1c2126f9cc73b5716944755f9ea805,FUENTE_PRIMARIA_CONGELADA,SI,NO
ENG,ENG-081,ENG-081-DATA_GOVERNANCE_ENGINEERING.md,Data Governance Engineering,71231,4570,SI,0,3868054537c1f9ee9fe30db93a2835a511c116b9150564e179d87cc2c74d0f72,FUENTE_PRIMARIA_CONGELADA,SI,NO
ENG,ENG-082,ENG-082-DATA_PRIVACY_ENGINEERING.md,Data Privacy Engineering,56264,3355,SI,0,c864bc6883c78c770cb45a0a59b2f419883cf8ccf911063bb4cbb108ba9295ee,FUENTE_PRIMARIA_CONGELADA,SI,NO
ENG,ENG-083,ENG-083-DATA_COMPLIANCE_ENGINEERING.md,Data Compliance Engineering,53203,3217,SI,0,f37916ebcbd24645f8d5c49a7813d1b62cf5b682ec012604b435853cb4dd8fb2,FUENTE_PRIMARIA_CONGELADA,SI,NO
ENG,ENG-084,ENG-084-DATA_ETHICS_ENGINEERING.md,Data Ethics Engineering,57445,3509,SI,0,3fd4430a334c55b92c38c0becde0abba6f675a035a097b89247a2b4996f265da,FUENTE_PRIMARIA_CONGELADA,SI,NO
ENG,ENG-085,ENG-085-DATA_TRUST_ENGINEERING.md,Data Trust Engineering,55676,3613,SI,0,e7030b0e2d870546bdc29a9ce39f4da96f84d5f1cf078fad9392f3a98e555ec7,FUENTE_PRIMARIA_CONGELADA,SI,NO
ENG,ENG-086,ENG-086-DATA_PRODUCT_ENGINEERING.md,Data Product Engineering,36166,1745,SI,0,98864b84bca89cfc6b0769779c4f654e0410caed8ada303c4b0552aee13b5cb0,FUENTE_PRIMARIA_CONGELADA,SI,NO
ENG,ENG-087,ENG-087-DATA_EXCHANGE_SHARING_ENGINEERING.md,Data Exchange & Sharing Engineering,29933,1410,SI,0,ae9dc7e4ed4858d049ded34bdc679d01770a5fc686ff158ad97c7efc6388386e,FUENTE_PRIMARIA_CONGELADA,SI,NO
ENG,ENG-088,ENG-088-DATA_FEDERATION_ENGINEERING.md,Data Federation Engineering,40424,2059,SI,0,dff70432543c76659fc82cbaf5d576f795b8f5ed438671f0998797516d4049ac,FUENTE_PRIMARIA_CONGELADA,SI,NO
ENG,ENG-089,ENG-089-DATA_LINEAGE_PROVENANCE_ENGINEERING.md,Data Lineage & Provenance Engineering,29397,1200,SI,0,f50aabb3ef8ddee3dc745c3d691072d5af17d1d0fdb1d8e448c7bda9b37bbdd2,FUENTE_PRIMARIA_CONGELADA,SI,NO
ENG,ENG-090,ENG-090-DATA_CATALOG_ENGINEERING.md,Data Catalog Engineering,39839,2087,SI,0,94a1a04326f824422f8ae3212cf20ec3d197afb1d1c029fa609187f8d73f26a1,FUENTE_PRIMARIA_CONGELADA,SI,NO
ENG,ENG-091,ENG-091-DATA_DISCOVERY_CLASSIFICATION_ENGINEERING.md,Data Discovery & Classification Engineering,41873,2080,SI,0,98c3fdf294ffa1a97e38932bf48407ebe7959077c177c6478f4da16443c4fcb9,FUENTE_PRIMARIA_CONGELADA,SI,NO
ENG,ENG-092,ENG-092-DATA_RETENTION_DISPOSAL_ENGINEERING.md,Data Retention & Disposal Engineering,40984,2019,SI,0,27bd10b5a98c0d1f27cb704ac93ab61fcb4fb8af720e66711086eaa0de020019,FUENTE_PRIMARIA_CONGELADA,SI,NO
ENG,ENG-093,ENG-093-DATA_ARCHIVAL_PRESERVATION_ENGINEERING.md,Data Archival & Preservation Engineering,38017,1464,SI,0,14a1a0fad64264af66b8c1a0ba3a8763ef0d8589b48a7118aab4c67f15ea1fba,FUENTE_PRIMARIA_CONGELADA,SI,NO
ENG,ENG-094,ENG-094-DATA_PORTABILITY_ENGINEERING.md,Data Portability Engineering,36772,1977,SI,0,ec240e15ee8cdbaa22fc6e29c6ff5a43ea6e18d65982fcfb82488ac0b782c7d8,FUENTE_PRIMARIA_CONGELADA,SI,NO
ENG,ENG-095,ENG-095-DATA_SYNCHRONIZATION_ENGINEERING.md,Data Synchronization Engineering,20863,701,SI,0,edcde07725a2bac93ef06be7284c5a20c405291848eef92272e64ffd3cf50bf3,FUENTE_PRIMARIA_CONGELADA,SI,NO
ENG,ENG-096,ENG-096-DATA_REPLICATION_ENGINEERING.md,Data Replication Engineering,19309,731,SI,0,8012cabf243388b65d73c1065b7a8ae23991b7d9917bea3315db350f52230867,FUENTE_PRIMARIA_CONGELADA,SI,NO
ENG,ENG-097,ENG-097-DATA_PARTITIONING_SHARDING_ENGINEERING.md,Data Partitioning & Sharding Engineering,18366,708,SI,0,0fef01ab001863af9e3291a3ce7c12ea6c0da8f4d6c8948cddf51da2ab599643,FUENTE_PRIMARIA_CONGELADA,SI,NO
ENG,ENG-098,ENG-098-DATA_DISTRIBUTION_ENGINEERING.md,Data Distribution Engineering,18948,700,SI,0,2d093a7eb45835e6c7b0468cf0bd6d287fef4140dec40c80ce6d14d0006bddea,FUENTE_PRIMARIA_CONGELADA,SI,NO
ENG,ENG-099,ENG-099-DATA_LOCALIZATION_RESIDENCY_ENGINEERING.md,Data Localization & Residency Engineering,20189,780,SI,0,6f4bc7d84ec4b58a6822f03927513e28c7108f3c01256bb66d0c8af8b279759d,FUENTE_PRIMARIA_CONGELADA,SI,NO
ENG,ENG-100,ENG-100-DATA_LIFECYCLE_ORCHESTRATION_ENGINEERING.md,Data Lifecycle Orchestration Engineering,29462,1123,SI,0,e811e17d4c352f6cb6e83676856106b2250abe4bbef675626d892441561bead4,FUENTE_PRIMARIA_CONGELADA,SI,NO
FND,FND-000,FND-000-Carta_del_Proyecto.md,Carta del Proyecto,5439,228,SI,0,3a70a7e543c58316ccdc6f8c9fa42aa80bc84aeabc45843410c352baadc94c37,FUENTE_PRIMARIA_CONGELADA,SI,NO
FND,FND-001,FND-001-VISION.md,Visión,4457,177,SI,0,aeb28ce89f793c64d69000cc6b227dac581c589f4a2cce3762841ca9cd4b6ed4,FUENTE_PRIMARIA_CONGELADA,SI,NO
FND,FND-002,FND-02-MISION.md,Misión,4258,162,SI,0,7125c98d034e172f6cc7d6d0a34c9fa06e3f3b3df9e7d65686e1f132ed912be4,FUENTE_PRIMARIA_CONGELADA,SI,NO
FND,FND-003,FND-03-VALORES.md,Valores,386,26,SI,0,308f420992e17542c04faa36df583af95eff6dc7047cae6aab98018842c821f1,FUENTE_PRIMARIA_CONGELADA,SI,NO
FND,FND-004,FND-04-PRINCIPIOS_DE_ARQUITECTURA.md,Principios de Arquitectura,426,28,SI,0,d6bf7eb1ffc1578a414a483d3fa1cb8c03a72c07e43ca7ae927ce7ab79a5695c,FUENTE_PRIMARIA_CONGELADA,SI,NO
FND,FND-005,FND-05-LENGUAJE_OFICIAL_DE_MEF.md,Lenguaje Oficial de MEF,375,23,SI,0,29f3fce241d382322c161ae300c41cf6e1f58660d1d9e82ebead51a2d40a534c,FUENTE_PRIMARIA_CONGELADA,SI,NO
FND,FND-006,FND-06-GOBERNANZA_TECNICA.md,Gobernanza Técnica,415,27,SI,0,977fbbce79a609bb3596d077c6ec3ece7d73a70fcc9c4cf0e4c734504696e5f1,FUENTE_PRIMARIA_CONGELADA,SI,NO
FND,FND-007,FND-07-MANIFIESTO_DE_INGENIERIA_DE_DESARROLLO.md,Manifiesto de Desarrollo,386,25,SI,0,9bb4c15ca47be88edca986a1f1b4786657b33beee9517d1809400946c8041544,FUENTE_PRIMARIA_CONGELADA,SI,NO
FND,FND-008,FND-08-DECALOGO_DEL_DESARROLLADOR.md,Decálogo del Desarrollador,391,25,SI,0,5885cc03a5336f6c2d706434e7e2e4f7f0db725d259a0fe777651168094bc8a2,FUENTE_PRIMARIA_CONGELADA,SI,NO
FND,FND-009,FND-09-FILOSOFIA_DE_DISENO.md,Filosofía de Diseño,397,25,SI,0,b6efe093c69d38a226e75f2497e8cf3fb47cbbf613821f3b54b0cfe910f6ea0a,FUENTE_PRIMARIA_CONGELADA,SI,NO
FND,FND-010,FND-10-ARBOL_DE_DECISIONES.md,Árbol de Decisiones,394,25,SI,0,17f187eb3f91c50b866893407896d2da75b27d735ac5863e0fcb990b9dce47af,FUENTE_PRIMARIA_CONGELADA,SI,NO
FND,FND-011,FND-11-DOCTRINA_DE_ARQUITECTURA.md,Doctrina de Arquitectura,391,25,SI,0,724565ade64bb93291794317a6d05edb07a07743c85e022f8d7f2734c6177ab0,FUENTE_PRIMARIA_CONGELADA,SI,NO
FND,FND-012,FND-12-CONSTITUCION_DE_MEF.md,Constitución de MEF,420,25,SI,0,04621e38cd50e724cbd95b19f77b87807f620b73f6e3b0261f5ed7401b74d280,FUENTE_PRIMARIA_CONGELADA,SI,NO
FND,FND-013,FND-13-INDEPENDENCIA_DEL_FRAMEWORK.md,Independencia del Framework,492,28,SI,0,547515b0f59d8ceef5fe9314f98290a5c2d71340fc4062c169ee52799bde05e6,FUENTE_PRIMARIA_CONGELADA,SI,NO
FND,FND-014,FND-014-GUIA_EDITORIAL.md,Estándar de Documentación,393,23,SI,0,4b92f28d573e393c7026359dde40db13aaa6f5673a1257f0eddeda180a7a3c4c,FUENTE_PRIMARIA_CONGELADA,SI,NO
