mef_v3_id,termino_canonico,autoridad_10_4,fnd_cobertura,fnd_fuentes,arq_cobertura,arq_fuentes,eng_cobertura,eng_fuentes,numero_capas_cubiertas,numero_fuentes_cubiertas,estado_cobertura_11_1
MEF-V3-DIC-0001,Acoplamiento oculto,AUTORIDAD_ARQ,NO,,SI,ARQ-004,NO,,1,1,COBERTURA_1_CAPA
MEF-V3-DIC-0002,Activos Empaquetables,AUTORIDAD_ARQ,NO,,SI,ARQ-017,NO,,1,1,COBERTURA_1_CAPA
MEF-V3-DIC-0003,AI-011,AUTORIDAD_ARQ,NO,,SI,ARQ-004,NO,,1,1,COBERTURA_1_CAPA
MEF-V3-DIC-0004,AI-012,AUTORIDAD_ARQ,NO,,SI,ARQ-004,NO,,1,1,COBERTURA_1_CAPA
MEF-V3-DIC-0005,AI-013,AUTORIDAD_ARQ,NO,,SI,ARQ-004,NO,,1,1,COBERTURA_1_CAPA
MEF-V3-DIC-0006,AI-014,AUTORIDAD_ARQ,NO,,SI,ARQ-004,NO,,1,1,COBERTURA_1_CAPA
MEF-V3-DIC-0007,AI-015,AUTORIDAD_ARQ,NO,,SI,ARQ-004,SI,ENG-009,2,2,COBERTURA_2_CAPAS
MEF-V3-DIC-0008,AI-016,AUTORIDAD_ARQ,NO,,SI,ARQ-004,NO,,1,1,COBERTURA_1_CAPA
MEF-V3-DIC-0009,AI-017,AUTORIDAD_ARQ,NO,,SI,ARQ-004,NO,,1,1,COBERTURA_1_CAPA
MEF-V3-DIC-0010,AI-018,AUTORIDAD_ARQ,NO,,SI,ARQ-004,NO,,1,1,COBERTURA_1_CAPA
MEF-V3-DIC-0011,AI-055,AUTORIDAD_ARQ,NO,,SI,ARQ-010,NO,,1,1,COBERTURA_1_CAPA
MEF-V3-DIC-0012,AI-056,AUTORIDAD_ARQ,NO,,SI,ARQ-010,NO,,1,1,COBERTURA_1_CAPA
MEF-V3-DIC-0013,AI-057,AUTORIDAD_ARQ,NO,,SI,ARQ-010,NO,,1,1,COBERTURA_1_CAPA
MEF-V3-DIC-0014,AI-058,AUTORIDAD_ARQ,NO,,SI,ARQ-010,NO,,1,1,COBERTURA_1_CAPA
MEF-V3-DIC-0015,AI-058 La generación,AUTORIDAD_ARQ,NO,,SI,ARQ-010,NO,,1,1,COBERTURA_1_CAPA
MEF-V3-DIC-0016,AI-059,AUTORIDAD_ARQ,NO,,SI,ARQ-010,NO,,1,1,COBERTURA_1_CAPA
MEF-V3-DIC-0017,AI-059 Las plantillas,AUTORIDAD_ARQ,NO,,SI,ARQ-010,NO,,1,1,COBERTURA_1_CAPA
MEF-V3-DIC-0018,AI-060,AUTORIDAD_ARQ,NO,,SI,ARQ-010,NO,,1,1,COBERTURA_1_CAPA
MEF-V3-DIC-0019,AI-061,AUTORIDAD_ARQ,NO,,SI,ARQ-011,NO,,1,1,COBERTURA_1_CAPA
MEF-V3-DIC-0020,AI-062,AUTORIDAD_ARQ,NO,,SI,ARQ-011,NO,,1,1,COBERTURA_1_CAPA
MEF-V3-DIC-0021,AI-063,AUTORIDAD_ARQ,NO,,SI,ARQ-011,NO,,1,1,COBERTURA_1_CAPA
MEF-V3-DIC-0022,AI-064,AUTORIDAD_ARQ,NO,,SI,ARQ-011,NO,,1,1,COBERTURA_1_CAPA
MEF-V3-DIC-0023,AI-064 Los Contracts,AUTORIDAD_ARQ,NO,,SI,ARQ-011,NO,,1,1,COBERTURA_1_CAPA
MEF-V3-DIC-0024,AI-065,AUTORIDAD_ARQ,NO,,SI,ARQ-011,NO,,1,1,COBERTURA_1_CAPA
MEF-V3-DIC-0025,AI-066,AUTORIDAD_ARQ,NO,,SI,ARQ-011,NO,,1,1,COBERTURA_1_CAPA
MEF-V3-DIC-0026,AI-066 Los Contracts,AUTORIDAD_ARQ,NO,,SI,ARQ-011,NO,,1,1,COBERTURA_1_CAPA
MEF-V3-DIC-0027,AI-067,AUTORIDAD_ARQ,NO,,SI,ARQ-012,NO,,1,1,COBERTURA_1_CAPA
MEF-V3-DIC-0028,AI-068,AUTORIDAD_ARQ,NO,,SI,ARQ-012,NO,,1,1,COBERTURA_1_CAPA
MEF-V3-DIC-0029,AI-069,AUTORIDAD_ARQ,NO,,SI,ARQ-012,NO,,1,1,COBERTURA_1_CAPA
MEF-V3-DIC-0030,AI-070,AUTORIDAD_ARQ,NO,,SI,ARQ-012,NO,,1,1,COBERTURA_1_CAPA
MEF-V3-DIC-0031,AI-071,AUTORIDAD_ARQ,NO,,SI,ARQ-012,NO,,1,1,COBERTURA_1_CAPA
MEF-V3-DIC-0032,AI-072,AUTORIDAD_ARQ,NO,,SI,ARQ-012,NO,,1,1,COBERTURA_1_CAPA
MEF-V3-DIC-0033,AI-072 Constructor Injection,AUTORIDAD_ARQ,NO,,SI,ARQ-012,NO,,1,1,COBERTURA_1_CAPA
MEF-V3-DIC-0034,AI-073,AUTORIDAD_ARQ,NO,,SI,ARQ-013,NO,,1,1,COBERTURA_1_CAPA
MEF-V3-DIC-0035,AI-074,AUTORIDAD_ARQ,NO,,SI,ARQ-013,NO,,1,1,COBERTURA_1_CAPA
MEF-V3-DIC-0036,AI-075,AUTORIDAD_ARQ,NO,,SI,ARQ-013,NO,,1,1,COBERTURA_1_CAPA
MEF-V3-DIC-0037,AI-075 Toda política,AUTORIDAD_ARQ,NO,,SI,ARQ-013,NO,,1,1,COBERTURA_1_CAPA
MEF-V3-DIC-0038,AI-076,AUTORIDAD_ARQ,NO,,SI,ARQ-013,NO,,1,1,COBERTURA_1_CAPA
MEF-V3-DIC-0039,AI-076 La configuración,AUTORIDAD_ARQ,NO,,SI,ARQ-013,NO,,1,1,COBERTURA_1_CAPA
MEF-V3-DIC-0040,AI-077,AUTORIDAD_ARQ,NO,,SI,ARQ-013,NO,,1,1,COBERTURA_1_CAPA
MEF-V3-DIC-0041,AI-078,AUTORIDAD_ARQ,NO,,SI,ARQ-013,NO,,1,1,COBERTURA_1_CAPA
MEF-V3-DIC-0042,AI-097,AUTORIDAD_ARQ,NO,,SI,ARQ-017,NO,,1,1,COBERTURA_1_CAPA
MEF-V3-DIC-0043,AI-098,AUTORIDAD_ARQ,NO,,SI,ARQ-017,NO,,1,1,COBERTURA_1_CAPA
MEF-V3-DIC-0044,AI-099,AUTORIDAD_ARQ,NO,,SI,ARQ-017,NO,,1,1,COBERTURA_1_CAPA
MEF-V3-DIC-0045,AI-100,AUTORIDAD_ARQ,NO,,SI,ARQ-017,NO,,1,1,COBERTURA_1_CAPA
MEF-V3-DIC-0046,AI-101,AUTORIDAD_ARQ,NO,,SI,ARQ-017,NO,,1,1,COBERTURA_1_CAPA
MEF-V3-DIC-0047,AI-102,AUTORIDAD_ARQ,NO,,SI,ARQ-017,NO,,1,1,COBERTURA_1_CAPA
MEF-V3-DIC-0048,AI-102 Todo Package,AUTORIDAD_ARQ,NO,,SI,ARQ-017,NO,,1,1,COBERTURA_1_CAPA
MEF-V3-DIC-0049,Anatomía conceptual,AUTORIDAD_ARQ,NO,,SI,ARQ-004,NO,,1,1,COBERTURA_1_CAPA
MEF-V3-DIC-0050,API pública,AUTORIDAD_ARQ,NO,,SI,ARQ-004,SI,ENG-001;ENG-002;ENG-004;ENG-006;ENG-016;ENG-028;ENG-030;ENG-033;ENG-041;ENG-044;ENG-057,2,12,COBERTURA_2_CAPAS
MEF-V3-DIC-0051,API pública accidental,AUTORIDAD_ARQ,NO,,SI,ARQ-004,NO,,1,1,COBERTURA_1_CAPA
MEF-V3-DIC-0052,ARQ-004,AUTORIDAD_ARQ,NO,,SI,ARQ-001;ARQ-002;ARQ-003;ARQ-004;ARQ-005;ARQ-006;ARQ-008;ARQ-015;ARQ-017,SI,ENG-000;ENG-001;ENG-002;ENG-003;ENG-004;ENG-005;ENG-006;ENG-009;ENG-013;ENG-014;ENG-015;ENG-016;ENG-018;ENG-019;ENG-020;ENG-021;ENG-022;ENG-023;ENG-024;ENG-028;ENG-029;ENG-030;ENG-031;ENG-032;ENG-033;ENG-034;ENG-035;ENG-036;ENG-037;ENG-038;ENG-039;ENG-040;ENG-041;ENG-042;ENG-043;ENG-044;ENG-045;ENG-046;ENG-047;ENG-048;ENG-049;ENG-050;ENG-051;ENG-052;ENG-053;ENG-054;ENG-055;ENG-056;ENG-057;ENG-059;ENG-060;ENG-061;ENG-062;ENG-063;ENG-065;ENG-066;ENG-067;ENG-068;ENG-069;ENG-074;ENG-075,2,70,COBERTURA_2_CAPAS
MEF-V3-DIC-0053,ARQ-010,AUTORIDAD_ARQ,NO,,SI,ARQ-009;ARQ-010;ARQ-013,SI,ENG-000;ENG-008;ENG-012,2,6,COBERTURA_2_CAPAS
MEF-V3-DIC-0054,ARQ-011,AUTORIDAD_ARQ,NO,,SI,ARQ-007;ARQ-009;ARQ-010;ARQ-011;ARQ-012;ARQ-015;ARQ-016;ARQ-017,SI,ENG-001;ENG-002;ENG-003;ENG-004;ENG-005;ENG-008;ENG-009;ENG-013;ENG-014;ENG-015;ENG-016;ENG-017;ENG-018;ENG-019;ENG-020;ENG-021;ENG-022;ENG-023;ENG-024;ENG-028;ENG-029;ENG-030;ENG-031;ENG-032;ENG-033;ENG-034;ENG-035;ENG-036;ENG-037;ENG-038;ENG-039;ENG-040;ENG-041;ENG-042;ENG-043;ENG-044;ENG-045;ENG-046;ENG-047;ENG-048;ENG-049;ENG-050;ENG-051;ENG-052;ENG-053;ENG-054;ENG-055;ENG-056;ENG-057;ENG-059;ENG-060;ENG-061;ENG-062;ENG-063;ENG-065;ENG-066;ENG-067;ENG-070;ENG-071;ENG-072;ENG-073;ENG-074;ENG-075;ENG-076;ENG-077;ENG-078;ENG-079;ENG-080;ENG-081,2,77,COBERTURA_2_CAPAS
MEF-V3-DIC-0055,ARQ-012,AUTORIDAD_ARQ,NO,,SI,ARQ-007;ARQ-009;ARQ-011;ARQ-012;ARQ-013;ARQ-014,SI,ENG-004;ENG-018;ENG-019;ENG-020;ENG-021;ENG-022;ENG-023;ENG-024,2,14,COBERTURA_2_CAPAS
MEF-V3-DIC-0056,ARQ-013,AUTORIDAD_ARQ,NO,,SI,ARQ-010;ARQ-012;ARQ-013;ARQ-016;ARQ-017,SI,ENG-000;ENG-002;ENG-004;ENG-005;ENG-010;ENG-011;ENG-013;ENG-014;ENG-015;ENG-016;ENG-018;ENG-019;ENG-020,2,18,COBERTURA_2_CAPAS
MEF-V3-DIC-0057,ARQ-017,AUTORIDAD_ARQ,SI,FND-011,SI,ARQ-016;ARQ-017,SI,ENG-000;ENG-002;ENG-003;ENG-004;ENG-005;ENG-006;ENG-007;ENG-009;ENG-011;ENG-012;ENG-013;ENG-014;ENG-015;ENG-016;ENG-017,3,18,COBERTURA_TRANSVERSAL_3_CAPAS
MEF-V3-DIC-0058,Artefactos Generables,AUTORIDAD_ARQ,NO,,SI,ARQ-010,NO,,1,1,COBERTURA_1_CAPA
MEF-V3-DIC-0059,Cada paquete,AUTORIDAD_ARQ,NO,,SI,ARQ-017,NO,,1,1,COBERTURA_1_CAPA
MEF-V3-DIC-0060,Categorías de Modules,AUTORIDAD_ARQ,NO,,SI,ARQ-004,NO,,1,1,COBERTURA_1_CAPA
MEF-V3-DIC-0061,CFG-001,AUTORIDAD_ARQ,NO,,SI,ARQ-013,SI,ENG-004;ENG-005;ENG-011,2,4,COBERTURA_2_CAPAS
MEF-V3-DIC-0062,CFG-002,AUTORIDAD_ARQ,NO,,SI,ARQ-013,SI,ENG-011,2,2,COBERTURA_2_CAPAS
MEF-V3-DIC-0063,CFG-003,AUTORIDAD_ARQ,NO,,SI,ARQ-013,SI,ENG-011,2,2,COBERTURA_2_CAPAS
MEF-V3-DIC-0064,CFG-004,AUTORIDAD_ARQ,NO,,SI,ARQ-013,SI,ENG-011,2,2,COBERTURA_2_CAPAS
MEF-V3-DIC-0065,CFG-005,AUTORIDAD_ARQ,NO,,SI,ARQ-013,SI,ENG-011,2,2,COBERTURA_2_CAPAS
MEF-V3-DIC-0066,CFG-006,AUTORIDAD_ARQ,NO,,SI,ARQ-013,SI,ENG-011,2,2,COBERTURA_2_CAPAS
MEF-V3-DIC-0067,Ciclo de Vida,AUTORIDAD_ARQ,SI,FND-000,SI,ARQ-004;ARQ-012;ARQ-014;ARQ-015;ARQ-016,SI,ENG-002;ENG-004;ENG-050;ENG-075;ENG-081,3,11,COBERTURA_TRANSVERSAL_3_CAPAS
MEF-V3-DIC-0068,Compatibilidad,AUTORIDAD_ARQ,SI,FND-000;FND-001,SI,ARQ-004;ARQ-010;ARQ-011;ARQ-013;ARQ-017,SI,ENG-000;ENG-001;ENG-002;ENG-003;ENG-004;ENG-005;ENG-007;ENG-008;ENG-009;ENG-012;ENG-013;ENG-014;ENG-015;ENG-016;ENG-017;ENG-019;ENG-020;ENG-021;ENG-022;ENG-041;ENG-061;ENG-062;ENG-063;ENG-065;ENG-066;ENG-067;ENG-073;ENG-080;ENG-088;ENG-095;ENG-096;ENG-097,3,39,COBERTURA_TRANSVERSAL_3_CAPAS
MEF-V3-DIC-0069,Componentes,AUTORIDAD_ARQ,SI,FND-000;FND-001;FND-002,SI,ARQ-004;ARQ-010;ARQ-011;ARQ-012;ARQ-013;ARQ-017,SI,ENG-000;ENG-001;ENG-003;ENG-004;ENG-005;ENG-006;ENG-007;ENG-009;ENG-010;ENG-011;ENG-013;ENG-014;ENG-015;ENG-016;ENG-017;ENG-018;ENG-019;ENG-020;ENG-021;ENG-022;ENG-023;ENG-024;ENG-025;ENG-026;ENG-027;ENG-028;ENG-033;ENG-034;ENG-035;ENG-037;ENG-038;ENG-039;ENG-042;ENG-045;ENG-048;ENG-049;ENG-052;ENG-053;ENG-054;ENG-055;ENG-056;ENG-057;ENG-058;ENG-064;ENG-065;ENG-066;ENG-068;ENG-069;ENG-070;ENG-072;ENG-073;ENG-074;ENG-075;ENG-076;ENG-083;ENG-085,3,65,COBERTURA_TRANSVERSAL_3_CAPAS
MEF-V3-DIC-0070,Comunicación entre Modules,AUTORIDAD_ARQ,NO,,SI,ARQ-004,NO,,1,1,COBERTURA_1_CAPA
MEF-V3-DIC-0071,Configuration,AUTORIDAD_ARQ,NO,,SI,ARQ-004;ARQ-010;ARQ-012;ARQ-013;ARQ-017,SI,ENG-000;ENG-002;ENG-003;ENG-004;ENG-005;ENG-006;ENG-007;ENG-008;ENG-009;ENG-010;ENG-011;ENG-012;ENG-013;ENG-014;ENG-015;ENG-016;ENG-017;ENG-018;ENG-019;ENG-020;ENG-021;ENG-022;ENG-023;ENG-024;ENG-025;ENG-026;ENG-027;ENG-028;ENG-029;ENG-030;ENG-031;ENG-032;ENG-033;ENG-034;ENG-036;ENG-037;ENG-038;ENG-039;ENG-040;ENG-041;ENG-042;ENG-043;ENG-044;ENG-045;ENG-046;ENG-047;ENG-048;ENG-049;ENG-050;ENG-051;ENG-052;ENG-053;ENG-054;ENG-055;ENG-056;ENG-057;ENG-058;ENG-059;ENG-060;ENG-061;ENG-062;ENG-063;ENG-064;ENG-065;ENG-066;ENG-067;ENG-068;ENG-069;ENG-070;ENG-071;ENG-072;ENG-073;ENG-074;ENG-075;ENG-076;ENG-077;ENG-078;ENG-080;ENG-082;ENG-083;ENG-084;ENG-085;ENG-095;ENG-096;ENG-097;ENG-098;ENG-099,2,92,COBERTURA_2_CAPAS
MEF-V3-DIC-0072,Constructor Injection,AUTORIDAD_ARQ,NO,,SI,ARQ-012,SI,ENG-018;ENG-019,2,3,COBERTURA_2_CAPAS
MEF-V3-DIC-0073,Contaminación del Core,AUTORIDAD_ARQ,NO,,SI,ARQ-004,NO,,1,1,COBERTURA_1_CAPA
MEF-V3-DIC-0074,Contenido Mínimo,AUTORIDAD_ARQ,NO,,SI,ARQ-017,NO,,1,1,COBERTURA_1_CAPA
MEF-V3-DIC-0075,Contracts,AUTORIDAD_ARQ,NO,,SI,ARQ-004;ARQ-010;ARQ-011;ARQ-012;ARQ-013;ARQ-017,SI,ENG-000;ENG-001;ENG-002;ENG-003;ENG-004;ENG-005;ENG-006;ENG-007;ENG-008;ENG-009;ENG-010;ENG-011;ENG-012;ENG-013;ENG-014;ENG-015;ENG-016;ENG-017;ENG-018;ENG-019;ENG-020;ENG-021;ENG-022;ENG-023;ENG-024;ENG-025;ENG-026;ENG-027;ENG-028;ENG-029;ENG-030;ENG-031;ENG-032;ENG-033;ENG-034;ENG-035;ENG-036;ENG-037;ENG-038;ENG-039;ENG-040;ENG-041;ENG-042;ENG-043;ENG-044;ENG-045;ENG-046;ENG-047;ENG-048;ENG-049;ENG-050;ENG-051;ENG-052;ENG-053;ENG-054;ENG-055;ENG-056;ENG-057;ENG-058;ENG-059;ENG-060;ENG-061;ENG-062;ENG-063;ENG-064;ENG-065;ENG-066;ENG-067;ENG-068;ENG-069;ENG-070;ENG-071;ENG-072;ENG-073;ENG-074;ENG-075;ENG-076;ENG-077;ENG-078;ENG-079;ENG-080;ENG-081;ENG-082;ENG-083;ENG-084;ENG-085;ENG-086;ENG-087;ENG-088;ENG-089;ENG-090;ENG-091;ENG-092;ENG-093;ENG-094;ENG-095;ENG-096;ENG-097;ENG-098;ENG-099;ENG-100,2,107,COBERTURA_2_CAPAS
MEF-V3-DIC-0076,Criterios de Evaluación,AUTORIDAD_ARQ,NO,,SI,ARQ-004;ARQ-013;ARQ-017,NO,,1,3,COBERTURA_1_CAPA
MEF-V3-DIC-0077,CT-001,AUTORIDAD_ARQ,NO,,SI,ARQ-011,SI,ENG-021;ENG-023,2,3,COBERTURA_2_CAPAS
MEF-V3-DIC-0078,CT-002,AUTORIDAD_ARQ,NO,,SI,ARQ-011,SI,ENG-021,2,2,COBERTURA_2_CAPAS
MEF-V3-DIC-0079,CT-003,AUTORIDAD_ARQ,NO,,SI,ARQ-011,SI,ENG-021,2,2,COBERTURA_2_CAPAS
MEF-V3-DIC-0080,CT-004,AUTORIDAD_ARQ,NO,,SI,ARQ-011,SI,ENG-021,2,2,COBERTURA_2_CAPAS
MEF-V3-DIC-0081,CT-005,AUTORIDAD_ARQ,NO,,SI,ARQ-011,SI,ENG-021,2,2,COBERTURA_2_CAPAS
MEF-V3-DIC-0082,CT-006,AUTORIDAD_ARQ,NO,,SI,ARQ-011,SI,ENG-021,2,2,COBERTURA_2_CAPAS
MEF-V3-DIC-0083,CT-007,AUTORIDAD_ARQ,NO,,SI,ARQ-011,SI,ENG-021,2,2,COBERTURA_2_CAPAS
MEF-V3-DIC-0084,cómo,AUTORIDAD_ARQ,SI,FND-000;FND-001;FND-002,SI,ARQ-004;ARQ-010;ARQ-011;ARQ-012;ARQ-013;ARQ-017,SI,ENG-000;ENG-001;ENG-002;ENG-003;ENG-004;ENG-005;ENG-006;ENG-007;ENG-008;ENG-009;ENG-010;ENG-011;ENG-012;ENG-013;ENG-014;ENG-015;ENG-016;ENG-017;ENG-018;ENG-019;ENG-020;ENG-021;ENG-022;ENG-023;ENG-024;ENG-025;ENG-026;ENG-027;ENG-028;ENG-029;ENG-030;ENG-031;ENG-032;ENG-033;ENG-034;ENG-035;ENG-036;ENG-037;ENG-038;ENG-039;ENG-040;ENG-041;ENG-042;ENG-043;ENG-044;ENG-045;ENG-046;ENG-047;ENG-048;ENG-049;ENG-050;ENG-051;ENG-052;ENG-053;ENG-054;ENG-055;ENG-056;ENG-057;ENG-058;ENG-059;ENG-060;ENG-061;ENG-062;ENG-063;ENG-064;ENG-065;ENG-066;ENG-067;ENG-068;ENG-069;ENG-070;ENG-071;ENG-072;ENG-073;ENG-074;ENG-075;ENG-076;ENG-077;ENG-078;ENG-079;ENG-080;ENG-081;ENG-082;ENG-083;ENG-084;ENG-085;ENG-086;ENG-087;ENG-088;ENG-089;ENG-090;ENG-091;ENG-092;ENG-093;ENG-094;ENG-095;ENG-096;ENG-097;ENG-098;ENG-099;ENG-100,3,110,COBERTURA_TRANSVERSAL_3_CAPAS
MEF-V3-DIC-0085,cómo resolverlo,AUTORIDAD_ARQ,NO,,SI,ARQ-012,NO,,1,1,COBERTURA_1_CAPA
MEF-V3-DIC-0086,Datos y persistencia,AUTORIDAD_ARQ,NO,,SI,ARQ-004,NO,,1,1,COBERTURA_1_CAPA
MEF-V3-DIC-0087,Definición de Module,AUTORIDAD_ARQ,NO,,SI,ARQ-004,NO,,1,1,COBERTURA_1_CAPA
MEF-V3-DIC-0088,Dependencias circulares,AUTORIDAD_ARQ,NO,,SI,ARQ-004,SI,ENG-001;ENG-002;ENG-004;ENG-011;ENG-018;ENG-026;ENG-051,2,8,COBERTURA_2_CAPAS
MEF-V3-DIC-0089,Dependencias entre Modules,AUTORIDAD_ARQ,NO,,SI,ARQ-004,SI,ENG-002,2,2,COBERTURA_2_CAPAS
MEF-V3-DIC-0090,Dependencias permitidas,AUTORIDAD_ARQ,NO,,SI,ARQ-004,SI,ENG-001,2,2,COBERTURA_2_CAPAS
MEF-V3-DIC-0091,Dependencias prohibidas,AUTORIDAD_ARQ,NO,,SI,ARQ-004,SI,ENG-001;ENG-012;ENG-018,2,4,COBERTURA_2_CAPAS
MEF-V3-DIC-0092,Dependency Injection,AUTORIDAD_ARQ,NO,,SI,ARQ-007;ARQ-011;ARQ-012;ARQ-013,SI,ENG-004;ENG-005;ENG-018;ENG-019;ENG-020;ENG-021;ENG-022;ENG-023;ENG-024;ENG-025;ENG-026;ENG-027;ENG-028;ENG-029;ENG-030;ENG-034;ENG-035;ENG-036;ENG-037;ENG-038;ENG-039;ENG-040;ENG-041;ENG-042;ENG-043;ENG-044;ENG-045;ENG-046;ENG-047;ENG-048;ENG-049;ENG-050;ENG-051;ENG-052;ENG-053;ENG-054;ENG-055;ENG-056;ENG-058;ENG-059;ENG-060;ENG-075,2,46,COBERTURA_2_CAPAS
MEF-V3-DIC-0093,Dependency Injection (DI),AUTORIDAD_ARQ,NO,,SI,ARQ-012,SI,ENG-018,2,2,COBERTURA_2_CAPAS
MEF-V3-DIC-0094,DI-001,AUTORIDAD_ARQ,NO,,SI,ARQ-012,SI,ENG-018;ENG-023,2,3,COBERTURA_2_CAPAS
MEF-V3-DIC-0095,DI-002,AUTORIDAD_ARQ,NO,,SI,ARQ-012,SI,ENG-018,2,2,COBERTURA_2_CAPAS
MEF-V3-DIC-0096,DI-003,AUTORIDAD_ARQ,NO,,SI,ARQ-012,SI,ENG-018,2,2,COBERTURA_2_CAPAS
MEF-V3-DIC-0097,DI-004,AUTORIDAD_ARQ,NO,,SI,ARQ-012,SI,ENG-018,2,2,COBERTURA_2_CAPAS
MEF-V3-DIC-0098,Dirección de dependencias,AUTORIDAD_ARQ,NO,,SI,ARQ-004,SI,ENG-000;ENG-001;ENG-006;ENG-035,2,5,COBERTURA_2_CAPAS
MEF-V3-DIC-0099,Duplicación transversal,AUTORIDAD_ARQ,NO,,SI,ARQ-004,NO,,1,1,COBERTURA_1_CAPA
MEF-V3-DIC-0100,El Package,AUTORIDAD_ARQ,NO,,SI,ARQ-017,SI,ENG-002;ENG-003;ENG-008;ENG-013;ENG-015;ENG-019;ENG-020;ENG-024;ENG-028;ENG-036;ENG-094,2,12,COBERTURA_2_CAPAS
MEF-V3-DIC-0101,El Packaging,AUTORIDAD_ARQ,NO,,SI,ARQ-017,SI,ENG-003,2,2,COBERTURA_2_CAPAS
MEF-V3-DIC-0102,El paquete,AUTORIDAD_ARQ,NO,,SI,ARQ-017,NO,,1,1,COBERTURA_1_CAPA
MEF-V3-DIC-0103,El Template Engine,AUTORIDAD_ARQ,NO,,SI,ARQ-010,SI,ENG-005;ENG-006;ENG-008,2,4,COBERTURA_2_CAPAS
MEF-V3-DIC-0104,Esta estructura,AUTORIDAD_ARQ,NO,,SI,ARQ-004,SI,ENG-002;ENG-006,2,3,COBERTURA_2_CAPAS
MEF-V3-DIC-0105,Estrategias,AUTORIDAD_ARQ,NO,,SI,ARQ-004;ARQ-012;ARQ-013,SI,ENG-000;ENG-018;ENG-030;ENG-031;ENG-039;ENG-048;ENG-070;ENG-076;ENG-097,2,12,COBERTURA_2_CAPAS
MEF-V3-DIC-0106,Evolución,AUTORIDAD_ARQ,SI,FND-000;FND-001;FND-002,SI,ARQ-004;ARQ-011;ARQ-012;ARQ-013,SI,ENG-000;ENG-001;ENG-002;ENG-003;ENG-004;ENG-005;ENG-006;ENG-009;ENG-014;ENG-016;ENG-017;ENG-021;ENG-022;ENG-028;ENG-030;ENG-031;ENG-033;ENG-035;ENG-044;ENG-045;ENG-053;ENG-057;ENG-061;ENG-062;ENG-075;ENG-079;ENG-082,3,34,COBERTURA_TRANSVERSAL_3_CAPAS
MEF-V3-DIC-0107,Filosofía,AUTORIDAD_ARQ,SI,FND-009,SI,ARQ-010;ARQ-011;ARQ-012;ARQ-013;ARQ-017,SI,ENG-007;ENG-008;ENG-012,3,9,COBERTURA_TRANSVERSAL_3_CAPAS
MEF-V3-DIC-0108,Flujo de Generación,AUTORIDAD_ARQ,NO,,SI,ARQ-010,NO,,1,1,COBERTURA_1_CAPA
MEF-V3-DIC-0109,ID,AUTORIDAD_ARQ,SI,FND-000;FND-001;FND-002;FND-003;FND-004;FND-005;FND-006;FND-007;FND-008;FND-009;FND-010;FND-011;FND-012;FND-013;FND-014,SI,ARQ-000;ARQ-001;ARQ-002;ARQ-003;ARQ-004;ARQ-005;ARQ-006;ARQ-007;ARQ-008;ARQ-009;ARQ-010;ARQ-011;ARQ-012;ARQ-013;ARQ-014;ARQ-015;ARQ-016;ARQ-017,SI,ENG-000;ENG-001;ENG-002;ENG-003;ENG-004;ENG-005;ENG-006;ENG-007;ENG-008;ENG-009;ENG-010;ENG-011;ENG-012;ENG-013;ENG-014;ENG-015;ENG-016;ENG-017;ENG-018;ENG-019;ENG-020;ENG-021;ENG-022;ENG-023;ENG-024;ENG-025;ENG-026;ENG-027;ENG-028;ENG-029;ENG-030;ENG-031;ENG-032;ENG-033;ENG-034;ENG-035;ENG-036;ENG-037;ENG-038;ENG-039;ENG-040;ENG-041;ENG-042;ENG-043;ENG-044;ENG-045;ENG-046;ENG-047;ENG-048;ENG-049;ENG-050;ENG-051;ENG-052;ENG-053;ENG-054;ENG-055;ENG-056;ENG-057;ENG-058;ENG-059;ENG-060;ENG-061;ENG-062;ENG-063;ENG-064;ENG-065;ENG-066;ENG-067;ENG-068;ENG-069;ENG-070;ENG-071;ENG-072;ENG-073;ENG-074;ENG-075;ENG-076;ENG-077;ENG-078;ENG-079;ENG-080;ENG-081;ENG-082;ENG-083;ENG-084;ENG-085;ENG-086;ENG-087;ENG-088;ENG-089;ENG-090;ENG-091;ENG-092;ENG-093;ENG-094;ENG-095;ENG-096;ENG-097;ENG-098;ENG-099;ENG-100,3,134,COBERTURA_TRANSVERSAL_3_CAPAS
MEF-V3-DIC-0110,Implementación interna,AUTORIDAD_ARQ,NO,,SI,ARQ-004,SI,ENG-001;ENG-002;ENG-025;ENG-033,2,5,COBERTURA_2_CAPAS
MEF-V3-DIC-0111,Instalación,AUTORIDAD_ARQ,NO,,SI,ARQ-004;ARQ-017,SI,ENG-002;ENG-003;ENG-004;ENG-006;ENG-007;ENG-008;ENG-011;ENG-012;ENG-013;ENG-016;ENG-017;ENG-024;ENG-066;ENG-067,2,16,COBERTURA_2_CAPAS
MEF-V3-DIC-0112,Instalación y desinstalación,AUTORIDAD_ARQ,NO,,SI,ARQ-004,NO,,1,1,COBERTURA_1_CAPA
MEF-V3-DIC-0113,Integridad,AUTORIDAD_ARQ,NO,,SI,ARQ-004;ARQ-017,SI,ENG-000;ENG-002;ENG-003;ENG-006;ENG-007;ENG-008;ENG-009;ENG-010;ENG-011;ENG-012;ENG-013;ENG-017;ENG-020;ENG-023;ENG-024;ENG-027;ENG-030;ENG-036;ENG-064;ENG-077;ENG-087,2,23,COBERTURA_2_CAPAS
MEF-V3-DIC-0114,Invariantes Arquitectónicos,AUTORIDAD_ARQ,NO,,SI,ARQ-004;ARQ-010;ARQ-011;ARQ-012;ARQ-013;ARQ-017,SI,ENG-000;ENG-008;ENG-009;ENG-027,2,10,COBERTURA_2_CAPAS
MEF-V3-DIC-0115,Inventory,AUTORIDAD_ARQ,NO,,SI,ARQ-004,SI,ENG-002;ENG-005;ENG-006;ENG-022;ENG-025;ENG-028;ENG-037;ENG-039;ENG-052;ENG-073;ENG-078;ENG-079;ENG-080;ENG-081;ENG-082;ENG-093,2,17,COBERTURA_2_CAPAS
MEF-V3-DIC-0116,Jerarquía,AUTORIDAD_ARQ,NO,,SI,ARQ-013,SI,ENG-005;ENG-019;ENG-023;ENG-038;ENG-039;ENG-046;ENG-053,2,8,COBERTURA_2_CAPAS
MEF-V3-DIC-0117,La Configuration,AUTORIDAD_ARQ,NO,,SI,ARQ-013,SI,ENG-011;ENG-012;ENG-015;ENG-016;ENG-018;ENG-019;ENG-024,2,8,COBERTURA_2_CAPAS
MEF-V3-DIC-0118,La Dependency Injection,AUTORIDAD_ARQ,NO,,SI,ARQ-012;ARQ-013,NO,,1,2,COBERTURA_1_CAPA
MEF-V3-DIC-0119,Manifest,AUTORIDAD_ARQ,NO,,SI,ARQ-004;ARQ-010;ARQ-017,SI,ENG-000;ENG-001;ENG-002;ENG-003;ENG-004;ENG-005;ENG-006;ENG-007;ENG-008;ENG-009;ENG-010;ENG-011;ENG-012;ENG-013;ENG-014;ENG-015;ENG-016;ENG-017;ENG-018;ENG-020;ENG-021;ENG-022;ENG-023;ENG-024;ENG-025;ENG-026;ENG-027;ENG-028;ENG-029;ENG-030;ENG-031;ENG-034;ENG-036;ENG-048;ENG-057;ENG-058;ENG-059;ENG-060;ENG-061;ENG-066;ENG-067;ENG-087;ENG-093;ENG-094,2,47,COBERTURA_2_CAPAS
MEF-V3-DIC-0120,Modelo Arquitectónico,AUTORIDAD_ARQ,NO,,SI,ARQ-011;ARQ-012;ARQ-013;ARQ-017,SI,ENG-002;ENG-011,2,6,COBERTURA_2_CAPAS
MEF-V3-DIC-0121,Modelo de Generación,AUTORIDAD_ARQ,NO,,SI,ARQ-010,NO,,1,1,COBERTURA_1_CAPA
MEF-V3-DIC-0122,Module,AUTORIDAD_ARQ,NO,,SI,ARQ-004;ARQ-013;ARQ-017,SI,ENG-000;ENG-001;ENG-002;ENG-003;ENG-004;ENG-005;ENG-006;ENG-007;ENG-008;ENG-009;ENG-010;ENG-011;ENG-012;ENG-013;ENG-014;ENG-015;ENG-016;ENG-017;ENG-018;ENG-019;ENG-020;ENG-021;ENG-022;ENG-023;ENG-024;ENG-025;ENG-026;ENG-027;ENG-028;ENG-029;ENG-030;ENG-031;ENG-032;ENG-033;ENG-034;ENG-035;ENG-036;ENG-037;ENG-038;ENG-039;ENG-040;ENG-041;ENG-042;ENG-043;ENG-044;ENG-045;ENG-046;ENG-047;ENG-048;ENG-049;ENG-050;ENG-051;ENG-052;ENG-053;ENG-054;ENG-055;ENG-056;ENG-057;ENG-058;ENG-059;ENG-060;ENG-062;ENG-064;ENG-065;ENG-066;ENG-067;ENG-068;ENG-069;ENG-074;ENG-075,2,73,COBERTURA_2_CAPAS
MEF-V3-DIC-0123,Module monolítico,AUTORIDAD_ARQ,NO,,SI,ARQ-004,NO,,1,1,COBERTURA_1_CAPA
MEF-V3-DIC-0124,Modules,AUTORIDAD_ARQ,SI,FND-001,SI,ARQ-004;ARQ-010;ARQ-011;ARQ-013;ARQ-015;ARQ-017,SI,ENG-000;ENG-001;ENG-002;ENG-003;ENG-004;ENG-005;ENG-006;ENG-007;ENG-008;ENG-009;ENG-010;ENG-011;ENG-013;ENG-014;ENG-015;ENG-016;ENG-018;ENG-019;ENG-020;ENG-021;ENG-022;ENG-023;ENG-024;ENG-025;ENG-026;ENG-027;ENG-028;ENG-029;ENG-030;ENG-031;ENG-032;ENG-033;ENG-034;ENG-035;ENG-036;ENG-037;ENG-038;ENG-039;ENG-040;ENG-041;ENG-042;ENG-043;ENG-044;ENG-045;ENG-046;ENG-047;ENG-048;ENG-049;ENG-050;ENG-051;ENG-052;ENG-053;ENG-054;ENG-055;ENG-056;ENG-057;ENG-058;ENG-059;ENG-060;ENG-061;ENG-062;ENG-063;ENG-065;ENG-066;ENG-067;ENG-068;ENG-069;ENG-074;ENG-075,3,76,COBERTURA_TRANSVERSAL_3_CAPAS
MEF-V3-DIC-0125,Modules de dominio,AUTORIDAD_ARQ,NO,,SI,ARQ-004,SI,ENG-005,2,2,COBERTURA_2_CAPAS
MEF-V3-DIC-0126,Modules de integración,AUTORIDAD_ARQ,NO,,SI,ARQ-004,NO,,1,1,COBERTURA_1_CAPA
MEF-V3-DIC-0127,Modules técnicos,AUTORIDAD_ARQ,NO,,SI,ARQ-004,NO,,1,1,COBERTURA_1_CAPA
MEF-V3-DIC-0128,No,AUTORIDAD_ARQ,SI,FND-000;FND-001,SI,ARQ-004;ARQ-010;ARQ-011;ARQ-012;ARQ-013;ARQ-017,SI,ENG-000;ENG-001;ENG-002;ENG-003;ENG-004;ENG-005;ENG-006;ENG-007;ENG-008;ENG-009;ENG-010;ENG-011;ENG-012;ENG-013;ENG-014;ENG-015;ENG-016;ENG-017;ENG-018;ENG-019;ENG-020;ENG-021;ENG-022;ENG-023;ENG-024;ENG-025;ENG-026;ENG-027;ENG-028;ENG-029;ENG-030;ENG-031;ENG-032;ENG-033;ENG-034;ENG-035;ENG-036;ENG-037;ENG-038;ENG-039;ENG-040;ENG-041;ENG-042;ENG-043;ENG-044;ENG-045;ENG-046;ENG-047;ENG-048;ENG-049;ENG-050;ENG-051;ENG-052;ENG-053;ENG-054;ENG-055;ENG-056;ENG-057;ENG-058;ENG-059;ENG-060;ENG-061;ENG-062;ENG-063;ENG-064;ENG-065;ENG-066;ENG-067;ENG-068;ENG-069;ENG-070;ENG-071;ENG-072;ENG-073;ENG-074;ENG-075;ENG-076;ENG-077;ENG-078;ENG-079;ENG-080;ENG-081;ENG-082;ENG-083;ENG-084;ENG-085;ENG-086;ENG-087;ENG-088;ENG-089;ENG-090;ENG-091;ENG-092;ENG-093;ENG-094;ENG-095;ENG-096;ENG-097;ENG-098;ENG-099;ENG-100,3,109,COBERTURA_TRANSVERSAL_3_CAPAS
MEF-V3-DIC-0129,No responsabilidades,AUTORIDAD_ARQ,NO,,SI,ARQ-004;ARQ-011;ARQ-012;ARQ-013,SI,ENG-003,2,5,COBERTURA_2_CAPAS
MEF-V3-DIC-0130,Observabilidad,AUTORIDAD_ARQ,NO,,SI,ARQ-004;ARQ-010;ARQ-011;ARQ-012;ARQ-013;ARQ-017,SI,ENG-000;ENG-002;ENG-004;ENG-005;ENG-008;ENG-009;ENG-010;ENG-011;ENG-015;ENG-025;ENG-027;ENG-046;ENG-049;ENG-055;ENG-095,2,21,COBERTURA_2_CAPAS
MEF-V3-DIC-0131,Package,AUTORIDAD_ARQ,NO,,SI,ARQ-017,SI,ENG-000;ENG-002;ENG-003;ENG-004;ENG-005;ENG-006;ENG-007;ENG-008;ENG-009;ENG-010;ENG-011;ENG-012;ENG-013;ENG-014;ENG-015;ENG-016;ENG-017;ENG-018;ENG-019;ENG-020;ENG-021;ENG-022;ENG-023;ENG-024;ENG-025;ENG-026;ENG-027;ENG-028;ENG-029;ENG-030;ENG-031;ENG-036;ENG-057;ENG-058;ENG-060;ENG-067;ENG-068;ENG-087;ENG-089;ENG-093;ENG-094;ENG-095;ENG-100,2,44,COBERTURA_2_CAPAS
MEF-V3-DIC-0132,Packaging,AUTORIDAD_ARQ,NO,,SI,ARQ-017,SI,ENG-000;ENG-002;ENG-003;ENG-004;ENG-005;ENG-006;ENG-007;ENG-009;ENG-011;ENG-012;ENG-013;ENG-014;ENG-015;ENG-016;ENG-017;ENG-020;ENG-093;ENG-094,2,19,COBERTURA_2_CAPAS
MEF-V3-DIC-0133,paquete,AUTORIDAD_ARQ,NO,,SI,ARQ-017,SI,ENG-010,2,2,COBERTURA_2_CAPAS
MEF-V3-DIC-0134,Plantillas,AUTORIDAD_ARQ,NO,,SI,ARQ-010,SI,ENG-005;ENG-006;ENG-008,2,4,COBERTURA_2_CAPAS
MEF-V3-DIC-0135,Políticas de Configuración,AUTORIDAD_ARQ,NO,,SI,ARQ-013,NO,,1,1,COBERTURA_1_CAPA
MEF-V3-DIC-0136,Pruebas,AUTORIDAD_ARQ,NO,,SI,ARQ-004;ARQ-011;ARQ-012,SI,ENG-000;ENG-001;ENG-002;ENG-004;ENG-005;ENG-006;ENG-007;ENG-008;ENG-009;ENG-010;ENG-011;ENG-012;ENG-015;ENG-017;ENG-019;ENG-021;ENG-026;ENG-073;ENG-076;ENG-078;ENG-079;ENG-086;ENG-087;ENG-088;ENG-089;ENG-090;ENG-091;ENG-092;ENG-093;ENG-094;ENG-095,2,34,COBERTURA_2_CAPAS
MEF-V3-DIC-0137,Puntos de extensión,AUTORIDAD_ARQ,NO,,SI,ARQ-004,SI,ENG-003,2,2,COBERTURA_2_CAPAS
MEF-V3-DIC-0138,qué,AUTORIDAD_ARQ,SI,FND-000;FND-001;FND-002,SI,ARQ-004;ARQ-011;ARQ-012;ARQ-013;ARQ-017,SI,ENG-000;ENG-001;ENG-002;ENG-003;ENG-004;ENG-005;ENG-006;ENG-007;ENG-008;ENG-009;ENG-010;ENG-011;ENG-012;ENG-013;ENG-014;ENG-015;ENG-016;ENG-017;ENG-018;ENG-019;ENG-020;ENG-021;ENG-022;ENG-023;ENG-024;ENG-025;ENG-026;ENG-027;ENG-028;ENG-029;ENG-030;ENG-031;ENG-032;ENG-033;ENG-034;ENG-035;ENG-036;ENG-037;ENG-038;ENG-039;ENG-040;ENG-041;ENG-042;ENG-043;ENG-044;ENG-045;ENG-046;ENG-047;ENG-048;ENG-049;ENG-050;ENG-051;ENG-052;ENG-053;ENG-054;ENG-055;ENG-056;ENG-057;ENG-058;ENG-059;ENG-060;ENG-061;ENG-062;ENG-063;ENG-064;ENG-065;ENG-066;ENG-067;ENG-068;ENG-069;ENG-070;ENG-071;ENG-072;ENG-073;ENG-074;ENG-075;ENG-076;ENG-077;ENG-078;ENG-079;ENG-080;ENG-081;ENG-082;ENG-083;ENG-084;ENG-085;ENG-086;ENG-087;ENG-088;ENG-089;ENG-090;ENG-091;ENG-092;ENG-093;ENG-094;ENG-095;ENG-096;ENG-097;ENG-098;ENG-099;ENG-100,3,109,COBERTURA_TRANSVERSAL_3_CAPAS
MEF-V3-DIC-0139,qué necesitan,AUTORIDAD_ARQ,NO,,SI,ARQ-012,SI,ENG-011,2,2,COBERTURA_2_CAPAS
MEF-V3-DIC-0140,Reglas de Diseño,AUTORIDAD_ARQ,NO,,SI,ARQ-011,NO,,1,1,COBERTURA_1_CAPA
MEF-V3-DIC-0141,Relación con otros componentes,AUTORIDAD_ARQ,NO,,SI,ARQ-004;ARQ-010;ARQ-011;ARQ-012;ARQ-013;ARQ-017,NO,,1,6,COBERTURA_1_CAPA
MEF-V3-DIC-0142,Resolución,AUTORIDAD_ARQ,NO,,SI,ARQ-011;ARQ-012;ARQ-013,SI,ENG-000;ENG-008;ENG-010;ENG-011;ENG-012;ENG-013;ENG-017;ENG-018;ENG-019;ENG-020;ENG-023;ENG-026;ENG-031;ENG-033;ENG-037;ENG-048;ENG-049;ENG-056;ENG-057;ENG-060;ENG-072;ENG-075;ENG-078;ENG-079;ENG-080;ENG-082;ENG-088;ENG-091,2,31,COBERTURA_2_CAPAS
MEF-V3-DIC-0143,Riesgos Arquitectónicos,AUTORIDAD_ARQ,NO,,SI,ARQ-004;ARQ-010;ARQ-011;ARQ-012;ARQ-013;ARQ-017,NO,,1,6,COBERTURA_1_CAPA
MEF-V3-DIC-0144,Sales,AUTORIDAD_ARQ,NO,,SI,ARQ-004,SI,ENG-002;ENG-006;ENG-016;ENG-035;ENG-041,2,6,COBERTURA_2_CAPAS
MEF-V3-DIC-0145,Seguridad,AUTORIDAD_ARQ,NO,,SI,ARQ-004;ARQ-013,SI,ENG-000;ENG-001;ENG-002;ENG-003;ENG-004;ENG-005;ENG-006;ENG-007;ENG-008;ENG-009;ENG-010;ENG-011;ENG-012;ENG-013;ENG-014;ENG-016;ENG-017;ENG-019;ENG-020;ENG-021;ENG-024;ENG-025;ENG-027;ENG-043;ENG-044;ENG-046;ENG-047;ENG-048;ENG-051;ENG-053;ENG-056;ENG-057;ENG-060;ENG-064;ENG-068;ENG-074;ENG-075;ENG-082;ENG-086;ENG-087;ENG-099,2,43,COBERTURA_2_CAPAS
MEF-V3-DIC-0146,Su responsabilidad,AUTORIDAD_ARQ,NO,,SI,ARQ-010,SI,ENG-000;ENG-001;ENG-002;ENG-005;ENG-006;ENG-010;ENG-013;ENG-018;ENG-020;ENG-024;ENG-025,2,12,COBERTURA_2_CAPAS
MEF-V3-DIC-0147,Sustitución,AUTORIDAD_ARQ,NO,,SI,ARQ-011;ARQ-012,SI,ENG-001;ENG-004;ENG-018;ENG-021;ENG-029;ENG-050;ENG-075,2,9,COBERTURA_2_CAPAS
MEF-V3-DIC-0148,Template Engine,AUTORIDAD_ARQ,NO,,SI,ARQ-010;ARQ-013,SI,ENG-000;ENG-005;ENG-006;ENG-008;ENG-012,2,7,COBERTURA_2_CAPAS
MEF-V3-DIC-0149,Tipología Oficial,AUTORIDAD_ARQ,NO,,SI,ARQ-011,NO,,1,1,COBERTURA_1_CAPA
MEF-V3-DIC-0150,Tipos de Configuración,AUTORIDAD_ARQ,NO,,SI,ARQ-013,NO,,1,1,COBERTURA_1_CAPA
MEF-V3-DIC-0151,Un Contract,AUTORIDAD_ARQ,NO,,SI,ARQ-011;ARQ-012,SI,ENG-001;ENG-002;ENG-004;ENG-008;ENG-009;ENG-011;ENG-013;ENG-014;ENG-016;ENG-018;ENG-019;ENG-020;ENG-021;ENG-023;ENG-024;ENG-029;ENG-031;ENG-033;ENG-034;ENG-035;ENG-037;ENG-041;ENG-052;ENG-057;ENG-062;ENG-069;ENG-075;ENG-077;ENG-078;ENG-094;ENG-100,2,33,COBERTURA_2_CAPAS
MEF-V3-DIC-0152,Un Module,AUTORIDAD_ARQ,NO,,SI,ARQ-004,SI,ENG-000;ENG-001;ENG-002;ENG-003;ENG-005;ENG-006;ENG-009;ENG-011;ENG-013;ENG-014;ENG-015;ENG-016;ENG-018;ENG-019;ENG-020;ENG-021;ENG-022;ENG-023;ENG-024;ENG-026;ENG-027;ENG-028;ENG-029;ENG-030;ENG-033;ENG-034;ENG-035;ENG-037;ENG-039;ENG-043;ENG-044;ENG-045;ENG-048;ENG-049;ENG-052;ENG-053;ENG-054;ENG-056;ENG-057;ENG-058;ENG-060;ENG-065,2,43,COBERTURA_2_CAPAS
MEF-V3-DIC-0153,Validación,AUTORIDAD_ARQ,NO,,SI,ARQ-010;ARQ-013;ARQ-017,SI,ENG-000;ENG-001;ENG-002;ENG-003;ENG-004;ENG-005;ENG-006;ENG-007;ENG-008;ENG-009;ENG-010;ENG-011;ENG-012;ENG-013;ENG-015;ENG-017;ENG-018;ENG-020;ENG-021;ENG-022;ENG-023;ENG-024;ENG-025;ENG-027;ENG-028;ENG-029;ENG-030;ENG-031;ENG-033;ENG-035;ENG-036;ENG-045;ENG-046;ENG-048;ENG-050;ENG-056;ENG-068;ENG-070;ENG-074;ENG-075;ENG-079;ENG-082,2,45,COBERTURA_2_CAPAS
MEF-V3-DIC-0154,Variables,AUTORIDAD_ARQ,NO,,SI,ARQ-010,SI,ENG-004;ENG-005;ENG-011;ENG-012;ENG-017;ENG-018;ENG-024;ENG-037;ENG-043;ENG-049;ENG-050;ENG-052;ENG-054;ENG-067;ENG-068;ENG-070,2,17,COBERTURA_2_CAPAS
MEF-V3-DIC-0155,Versionado,AUTORIDAD_ARQ,NO,,SI,ARQ-004;ARQ-011;ARQ-013;ARQ-017,SI,ENG-000;ENG-002;ENG-003;ENG-004;ENG-005;ENG-006;ENG-007;ENG-009;ENG-011;ENG-012;ENG-013;ENG-014;ENG-015;ENG-016;ENG-017;ENG-020;ENG-021;ENG-022;ENG-023;ENG-024;ENG-025;ENG-026;ENG-027;ENG-028;ENG-029;ENG-030;ENG-031;ENG-032;ENG-033;ENG-034;ENG-035;ENG-041;ENG-044;ENG-049;ENG-050;ENG-051;ENG-052;ENG-053;ENG-054;ENG-055;ENG-057;ENG-059;ENG-060;ENG-061;ENG-062;ENG-063;ENG-064;ENG-065;ENG-066;ENG-067;ENG-068;ENG-075;ENG-079;ENG-094;ENG-095;ENG-096;ENG-097;ENG-098;ENG-099;ENG-100,2,64,COBERTURA_2_CAPAS
MEF-V3-DIC-0156,Alcance del producto,AUTORIDAD_FND,SI,FND-000,NO,,NO,,1,1,COBERTURA_1_CAPA
MEF-V3-DIC-0157,arquitectura del Framework,AUTORIDAD_FND,SI,FND-000,SI,ARQ-013,SI,ENG-000;ENG-018,3,4,COBERTURA_TRANSVERSAL_3_CAPAS
MEF-V3-DIC-0158,Aspiración,AUTORIDAD_FND,SI,FND-001,NO,,NO,,1,1,COBERTURA_1_CAPA
MEF-V3-DIC-0159,Beneficiarios,AUTORIDAD_FND,SI,FND-002,NO,,NO,,1,1,COBERTURA_1_CAPA
MEF-V3-DIC-0160,Carta del Proyecto,AUTORIDAD_FND,SI,FND-000,NO,,NO,,1,1,COBERTURA_1_CAPA
MEF-V3-DIC-0161,Compromisos,AUTORIDAD_FND,SI,FND-000;FND-001;FND-002,SI,ARQ-011,SI,ENG-045;ENG-075;ENG-076;ENG-081;ENG-084,3,9,COBERTURA_TRANSVERSAL_3_CAPAS
MEF-V3-DIC-0162,Comunidad,AUTORIDAD_FND,SI,FND-001;FND-002,NO,,NO,,1,2,COBERTURA_1_CAPA
MEF-V3-DIC-0163,Conocimiento,AUTORIDAD_FND,SI,FND-000;FND-001;FND-002;FND-005;FND-014,SI,ARQ-010;ARQ-013,SI,ENG-000;ENG-001;ENG-003;ENG-004;ENG-005;ENG-006;ENG-012;ENG-013;ENG-019;ENG-020;ENG-022;ENG-035;ENG-036;ENG-038;ENG-054;ENG-058;ENG-065;ENG-066;ENG-067;ENG-071;ENG-074;ENG-075;ENG-086;ENG-088;ENG-089;ENG-090;ENG-091;ENG-093;ENG-097,3,36,COBERTURA_TRANSVERSAL_3_CAPAS
MEF-V3-DIC-0164,Constituye el documento fundacional del Framework y,AUTORIDAD_FND,SI,FND-000,NO,,NO,,1,1,COBERTURA_1_CAPA
MEF-V3-DIC-0165,Criterios de cumplimiento,AUTORIDAD_FND,SI,FND-002,NO,,NO,,1,1,COBERTURA_1_CAPA
MEF-V3-DIC-0166,Criterios de éxito,AUTORIDAD_FND,SI,FND-000,NO,,NO,,1,1,COBERTURA_1_CAPA
MEF-V3-DIC-0167,Declaración,AUTORIDAD_FND,SI,FND-000;FND-001;FND-002,SI,ARQ-004;ARQ-010;ARQ-011;ARQ-012;ARQ-013;ARQ-017,SI,ENG-000;ENG-001;ENG-002;ENG-003;ENG-004;ENG-005;ENG-006;ENG-007;ENG-008;ENG-009;ENG-010;ENG-011;ENG-012;ENG-013;ENG-014;ENG-015;ENG-016;ENG-017;ENG-018;ENG-019;ENG-020;ENG-021;ENG-022;ENG-023;ENG-024;ENG-025;ENG-026;ENG-027;ENG-028;ENG-029;ENG-030;ENG-031;ENG-032;ENG-033;ENG-034;ENG-035;ENG-036;ENG-037;ENG-038;ENG-039;ENG-040;ENG-041;ENG-042;ENG-043;ENG-044;ENG-045;ENG-046;ENG-047;ENG-048;ENG-049;ENG-050;ENG-051;ENG-052;ENG-053;ENG-054;ENG-055;ENG-056;ENG-057;ENG-058;ENG-059;ENG-060;ENG-061;ENG-062;ENG-063;ENG-064;ENG-065;ENG-066;ENG-067;ENG-068;ENG-069;ENG-070;ENG-071;ENG-072;ENG-073;ENG-074;ENG-075;ENG-076;ENG-077;ENG-078;ENG-079;ENG-080;ENG-081;ENG-082;ENG-083;ENG-084;ENG-085;ENG-086;ENG-087;ENG-088;ENG-089;ENG-090;ENG-091;ENG-092;ENG-093;ENG-094;ENG-095;ENG-096;ENG-097;ENG-098;ENG-099;ENG-100,3,110,COBERTURA_TRANSVERSAL_3_CAPAS
MEF-V3-DIC-0168,Declaración de Misión,AUTORIDAD_FND,SI,FND-002,NO,,NO,,1,1,COBERTURA_1_CAPA
MEF-V3-DIC-0169,Declaración de Visión,AUTORIDAD_FND,SI,FND-001,NO,,NO,,1,1,COBERTURA_1_CAPA
MEF-V3-DIC-0170,Ecosistema,AUTORIDAD_FND,SI,FND-000;FND-001;FND-002,SI,ARQ-017,SI,ENG-002;ENG-003;ENG-005;ENG-012;ENG-013;ENG-014;ENG-016;ENG-017;ENG-060;ENG-061,3,14,COBERTURA_TRANSVERSAL_3_CAPAS
MEF-V3-DIC-0171,Ecosistema documental,AUTORIDAD_FND,SI,FND-000;FND-002,NO,,NO,,1,2,COBERTURA_1_CAPA
MEF-V3-DIC-0172,FND-000,AUTORIDAD_FND,SI,FND-000;FND-001;FND-002;FND-003;FND-004;FND-005;FND-006;FND-012;FND-013,SI,ARQ-000,NO,,2,10,COBERTURA_2_CAPAS
MEF-V3-DIC-0173,FND-001,AUTORIDAD_FND,SI,FND-000;FND-001;FND-002;FND-003;FND-004,NO,,NO,,1,5,COBERTURA_1_CAPA
MEF-V3-DIC-0174,FND-002,AUTORIDAD_FND,SI,FND-000;FND-001;FND-002;FND-003;FND-004,NO,,NO,,1,5,COBERTURA_1_CAPA
MEF-V3-DIC-0175,Gobernanza,AUTORIDAD_FND,SI,FND-000;FND-002;FND-006;FND-010;FND-012;FND-013;FND-014,SI,ARQ-004;ARQ-010;ARQ-011;ARQ-013,SI,ENG-000;ENG-002;ENG-006;ENG-009;ENG-011;ENG-013;ENG-014;ENG-044;ENG-057,3,20,COBERTURA_TRANSVERSAL_3_CAPAS
MEF-V3-DIC-0176,Herramientas,AUTORIDAD_FND,SI,FND-000;FND-001;FND-002,NO,,SI,ENG-000;ENG-001;ENG-002;ENG-003;ENG-004;ENG-005;ENG-006;ENG-007;ENG-010;ENG-012;ENG-014;ENG-016;ENG-021;ENG-025;ENG-038;ENG-043;ENG-070;ENG-075;ENG-077;ENG-078,2,23,COBERTURA_2_CAPAS
MEF-V3-DIC-0177,Horizonte,AUTORIDAD_FND,SI,FND-001,NO,,NO,,1,1,COBERTURA_1_CAPA
MEF-V3-DIC-0178,Impacto esperado,AUTORIDAD_FND,SI,FND-001,NO,,NO,,1,1,COBERTURA_1_CAPA
MEF-V3-DIC-0179,Indicadores de éxito,AUTORIDAD_FND,SI,FND-001,NO,,NO,,1,1,COBERTURA_1_CAPA
MEF-V3-DIC-0180,La arquitectura del Framework,AUTORIDAD_FND,SI,FND-000,SI,ARQ-013,SI,ENG-000;ENG-018,3,4,COBERTURA_TRANSVERSAL_3_CAPAS
MEF-V3-DIC-0181,La Carta del Proyecto,AUTORIDAD_FND,SI,FND-000,NO,,NO,,1,1,COBERTURA_1_CAPA
MEF-V3-DIC-0182,La misión,AUTORIDAD_FND,SI,FND-002,NO,,NO,,1,1,COBERTURA_1_CAPA
MEF-V3-DIC-0183,La misión de MEF,AUTORIDAD_FND,SI,FND-002,NO,,NO,,1,1,COBERTURA_1_CAPA
MEF-V3-DIC-0184,La visión,AUTORIDAD_FND,SI,FND-001;FND-002,NO,,NO,,1,2,COBERTURA_1_CAPA
MEF-V3-DIC-0185,La visión de MEF,AUTORIDAD_FND,SI,FND-001,NO,,NO,,1,1,COBERTURA_1_CAPA
MEF-V3-DIC-0186,MEF,AUTORIDAD_FND,SI,FND-000;FND-001;FND-002;FND-003;FND-004;FND-005;FND-006;FND-007;FND-008;FND-009;FND-010;FND-011;FND-012;FND-013;FND-014,SI,ARQ-000;ARQ-001;ARQ-002;ARQ-003;ARQ-004;ARQ-005;ARQ-006;ARQ-007;ARQ-008;ARQ-009;ARQ-010;ARQ-011;ARQ-012;ARQ-013;ARQ-014;ARQ-015;ARQ-016;ARQ-017,SI,ENG-000;ENG-001;ENG-002;ENG-003;ENG-004;ENG-005;ENG-006;ENG-007;ENG-008;ENG-009;ENG-010;ENG-011;ENG-012;ENG-013;ENG-014;ENG-015;ENG-016;ENG-017;ENG-018;ENG-019;ENG-020;ENG-021;ENG-022;ENG-023;ENG-024;ENG-025;ENG-026;ENG-027;ENG-028;ENG-029;ENG-030;ENG-031;ENG-032;ENG-033;ENG-034;ENG-035;ENG-036;ENG-037;ENG-038;ENG-039;ENG-040;ENG-041;ENG-042;ENG-043;ENG-044;ENG-045;ENG-046;ENG-047;ENG-048;ENG-049;ENG-050;ENG-051;ENG-052;ENG-053;ENG-054;ENG-055;ENG-056;ENG-057;ENG-058;ENG-059;ENG-060;ENG-061;ENG-062;ENG-063;ENG-064;ENG-065;ENG-066;ENG-067;ENG-068;ENG-069;ENG-070;ENG-071;ENG-072;ENG-073;ENG-074;ENG-075;ENG-076;ENG-077;ENG-078;ENG-079;ENG-080;ENG-081;ENG-082;ENG-083;ENG-084;ENG-085;ENG-086;ENG-087;ENG-088;ENG-089;ENG-090;ENG-091;ENG-092;ENG-093;ENG-094;ENG-095;ENG-096;ENG-097;ENG-098;ENG-099;ENG-100,3,134,COBERTURA_TRANSVERSAL_3_CAPAS
MEF-V3-DIC-0187,MEF (Modular Enterprise Framework),AUTORIDAD_FND,SI,FND-000;FND-001;FND-002,SI,ARQ-004;ARQ-010;ARQ-011;ARQ-012;ARQ-013;ARQ-017,SI,ENG-000;ENG-001;ENG-002;ENG-004;ENG-005;ENG-006;ENG-007;ENG-008;ENG-009;ENG-010;ENG-011;ENG-012;ENG-013;ENG-014;ENG-015;ENG-016;ENG-017;ENG-018;ENG-019;ENG-020;ENG-021;ENG-022;ENG-023;ENG-024;ENG-025;ENG-027;ENG-028;ENG-029;ENG-030;ENG-031;ENG-032;ENG-033;ENG-034;ENG-035;ENG-036;ENG-037;ENG-038;ENG-039;ENG-040;ENG-041;ENG-042;ENG-043;ENG-044;ENG-045;ENG-046;ENG-047;ENG-048;ENG-049;ENG-050;ENG-051;ENG-052;ENG-053;ENG-054;ENG-055;ENG-056;ENG-057;ENG-061;ENG-062;ENG-063;ENG-064;ENG-065;ENG-066;ENG-067;ENG-068;ENG-069;ENG-070;ENG-071;ENG-072;ENG-073;ENG-074;ENG-075;ENG-076;ENG-077;ENG-078;ENG-079;ENG-080;ENG-081;ENG-082;ENG-083;ENG-084;ENG-085;ENG-086;ENG-087;ENG-088;ENG-089;ENG-090;ENG-091;ENG-092;ENG-093;ENG-094;ENG-095;ENG-096;ENG-097;ENG-098;ENG-099;ENG-100,3,105,COBERTURA_TRANSVERSAL_3_CAPAS
MEF-V3-DIC-0188,MEF no,AUTORIDAD_FND,SI,FND-000;FND-001,NO,,SI,ENG-004;ENG-005;ENG-009;ENG-010;ENG-011;ENG-012;ENG-014;ENG-015;ENG-017;ENG-018;ENG-019;ENG-020;ENG-021;ENG-022;ENG-023;ENG-024;ENG-025;ENG-026;ENG-028;ENG-029;ENG-030;ENG-031;ENG-032;ENG-035;ENG-036;ENG-038;ENG-040;ENG-041;ENG-060;ENG-061;ENG-062;ENG-077;ENG-082;ENG-083;ENG-084;ENG-085;ENG-087;ENG-088;ENG-089;ENG-092,2,42,COBERTURA_2_CAPAS
MEF-V3-DIC-0189,Misión,AUTORIDAD_FND,SI,FND-002,NO,,SI,ENG-000,2,2,COBERTURA_2_CAPAS
MEF-V3-DIC-0190,misión de MEF,AUTORIDAD_FND,SI,FND-002,NO,,NO,,1,1,COBERTURA_1_CAPA
MEF-V3-DIC-0191,Motivación,AUTORIDAD_FND,SI,FND-000,NO,,NO,,1,1,COBERTURA_1_CAPA
MEF-V3-DIC-0192,Nuestra misión,AUTORIDAD_FND,SI,FND-002,NO,,NO,,1,1,COBERTURA_1_CAPA
MEF-V3-DIC-0193,Objetivos,AUTORIDAD_FND,SI,FND-000;FND-001,SI,ARQ-004;ARQ-010;ARQ-011;ARQ-012;ARQ-013;ARQ-017,SI,ENG-000;ENG-001;ENG-005;ENG-006;ENG-007;ENG-008;ENG-009;ENG-010;ENG-011;ENG-012;ENG-013;ENG-014;ENG-015;ENG-016;ENG-017;ENG-018;ENG-019;ENG-020;ENG-021;ENG-022;ENG-023;ENG-026;ENG-073;ENG-075;ENG-076;ENG-098,3,34,COBERTURA_TRANSVERSAL_3_CAPAS
MEF-V3-DIC-0194,Objetivos estratégicos,AUTORIDAD_FND,SI,FND-001,NO,,NO,,1,1,COBERTURA_1_CAPA
MEF-V3-DIC-0195,Principios de actuación,AUTORIDAD_FND,SI,FND-002,NO,,NO,,1,1,COBERTURA_1_CAPA
MEF-V3-DIC-0196,Principios de evolución,AUTORIDAD_FND,SI,FND-001,NO,,NO,,1,1,COBERTURA_1_CAPA
MEF-V3-DIC-0197,Principios fundamentales,AUTORIDAD_FND,SI,FND-000,NO,,NO,,1,1,COBERTURA_1_CAPA
MEF-V3-DIC-0198,Relación con la Visión,AUTORIDAD_FND,SI,FND-002,NO,,NO,,1,1,COBERTURA_1_CAPA
MEF-V3-DIC-0199,Su propósito,AUTORIDAD_FND,SI,FND-000;FND-001,SI,ARQ-010;ARQ-011;ARQ-012;ARQ-013;ARQ-017,SI,ENG-001;ENG-003;ENG-004;ENG-005;ENG-006;ENG-009;ENG-022;ENG-024;ENG-077;ENG-079,3,17,COBERTURA_TRANSVERSAL_3_CAPAS
MEF-V3-DIC-0200,Visión,AUTORIDAD_FND,SI,FND-000;FND-001;FND-002,SI,ARQ-000;ARQ-001;ARQ-004,SI,ENG-000;ENG-020,3,8,COBERTURA_TRANSVERSAL_3_CAPAS
MEF-V3-DIC-0201,visión de MEF,AUTORIDAD_FND,SI,FND-001,NO,,NO,,1,1,COBERTURA_1_CAPA
MEF-V3-DIC-0202,¿Qué es MEF?,AUTORIDAD_FND,SI,FND-000,NO,,NO,,1,1,COBERTURA_1_CAPA
MEF-V3-DIC-0203,Áreas de actuación,AUTORIDAD_FND,SI,FND-002,NO,,NO,,1,1,COBERTURA_1_CAPA
