mef_v3_id,termino_canonico,autoridad_10_4,fuentes_vinculadas,fnd_fuentes,arq_fuentes,eng_fuentes,estado_vinculacion
MEF-V3-DIC-0001,Acoplamiento oculto,AUTORIDAD_ARQ,1,,ARQ-004,,VINCULADO
MEF-V3-DIC-0002,Activos Empaquetables,AUTORIDAD_ARQ,1,,ARQ-017,,VINCULADO
MEF-V3-DIC-0003,AI-011,AUTORIDAD_ARQ,1,,ARQ-004,,VINCULADO
MEF-V3-DIC-0004,AI-012,AUTORIDAD_ARQ,1,,ARQ-004,,VINCULADO
MEF-V3-DIC-0005,AI-013,AUTORIDAD_ARQ,1,,ARQ-004,,VINCULADO
MEF-V3-DIC-0006,AI-014,AUTORIDAD_ARQ,1,,ARQ-004,,VINCULADO
MEF-V3-DIC-0007,AI-015,AUTORIDAD_ARQ,2,,ARQ-004,ENG-009,VINCULADO
MEF-V3-DIC-0008,AI-016,AUTORIDAD_ARQ,1,,ARQ-004,,VINCULADO
MEF-V3-DIC-0009,AI-017,AUTORIDAD_ARQ,1,,ARQ-004,,VINCULADO
MEF-V3-DIC-0010,AI-018,AUTORIDAD_ARQ,1,,ARQ-004,,VINCULADO
MEF-V3-DIC-0011,AI-055,AUTORIDAD_ARQ,1,,ARQ-010,,VINCULADO
MEF-V3-DIC-0012,AI-056,AUTORIDAD_ARQ,1,,ARQ-010,,VINCULADO
MEF-V3-DIC-0013,AI-057,AUTORIDAD_ARQ,1,,ARQ-010,,VINCULADO
MEF-V3-DIC-0014,AI-058,AUTORIDAD_ARQ,1,,ARQ-010,,VINCULADO
MEF-V3-DIC-0015,AI-058 La generación,AUTORIDAD_ARQ,1,,ARQ-010,,VINCULADO
MEF-V3-DIC-0016,AI-059,AUTORIDAD_ARQ,1,,ARQ-010,,VINCULADO
MEF-V3-DIC-0017,AI-059 Las plantillas,AUTORIDAD_ARQ,1,,ARQ-010,,VINCULADO
MEF-V3-DIC-0018,AI-060,AUTORIDAD_ARQ,1,,ARQ-010,,VINCULADO
MEF-V3-DIC-0019,AI-061,AUTORIDAD_ARQ,1,,ARQ-011,,VINCULADO
MEF-V3-DIC-0020,AI-062,AUTORIDAD_ARQ,1,,ARQ-011,,VINCULADO
MEF-V3-DIC-0021,AI-063,AUTORIDAD_ARQ,1,,ARQ-011,,VINCULADO
MEF-V3-DIC-0022,AI-064,AUTORIDAD_ARQ,1,,ARQ-011,,VINCULADO
MEF-V3-DIC-0023,AI-064 Los Contracts,AUTORIDAD_ARQ,1,,ARQ-011,,VINCULADO
MEF-V3-DIC-0024,AI-065,AUTORIDAD_ARQ,1,,ARQ-011,,VINCULADO
MEF-V3-DIC-0025,AI-066,AUTORIDAD_ARQ,1,,ARQ-011,,VINCULADO
MEF-V3-DIC-0026,AI-066 Los Contracts,AUTORIDAD_ARQ,1,,ARQ-011,,VINCULADO
MEF-V3-DIC-0027,AI-067,AUTORIDAD_ARQ,1,,ARQ-012,,VINCULADO
MEF-V3-DIC-0028,AI-068,AUTORIDAD_ARQ,1,,ARQ-012,,VINCULADO
MEF-V3-DIC-0029,AI-069,AUTORIDAD_ARQ,1,,ARQ-012,,VINCULADO
MEF-V3-DIC-0030,AI-070,AUTORIDAD_ARQ,1,,ARQ-012,,VINCULADO
MEF-V3-DIC-0031,AI-071,AUTORIDAD_ARQ,1,,ARQ-012,,VINCULADO
MEF-V3-DIC-0032,AI-072,AUTORIDAD_ARQ,1,,ARQ-012,,VINCULADO
MEF-V3-DIC-0033,AI-072 Constructor Injection,AUTORIDAD_ARQ,1,,ARQ-012,,VINCULADO
MEF-V3-DIC-0034,AI-073,AUTORIDAD_ARQ,1,,ARQ-013,,VINCULADO
MEF-V3-DIC-0035,AI-074,AUTORIDAD_ARQ,1,,ARQ-013,,VINCULADO
MEF-V3-DIC-0036,AI-075,AUTORIDAD_ARQ,1,,ARQ-013,,VINCULADO
MEF-V3-DIC-0037,AI-075 Toda política,AUTORIDAD_ARQ,1,,ARQ-013,,VINCULADO
MEF-V3-DIC-0038,AI-076,AUTORIDAD_ARQ,1,,ARQ-013,,VINCULADO
MEF-V3-DIC-0039,AI-076 La configuración,AUTORIDAD_ARQ,1,,ARQ-013,,VINCULADO
MEF-V3-DIC-0040,AI-077,AUTORIDAD_ARQ,1,,ARQ-013,,VINCULADO
MEF-V3-DIC-0041,AI-078,AUTORIDAD_ARQ,1,,ARQ-013,,VINCULADO
MEF-V3-DIC-0042,AI-097,AUTORIDAD_ARQ,1,,ARQ-017,,VINCULADO
MEF-V3-DIC-0043,AI-098,AUTORIDAD_ARQ,1,,ARQ-017,,VINCULADO
MEF-V3-DIC-0044,AI-099,AUTORIDAD_ARQ,1,,ARQ-017,,VINCULADO
MEF-V3-DIC-0045,AI-100,AUTORIDAD_ARQ,1,,ARQ-017,,VINCULADO
MEF-V3-DIC-0046,AI-101,AUTORIDAD_ARQ,1,,ARQ-017,,VINCULADO
MEF-V3-DIC-0047,AI-102,AUTORIDAD_ARQ,1,,ARQ-017,,VINCULADO
MEF-V3-DIC-0048,AI-102 Todo Package,AUTORIDAD_ARQ,1,,ARQ-017,,VINCULADO
MEF-V3-DIC-0049,Anatomía conceptual,AUTORIDAD_ARQ,1,,ARQ-004,,VINCULADO
MEF-V3-DIC-0050,API pública,AUTORIDAD_ARQ,12,,ARQ-004,ENG-001;ENG-002;ENG-004;ENG-006;ENG-016;ENG-028;ENG-030;ENG-033;ENG-041;ENG-044;ENG-057,VINCULADO
MEF-V3-DIC-0051,API pública accidental,AUTORIDAD_ARQ,1,,ARQ-004,,VINCULADO
MEF-V3-DIC-0052,ARQ-004,AUTORIDAD_ARQ,70,,ARQ-001;ARQ-002;ARQ-003;ARQ-004;ARQ-005;ARQ-006;ARQ-008;ARQ-015;ARQ-017,ENG-000;ENG-001;ENG-002;ENG-003;ENG-004;ENG-005;ENG-006;ENG-009;ENG-013;ENG-014;ENG-015;ENG-016;ENG-018;ENG-019;ENG-020;ENG-021;ENG-022;ENG-023;ENG-024;ENG-028;ENG-029;ENG-030;ENG-031;ENG-032;ENG-033;ENG-034;ENG-035;ENG-036;ENG-037;ENG-038;ENG-039;ENG-040;ENG-041;ENG-042;ENG-043;ENG-044;ENG-045;ENG-046;ENG-047;ENG-048;ENG-049;ENG-050;ENG-051;ENG-052;ENG-053;ENG-054;ENG-055;ENG-056;ENG-057;ENG-059;ENG-060;ENG-061;ENG-062;ENG-063;ENG-065;ENG-066;ENG-067;ENG-068;ENG-069;ENG-074;ENG-075,VINCULADO
MEF-V3-DIC-0053,ARQ-010,AUTORIDAD_ARQ,6,,ARQ-009;ARQ-010;ARQ-013,ENG-000;ENG-008;ENG-012,VINCULADO
MEF-V3-DIC-0054,ARQ-011,AUTORIDAD_ARQ,77,,ARQ-007;ARQ-009;ARQ-010;ARQ-011;ARQ-012;ARQ-015;ARQ-016;ARQ-017,ENG-001;ENG-002;ENG-003;ENG-004;ENG-005;ENG-008;ENG-009;ENG-013;ENG-014;ENG-015;ENG-016;ENG-017;ENG-018;ENG-019;ENG-020;ENG-021;ENG-022;ENG-023;ENG-024;ENG-028;ENG-029;ENG-030;ENG-031;ENG-032;ENG-033;ENG-034;ENG-035;ENG-036;ENG-037;ENG-038;ENG-039;ENG-040;ENG-041;ENG-042;ENG-043;ENG-044;ENG-045;ENG-046;ENG-047;ENG-048;ENG-049;ENG-050;ENG-051;ENG-052;ENG-053;ENG-054;ENG-055;ENG-056;ENG-057;ENG-059;ENG-060;ENG-061;ENG-062;ENG-063;ENG-065;ENG-066;ENG-067;ENG-070;ENG-071;ENG-072;ENG-073;ENG-074;ENG-075;ENG-076;ENG-077;ENG-078;ENG-079;ENG-080;ENG-081,VINCULADO
MEF-V3-DIC-0055,ARQ-012,AUTORIDAD_ARQ,14,,ARQ-007;ARQ-009;ARQ-011;ARQ-012;ARQ-013;ARQ-014,ENG-004;ENG-018;ENG-019;ENG-020;ENG-021;ENG-022;ENG-023;ENG-024,VINCULADO
MEF-V3-DIC-0056,ARQ-013,AUTORIDAD_ARQ,18,,ARQ-010;ARQ-012;ARQ-013;ARQ-016;ARQ-017,ENG-000;ENG-002;ENG-004;ENG-005;ENG-010;ENG-011;ENG-013;ENG-014;ENG-015;ENG-016;ENG-018;ENG-019;ENG-020,VINCULADO
MEF-V3-DIC-0057,ARQ-017,AUTORIDAD_ARQ,18,FND-011,ARQ-016;ARQ-017,ENG-000;ENG-002;ENG-003;ENG-004;ENG-005;ENG-006;ENG-007;ENG-009;ENG-011;ENG-012;ENG-013;ENG-014;ENG-015;ENG-016;ENG-017,VINCULADO
MEF-V3-DIC-0058,Artefactos Generables,AUTORIDAD_ARQ,1,,ARQ-010,,VINCULADO
MEF-V3-DIC-0059,Cada paquete,AUTORIDAD_ARQ,1,,ARQ-017,,VINCULADO
MEF-V3-DIC-0060,Categorías de Modules,AUTORIDAD_ARQ,1,,ARQ-004,,VINCULADO
MEF-V3-DIC-0061,CFG-001,AUTORIDAD_ARQ,4,,ARQ-013,ENG-004;ENG-005;ENG-011,VINCULADO
MEF-V3-DIC-0062,CFG-002,AUTORIDAD_ARQ,2,,ARQ-013,ENG-011,VINCULADO
MEF-V3-DIC-0063,CFG-003,AUTORIDAD_ARQ,2,,ARQ-013,ENG-011,VINCULADO
MEF-V3-DIC-0064,CFG-004,AUTORIDAD_ARQ,2,,ARQ-013,ENG-011,VINCULADO
MEF-V3-DIC-0065,CFG-005,AUTORIDAD_ARQ,2,,ARQ-013,ENG-011,VINCULADO
MEF-V3-DIC-0066,CFG-006,AUTORIDAD_ARQ,2,,ARQ-013,ENG-011,VINCULADO
MEF-V3-DIC-0067,Ciclo de Vida,AUTORIDAD_ARQ,11,FND-000,ARQ-004;ARQ-012;ARQ-014;ARQ-015;ARQ-016,ENG-002;ENG-004;ENG-050;ENG-075;ENG-081,VINCULADO
MEF-V3-DIC-0068,Compatibilidad,AUTORIDAD_ARQ,39,FND-000;FND-001,ARQ-004;ARQ-010;ARQ-011;ARQ-013;ARQ-017,ENG-000;ENG-001;ENG-002;ENG-003;ENG-004;ENG-005;ENG-007;ENG-008;ENG-009;ENG-012;ENG-013;ENG-014;ENG-015;ENG-016;ENG-017;ENG-019;ENG-020;ENG-021;ENG-022;ENG-041;ENG-061;ENG-062;ENG-063;ENG-065;ENG-066;ENG-067;ENG-073;ENG-080;ENG-088;ENG-095;ENG-096;ENG-097,VINCULADO
MEF-V3-DIC-0069,Componentes,AUTORIDAD_ARQ,65,FND-000;FND-001;FND-002,ARQ-004;ARQ-010;ARQ-011;ARQ-012;ARQ-013;ARQ-017,ENG-000;ENG-001;ENG-003;ENG-004;ENG-005;ENG-006;ENG-007;ENG-009;ENG-010;ENG-011;ENG-013;ENG-014;ENG-015;ENG-016;ENG-017;ENG-018;ENG-019;ENG-020;ENG-021;ENG-022;ENG-023;ENG-024;ENG-025;ENG-026;ENG-027;ENG-028;ENG-033;ENG-034;ENG-035;ENG-037;ENG-038;ENG-039;ENG-042;ENG-045;ENG-048;ENG-049;ENG-052;ENG-053;ENG-054;ENG-055;ENG-056;ENG-057;ENG-058;ENG-064;ENG-065;ENG-066;ENG-068;ENG-069;ENG-070;ENG-072;ENG-073;ENG-074;ENG-075;ENG-076;ENG-083;ENG-085,VINCULADO
MEF-V3-DIC-0070,Comunicación entre Modules,AUTORIDAD_ARQ,1,,ARQ-004,,VINCULADO
MEF-V3-DIC-0071,Configuration,AUTORIDAD_ARQ,92,,ARQ-004;ARQ-010;ARQ-012;ARQ-013;ARQ-017,ENG-000;ENG-002;ENG-003;ENG-004;ENG-005;ENG-006;ENG-007;ENG-008;ENG-009;ENG-010;ENG-011;ENG-012;ENG-013;ENG-014;ENG-015;ENG-016;ENG-017;ENG-018;ENG-019;ENG-020;ENG-021;ENG-022;ENG-023;ENG-024;ENG-025;ENG-026;ENG-027;ENG-028;ENG-029;ENG-030;ENG-031;ENG-032;ENG-033;ENG-034;ENG-036;ENG-037;ENG-038;ENG-039;ENG-040;ENG-041;ENG-042;ENG-043;ENG-044;ENG-045;ENG-046;ENG-047;ENG-048;ENG-049;ENG-050;ENG-051;ENG-052;ENG-053;ENG-054;ENG-055;ENG-056;ENG-057;ENG-058;ENG-059;ENG-060;ENG-061;ENG-062;ENG-063;ENG-064;ENG-065;ENG-066;ENG-067;ENG-068;ENG-069;ENG-070;ENG-071;ENG-072;ENG-073;ENG-074;ENG-075;ENG-076;ENG-077;ENG-078;ENG-080;ENG-082;ENG-083;ENG-084;ENG-085;ENG-095;ENG-096;ENG-097;ENG-098;ENG-099,VINCULADO
MEF-V3-DIC-0072,Constructor Injection,AUTORIDAD_ARQ,3,,ARQ-012,ENG-018;ENG-019,VINCULADO
MEF-V3-DIC-0073,Contaminación del Core,AUTORIDAD_ARQ,1,,ARQ-004,,VINCULADO
MEF-V3-DIC-0074,Contenido Mínimo,AUTORIDAD_ARQ,1,,ARQ-017,,VINCULADO
MEF-V3-DIC-0075,Contracts,AUTORIDAD_ARQ,107,,ARQ-004;ARQ-010;ARQ-011;ARQ-012;ARQ-013;ARQ-017,ENG-000;ENG-001;ENG-002;ENG-003;ENG-004;ENG-005;ENG-006;ENG-007;ENG-008;ENG-009;ENG-010;ENG-011;ENG-012;ENG-013;ENG-014;ENG-015;ENG-016;ENG-017;ENG-018;ENG-019;ENG-020;ENG-021;ENG-022;ENG-023;ENG-024;ENG-025;ENG-026;ENG-027;ENG-028;ENG-029;ENG-030;ENG-031;ENG-032;ENG-033;ENG-034;ENG-035;ENG-036;ENG-037;ENG-038;ENG-039;ENG-040;ENG-041;ENG-042;ENG-043;ENG-044;ENG-045;ENG-046;ENG-047;ENG-048;ENG-049;ENG-050;ENG-051;ENG-052;ENG-053;ENG-054;ENG-055;ENG-056;ENG-057;ENG-058;ENG-059;ENG-060;ENG-061;ENG-062;ENG-063;ENG-064;ENG-065;ENG-066;ENG-067;ENG-068;ENG-069;ENG-070;ENG-071;ENG-072;ENG-073;ENG-074;ENG-075;ENG-076;ENG-077;ENG-078;ENG-079;ENG-080;ENG-081;ENG-082;ENG-083;ENG-084;ENG-085;ENG-086;ENG-087;ENG-088;ENG-089;ENG-090;ENG-091;ENG-092;ENG-093;ENG-094;ENG-095;ENG-096;ENG-097;ENG-098;ENG-099;ENG-100,VINCULADO
MEF-V3-DIC-0076,Criterios de Evaluación,AUTORIDAD_ARQ,3,,ARQ-004;ARQ-013;ARQ-017,,VINCULADO
MEF-V3-DIC-0077,CT-001,AUTORIDAD_ARQ,3,,ARQ-011,ENG-021;ENG-023,VINCULADO
MEF-V3-DIC-0078,CT-002,AUTORIDAD_ARQ,2,,ARQ-011,ENG-021,VINCULADO
MEF-V3-DIC-0079,CT-003,AUTORIDAD_ARQ,2,,ARQ-011,ENG-021,VINCULADO
MEF-V3-DIC-0080,CT-004,AUTORIDAD_ARQ,2,,ARQ-011,ENG-021,VINCULADO
MEF-V3-DIC-0081,CT-005,AUTORIDAD_ARQ,2,,ARQ-011,ENG-021,VINCULADO
MEF-V3-DIC-0082,CT-006,AUTORIDAD_ARQ,2,,ARQ-011,ENG-021,VINCULADO
MEF-V3-DIC-0083,CT-007,AUTORIDAD_ARQ,2,,ARQ-011,ENG-021,VINCULADO
MEF-V3-DIC-0084,cómo,AUTORIDAD_ARQ,110,FND-000;FND-001;FND-002,ARQ-004;ARQ-010;ARQ-011;ARQ-012;ARQ-013;ARQ-017,ENG-000;ENG-001;ENG-002;ENG-003;ENG-004;ENG-005;ENG-006;ENG-007;ENG-008;ENG-009;ENG-010;ENG-011;ENG-012;ENG-013;ENG-014;ENG-015;ENG-016;ENG-017;ENG-018;ENG-019;ENG-020;ENG-021;ENG-022;ENG-023;ENG-024;ENG-025;ENG-026;ENG-027;ENG-028;ENG-029;ENG-030;ENG-031;ENG-032;ENG-033;ENG-034;ENG-035;ENG-036;ENG-037;ENG-038;ENG-039;ENG-040;ENG-041;ENG-042;ENG-043;ENG-044;ENG-045;ENG-046;ENG-047;ENG-048;ENG-049;ENG-050;ENG-051;ENG-052;ENG-053;ENG-054;ENG-055;ENG-056;ENG-057;ENG-058;ENG-059;ENG-060;ENG-061;ENG-062;ENG-063;ENG-064;ENG-065;ENG-066;ENG-067;ENG-068;ENG-069;ENG-070;ENG-071;ENG-072;ENG-073;ENG-074;ENG-075;ENG-076;ENG-077;ENG-078;ENG-079;ENG-080;ENG-081;ENG-082;ENG-083;ENG-084;ENG-085;ENG-086;ENG-087;ENG-088;ENG-089;ENG-090;ENG-091;ENG-092;ENG-093;ENG-094;ENG-095;ENG-096;ENG-097;ENG-098;ENG-099;ENG-100,VINCULADO
MEF-V3-DIC-0085,cómo resolverlo,AUTORIDAD_ARQ,1,,ARQ-012,,VINCULADO
MEF-V3-DIC-0086,Datos y persistencia,AUTORIDAD_ARQ,1,,ARQ-004,,VINCULADO
MEF-V3-DIC-0087,Definición de Module,AUTORIDAD_ARQ,1,,ARQ-004,,VINCULADO
MEF-V3-DIC-0088,Dependencias circulares,AUTORIDAD_ARQ,8,,ARQ-004,ENG-001;ENG-002;ENG-004;ENG-011;ENG-018;ENG-026;ENG-051,VINCULADO
MEF-V3-DIC-0089,Dependencias entre Modules,AUTORIDAD_ARQ,2,,ARQ-004,ENG-002,VINCULADO
MEF-V3-DIC-0090,Dependencias permitidas,AUTORIDAD_ARQ,2,,ARQ-004,ENG-001,VINCULADO
MEF-V3-DIC-0091,Dependencias prohibidas,AUTORIDAD_ARQ,4,,ARQ-004,ENG-001;ENG-012;ENG-018,VINCULADO
MEF-V3-DIC-0092,Dependency Injection,AUTORIDAD_ARQ,46,,ARQ-007;ARQ-011;ARQ-012;ARQ-013,ENG-004;ENG-005;ENG-018;ENG-019;ENG-020;ENG-021;ENG-022;ENG-023;ENG-024;ENG-025;ENG-026;ENG-027;ENG-028;ENG-029;ENG-030;ENG-034;ENG-035;ENG-036;ENG-037;ENG-038;ENG-039;ENG-040;ENG-041;ENG-042;ENG-043;ENG-044;ENG-045;ENG-046;ENG-047;ENG-048;ENG-049;ENG-050;ENG-051;ENG-052;ENG-053;ENG-054;ENG-055;ENG-056;ENG-058;ENG-059;ENG-060;ENG-075,VINCULADO
MEF-V3-DIC-0093,Dependency Injection (DI),AUTORIDAD_ARQ,2,,ARQ-012,ENG-018,VINCULADO
MEF-V3-DIC-0094,DI-001,AUTORIDAD_ARQ,3,,ARQ-012,ENG-018;ENG-023,VINCULADO
MEF-V3-DIC-0095,DI-002,AUTORIDAD_ARQ,2,,ARQ-012,ENG-018,VINCULADO
MEF-V3-DIC-0096,DI-003,AUTORIDAD_ARQ,2,,ARQ-012,ENG-018,VINCULADO
MEF-V3-DIC-0097,DI-004,AUTORIDAD_ARQ,2,,ARQ-012,ENG-018,VINCULADO
MEF-V3-DIC-0098,Dirección de dependencias,AUTORIDAD_ARQ,5,,ARQ-004,ENG-000;ENG-001;ENG-006;ENG-035,VINCULADO
MEF-V3-DIC-0099,Duplicación transversal,AUTORIDAD_ARQ,1,,ARQ-004,,VINCULADO
MEF-V3-DIC-0100,El Package,AUTORIDAD_ARQ,12,,ARQ-017,ENG-002;ENG-003;ENG-008;ENG-013;ENG-015;ENG-019;ENG-020;ENG-024;ENG-028;ENG-036;ENG-094,VINCULADO
MEF-V3-DIC-0101,El Packaging,AUTORIDAD_ARQ,2,,ARQ-017,ENG-003,VINCULADO
MEF-V3-DIC-0102,El paquete,AUTORIDAD_ARQ,1,,ARQ-017,,VINCULADO
MEF-V3-DIC-0103,El Template Engine,AUTORIDAD_ARQ,4,,ARQ-010,ENG-005;ENG-006;ENG-008,VINCULADO
MEF-V3-DIC-0104,Esta estructura,AUTORIDAD_ARQ,3,,ARQ-004,ENG-002;ENG-006,VINCULADO
MEF-V3-DIC-0105,Estrategias,AUTORIDAD_ARQ,12,,ARQ-004;ARQ-012;ARQ-013,ENG-000;ENG-018;ENG-030;ENG-031;ENG-039;ENG-048;ENG-070;ENG-076;ENG-097,VINCULADO
MEF-V3-DIC-0106,Evolución,AUTORIDAD_ARQ,34,FND-000;FND-001;FND-002,ARQ-004;ARQ-011;ARQ-012;ARQ-013,ENG-000;ENG-001;ENG-002;ENG-003;ENG-004;ENG-005;ENG-006;ENG-009;ENG-014;ENG-016;ENG-017;ENG-021;ENG-022;ENG-028;ENG-030;ENG-031;ENG-033;ENG-035;ENG-044;ENG-045;ENG-053;ENG-057;ENG-061;ENG-062;ENG-075;ENG-079;ENG-082,VINCULADO
MEF-V3-DIC-0107,Filosofía,AUTORIDAD_ARQ,9,FND-009,ARQ-010;ARQ-011;ARQ-012;ARQ-013;ARQ-017,ENG-007;ENG-008;ENG-012,VINCULADO
MEF-V3-DIC-0108,Flujo de Generación,AUTORIDAD_ARQ,1,,ARQ-010,,VINCULADO
MEF-V3-DIC-0109,ID,AUTORIDAD_ARQ,134,FND-000;FND-001;FND-002;FND-003;FND-004;FND-005;FND-006;FND-007;FND-008;FND-009;FND-010;FND-011;FND-012;FND-013;FND-014,ARQ-000;ARQ-001;ARQ-002;ARQ-003;ARQ-004;ARQ-005;ARQ-006;ARQ-007;ARQ-008;ARQ-009;ARQ-010;ARQ-011;ARQ-012;ARQ-013;ARQ-014;ARQ-015;ARQ-016;ARQ-017,ENG-000;ENG-001;ENG-002;ENG-003;ENG-004;ENG-005;ENG-006;ENG-007;ENG-008;ENG-009;ENG-010;ENG-011;ENG-012;ENG-013;ENG-014;ENG-015;ENG-016;ENG-017;ENG-018;ENG-019;ENG-020;ENG-021;ENG-022;ENG-023;ENG-024;ENG-025;ENG-026;ENG-027;ENG-028;ENG-029;ENG-030;ENG-031;ENG-032;ENG-033;ENG-034;ENG-035;ENG-036;ENG-037;ENG-038;ENG-039;ENG-040;ENG-041;ENG-042;ENG-043;ENG-044;ENG-045;ENG-046;ENG-047;ENG-048;ENG-049;ENG-050;ENG-051;ENG-052;ENG-053;ENG-054;ENG-055;ENG-056;ENG-057;ENG-058;ENG-059;ENG-060;ENG-061;ENG-062;ENG-063;ENG-064;ENG-065;ENG-066;ENG-067;ENG-068;ENG-069;ENG-070;ENG-071;ENG-072;ENG-073;ENG-074;ENG-075;ENG-076;ENG-077;ENG-078;ENG-079;ENG-080;ENG-081;ENG-082;ENG-083;ENG-084;ENG-085;ENG-086;ENG-087;ENG-088;ENG-089;ENG-090;ENG-091;ENG-092;ENG-093;ENG-094;ENG-095;ENG-096;ENG-097;ENG-098;ENG-099;ENG-100,VINCULADO
MEF-V3-DIC-0110,Implementación interna,AUTORIDAD_ARQ,5,,ARQ-004,ENG-001;ENG-002;ENG-025;ENG-033,VINCULADO
MEF-V3-DIC-0111,Instalación,AUTORIDAD_ARQ,16,,ARQ-004;ARQ-017,ENG-002;ENG-003;ENG-004;ENG-006;ENG-007;ENG-008;ENG-011;ENG-012;ENG-013;ENG-016;ENG-017;ENG-024;ENG-066;ENG-067,VINCULADO
MEF-V3-DIC-0112,Instalación y desinstalación,AUTORIDAD_ARQ,1,,ARQ-004,,VINCULADO
MEF-V3-DIC-0113,Integridad,AUTORIDAD_ARQ,23,,ARQ-004;ARQ-017,ENG-000;ENG-002;ENG-003;ENG-006;ENG-007;ENG-008;ENG-009;ENG-010;ENG-011;ENG-012;ENG-013;ENG-017;ENG-020;ENG-023;ENG-024;ENG-027;ENG-030;ENG-036;ENG-064;ENG-077;ENG-087,VINCULADO
MEF-V3-DIC-0114,Invariantes Arquitectónicos,AUTORIDAD_ARQ,10,,ARQ-004;ARQ-010;ARQ-011;ARQ-012;ARQ-013;ARQ-017,ENG-000;ENG-008;ENG-009;ENG-027,VINCULADO
MEF-V3-DIC-0115,Inventory,AUTORIDAD_ARQ,17,,ARQ-004,ENG-002;ENG-005;ENG-006;ENG-022;ENG-025;ENG-028;ENG-037;ENG-039;ENG-052;ENG-073;ENG-078;ENG-079;ENG-080;ENG-081;ENG-082;ENG-093,VINCULADO
MEF-V3-DIC-0116,Jerarquía,AUTORIDAD_ARQ,8,,ARQ-013,ENG-005;ENG-019;ENG-023;ENG-038;ENG-039;ENG-046;ENG-053,VINCULADO
MEF-V3-DIC-0117,La Configuration,AUTORIDAD_ARQ,8,,ARQ-013,ENG-011;ENG-012;ENG-015;ENG-016;ENG-018;ENG-019;ENG-024,VINCULADO
MEF-V3-DIC-0118,La Dependency Injection,AUTORIDAD_ARQ,2,,ARQ-012;ARQ-013,,VINCULADO
MEF-V3-DIC-0119,Manifest,AUTORIDAD_ARQ,47,,ARQ-004;ARQ-010;ARQ-017,ENG-000;ENG-001;ENG-002;ENG-003;ENG-004;ENG-005;ENG-006;ENG-007;ENG-008;ENG-009;ENG-010;ENG-011;ENG-012;ENG-013;ENG-014;ENG-015;ENG-016;ENG-017;ENG-018;ENG-020;ENG-021;ENG-022;ENG-023;ENG-024;ENG-025;ENG-026;ENG-027;ENG-028;ENG-029;ENG-030;ENG-031;ENG-034;ENG-036;ENG-048;ENG-057;ENG-058;ENG-059;ENG-060;ENG-061;ENG-066;ENG-067;ENG-087;ENG-093;ENG-094,VINCULADO
MEF-V3-DIC-0120,Modelo Arquitectónico,AUTORIDAD_ARQ,6,,ARQ-011;ARQ-012;ARQ-013;ARQ-017,ENG-002;ENG-011,VINCULADO
MEF-V3-DIC-0121,Modelo de Generación,AUTORIDAD_ARQ,1,,ARQ-010,,VINCULADO
MEF-V3-DIC-0122,Module,AUTORIDAD_ARQ,73,,ARQ-004;ARQ-013;ARQ-017,ENG-000;ENG-001;ENG-002;ENG-003;ENG-004;ENG-005;ENG-006;ENG-007;ENG-008;ENG-009;ENG-010;ENG-011;ENG-012;ENG-013;ENG-014;ENG-015;ENG-016;ENG-017;ENG-018;ENG-019;ENG-020;ENG-021;ENG-022;ENG-023;ENG-024;ENG-025;ENG-026;ENG-027;ENG-028;ENG-029;ENG-030;ENG-031;ENG-032;ENG-033;ENG-034;ENG-035;ENG-036;ENG-037;ENG-038;ENG-039;ENG-040;ENG-041;ENG-042;ENG-043;ENG-044;ENG-045;ENG-046;ENG-047;ENG-048;ENG-049;ENG-050;ENG-051;ENG-052;ENG-053;ENG-054;ENG-055;ENG-056;ENG-057;ENG-058;ENG-059;ENG-060;ENG-062;ENG-064;ENG-065;ENG-066;ENG-067;ENG-068;ENG-069;ENG-074;ENG-075,VINCULADO
MEF-V3-DIC-0123,Module monolítico,AUTORIDAD_ARQ,1,,ARQ-004,,VINCULADO
MEF-V3-DIC-0124,Modules,AUTORIDAD_ARQ,76,FND-001,ARQ-004;ARQ-010;ARQ-011;ARQ-013;ARQ-015;ARQ-017,ENG-000;ENG-001;ENG-002;ENG-003;ENG-004;ENG-005;ENG-006;ENG-007;ENG-008;ENG-009;ENG-010;ENG-011;ENG-013;ENG-014;ENG-015;ENG-016;ENG-018;ENG-019;ENG-020;ENG-021;ENG-022;ENG-023;ENG-024;ENG-025;ENG-026;ENG-027;ENG-028;ENG-029;ENG-030;ENG-031;ENG-032;ENG-033;ENG-034;ENG-035;ENG-036;ENG-037;ENG-038;ENG-039;ENG-040;ENG-041;ENG-042;ENG-043;ENG-044;ENG-045;ENG-046;ENG-047;ENG-048;ENG-049;ENG-050;ENG-051;ENG-052;ENG-053;ENG-054;ENG-055;ENG-056;ENG-057;ENG-058;ENG-059;ENG-060;ENG-061;ENG-062;ENG-063;ENG-065;ENG-066;ENG-067;ENG-068;ENG-069;ENG-074;ENG-075,VINCULADO
MEF-V3-DIC-0125,Modules de dominio,AUTORIDAD_ARQ,2,,ARQ-004,ENG-005,VINCULADO
MEF-V3-DIC-0126,Modules de integración,AUTORIDAD_ARQ,1,,ARQ-004,,VINCULADO
MEF-V3-DIC-0127,Modules técnicos,AUTORIDAD_ARQ,1,,ARQ-004,,VINCULADO
MEF-V3-DIC-0128,No,AUTORIDAD_ARQ,109,FND-000;FND-001,ARQ-004;ARQ-010;ARQ-011;ARQ-012;ARQ-013;ARQ-017,ENG-000;ENG-001;ENG-002;ENG-003;ENG-004;ENG-005;ENG-006;ENG-007;ENG-008;ENG-009;ENG-010;ENG-011;ENG-012;ENG-013;ENG-014;ENG-015;ENG-016;ENG-017;ENG-018;ENG-019;ENG-020;ENG-021;ENG-022;ENG-023;ENG-024;ENG-025;ENG-026;ENG-027;ENG-028;ENG-029;ENG-030;ENG-031;ENG-032;ENG-033;ENG-034;ENG-035;ENG-036;ENG-037;ENG-038;ENG-039;ENG-040;ENG-041;ENG-042;ENG-043;ENG-044;ENG-045;ENG-046;ENG-047;ENG-048;ENG-049;ENG-050;ENG-051;ENG-052;ENG-053;ENG-054;ENG-055;ENG-056;ENG-057;ENG-058;ENG-059;ENG-060;ENG-061;ENG-062;ENG-063;ENG-064;ENG-065;ENG-066;ENG-067;ENG-068;ENG-069;ENG-070;ENG-071;ENG-072;ENG-073;ENG-074;ENG-075;ENG-076;ENG-077;ENG-078;ENG-079;ENG-080;ENG-081;ENG-082;ENG-083;ENG-084;ENG-085;ENG-086;ENG-087;ENG-088;ENG-089;ENG-090;ENG-091;ENG-092;ENG-093;ENG-094;ENG-095;ENG-096;ENG-097;ENG-098;ENG-099;ENG-100,VINCULADO
MEF-V3-DIC-0129,No responsabilidades,AUTORIDAD_ARQ,5,,ARQ-004;ARQ-011;ARQ-012;ARQ-013,ENG-003,VINCULADO
MEF-V3-DIC-0130,Observabilidad,AUTORIDAD_ARQ,21,,ARQ-004;ARQ-010;ARQ-011;ARQ-012;ARQ-013;ARQ-017,ENG-000;ENG-002;ENG-004;ENG-005;ENG-008;ENG-009;ENG-010;ENG-011;ENG-015;ENG-025;ENG-027;ENG-046;ENG-049;ENG-055;ENG-095,VINCULADO
MEF-V3-DIC-0131,Package,AUTORIDAD_ARQ,44,,ARQ-017,ENG-000;ENG-002;ENG-003;ENG-004;ENG-005;ENG-006;ENG-007;ENG-008;ENG-009;ENG-010;ENG-011;ENG-012;ENG-013;ENG-014;ENG-015;ENG-016;ENG-017;ENG-018;ENG-019;ENG-020;ENG-021;ENG-022;ENG-023;ENG-024;ENG-025;ENG-026;ENG-027;ENG-028;ENG-029;ENG-030;ENG-031;ENG-036;ENG-057;ENG-058;ENG-060;ENG-067;ENG-068;ENG-087;ENG-089;ENG-093;ENG-094;ENG-095;ENG-100,VINCULADO
MEF-V3-DIC-0132,Packaging,AUTORIDAD_ARQ,19,,ARQ-017,ENG-000;ENG-002;ENG-003;ENG-004;ENG-005;ENG-006;ENG-007;ENG-009;ENG-011;ENG-012;ENG-013;ENG-014;ENG-015;ENG-016;ENG-017;ENG-020;ENG-093;ENG-094,VINCULADO
MEF-V3-DIC-0133,paquete,AUTORIDAD_ARQ,2,,ARQ-017,ENG-010,VINCULADO
MEF-V3-DIC-0134,Plantillas,AUTORIDAD_ARQ,4,,ARQ-010,ENG-005;ENG-006;ENG-008,VINCULADO
MEF-V3-DIC-0135,Políticas de Configuración,AUTORIDAD_ARQ,1,,ARQ-013,,VINCULADO
MEF-V3-DIC-0136,Pruebas,AUTORIDAD_ARQ,34,,ARQ-004;ARQ-011;ARQ-012,ENG-000;ENG-001;ENG-002;ENG-004;ENG-005;ENG-006;ENG-007;ENG-008;ENG-009;ENG-010;ENG-011;ENG-012;ENG-015;ENG-017;ENG-019;ENG-021;ENG-026;ENG-073;ENG-076;ENG-078;ENG-079;ENG-086;ENG-087;ENG-088;ENG-089;ENG-090;ENG-091;ENG-092;ENG-093;ENG-094;ENG-095,VINCULADO
MEF-V3-DIC-0137,Puntos de extensión,AUTORIDAD_ARQ,2,,ARQ-004,ENG-003,VINCULADO
MEF-V3-DIC-0138,qué,AUTORIDAD_ARQ,109,FND-000;FND-001;FND-002,ARQ-004;ARQ-011;ARQ-012;ARQ-013;ARQ-017,ENG-000;ENG-001;ENG-002;ENG-003;ENG-004;ENG-005;ENG-006;ENG-007;ENG-008;ENG-009;ENG-010;ENG-011;ENG-012;ENG-013;ENG-014;ENG-015;ENG-016;ENG-017;ENG-018;ENG-019;ENG-020;ENG-021;ENG-022;ENG-023;ENG-024;ENG-025;ENG-026;ENG-027;ENG-028;ENG-029;ENG-030;ENG-031;ENG-032;ENG-033;ENG-034;ENG-035;ENG-036;ENG-037;ENG-038;ENG-039;ENG-040;ENG-041;ENG-042;ENG-043;ENG-044;ENG-045;ENG-046;ENG-047;ENG-048;ENG-049;ENG-050;ENG-051;ENG-052;ENG-053;ENG-054;ENG-055;ENG-056;ENG-057;ENG-058;ENG-059;ENG-060;ENG-061;ENG-062;ENG-063;ENG-064;ENG-065;ENG-066;ENG-067;ENG-068;ENG-069;ENG-070;ENG-071;ENG-072;ENG-073;ENG-074;ENG-075;ENG-076;ENG-077;ENG-078;ENG-079;ENG-080;ENG-081;ENG-082;ENG-083;ENG-084;ENG-085;ENG-086;ENG-087;ENG-088;ENG-089;ENG-090;ENG-091;ENG-092;ENG-093;ENG-094;ENG-095;ENG-096;ENG-097;ENG-098;ENG-099;ENG-100,VINCULADO
MEF-V3-DIC-0139,qué necesitan,AUTORIDAD_ARQ,2,,ARQ-012,ENG-011,VINCULADO
MEF-V3-DIC-0140,Reglas de Diseño,AUTORIDAD_ARQ,1,,ARQ-011,,VINCULADO
MEF-V3-DIC-0141,Relación con otros componentes,AUTORIDAD_ARQ,6,,ARQ-004;ARQ-010;ARQ-011;ARQ-012;ARQ-013;ARQ-017,,VINCULADO
MEF-V3-DIC-0142,Resolución,AUTORIDAD_ARQ,31,,ARQ-011;ARQ-012;ARQ-013,ENG-000;ENG-008;ENG-010;ENG-011;ENG-012;ENG-013;ENG-017;ENG-018;ENG-019;ENG-020;ENG-023;ENG-026;ENG-031;ENG-033;ENG-037;ENG-048;ENG-049;ENG-056;ENG-057;ENG-060;ENG-072;ENG-075;ENG-078;ENG-079;ENG-080;ENG-082;ENG-088;ENG-091,VINCULADO
MEF-V3-DIC-0143,Riesgos Arquitectónicos,AUTORIDAD_ARQ,6,,ARQ-004;ARQ-010;ARQ-011;ARQ-012;ARQ-013;ARQ-017,,VINCULADO
MEF-V3-DIC-0144,Sales,AUTORIDAD_ARQ,6,,ARQ-004,ENG-002;ENG-006;ENG-016;ENG-035;ENG-041,VINCULADO
MEF-V3-DIC-0145,Seguridad,AUTORIDAD_ARQ,43,,ARQ-004;ARQ-013,ENG-000;ENG-001;ENG-002;ENG-003;ENG-004;ENG-005;ENG-006;ENG-007;ENG-008;ENG-009;ENG-010;ENG-011;ENG-012;ENG-013;ENG-014;ENG-016;ENG-017;ENG-019;ENG-020;ENG-021;ENG-024;ENG-025;ENG-027;ENG-043;ENG-044;ENG-046;ENG-047;ENG-048;ENG-051;ENG-053;ENG-056;ENG-057;ENG-060;ENG-064;ENG-068;ENG-074;ENG-075;ENG-082;ENG-086;ENG-087;ENG-099,VINCULADO
MEF-V3-DIC-0146,Su responsabilidad,AUTORIDAD_ARQ,12,,ARQ-010,ENG-000;ENG-001;ENG-002;ENG-005;ENG-006;ENG-010;ENG-013;ENG-018;ENG-020;ENG-024;ENG-025,VINCULADO
MEF-V3-DIC-0147,Sustitución,AUTORIDAD_ARQ,9,,ARQ-011;ARQ-012,ENG-001;ENG-004;ENG-018;ENG-021;ENG-029;ENG-050;ENG-075,VINCULADO
MEF-V3-DIC-0148,Template Engine,AUTORIDAD_ARQ,7,,ARQ-010;ARQ-013,ENG-000;ENG-005;ENG-006;ENG-008;ENG-012,VINCULADO
MEF-V3-DIC-0149,Tipología Oficial,AUTORIDAD_ARQ,1,,ARQ-011,,VINCULADO
MEF-V3-DIC-0150,Tipos de Configuración,AUTORIDAD_ARQ,1,,ARQ-013,,VINCULADO
MEF-V3-DIC-0151,Un Contract,AUTORIDAD_ARQ,33,,ARQ-011;ARQ-012,ENG-001;ENG-002;ENG-004;ENG-008;ENG-009;ENG-011;ENG-013;ENG-014;ENG-016;ENG-018;ENG-019;ENG-020;ENG-021;ENG-023;ENG-024;ENG-029;ENG-031;ENG-033;ENG-034;ENG-035;ENG-037;ENG-041;ENG-052;ENG-057;ENG-062;ENG-069;ENG-075;ENG-077;ENG-078;ENG-094;ENG-100,VINCULADO
MEF-V3-DIC-0152,Un Module,AUTORIDAD_ARQ,43,,ARQ-004,ENG-000;ENG-001;ENG-002;ENG-003;ENG-005;ENG-006;ENG-009;ENG-011;ENG-013;ENG-014;ENG-015;ENG-016;ENG-018;ENG-019;ENG-020;ENG-021;ENG-022;ENG-023;ENG-024;ENG-026;ENG-027;ENG-028;ENG-029;ENG-030;ENG-033;ENG-034;ENG-035;ENG-037;ENG-039;ENG-043;ENG-044;ENG-045;ENG-048;ENG-049;ENG-052;ENG-053;ENG-054;ENG-056;ENG-057;ENG-058;ENG-060;ENG-065,VINCULADO
MEF-V3-DIC-0153,Validación,AUTORIDAD_ARQ,45,,ARQ-010;ARQ-013;ARQ-017,ENG-000;ENG-001;ENG-002;ENG-003;ENG-004;ENG-005;ENG-006;ENG-007;ENG-008;ENG-009;ENG-010;ENG-011;ENG-012;ENG-013;ENG-015;ENG-017;ENG-018;ENG-020;ENG-021;ENG-022;ENG-023;ENG-024;ENG-025;ENG-027;ENG-028;ENG-029;ENG-030;ENG-031;ENG-033;ENG-035;ENG-036;ENG-045;ENG-046;ENG-048;ENG-050;ENG-056;ENG-068;ENG-070;ENG-074;ENG-075;ENG-079;ENG-082,VINCULADO
MEF-V3-DIC-0154,Variables,AUTORIDAD_ARQ,17,,ARQ-010,ENG-004;ENG-005;ENG-011;ENG-012;ENG-017;ENG-018;ENG-024;ENG-037;ENG-043;ENG-049;ENG-050;ENG-052;ENG-054;ENG-067;ENG-068;ENG-070,VINCULADO
MEF-V3-DIC-0155,Versionado,AUTORIDAD_ARQ,64,,ARQ-004;ARQ-011;ARQ-013;ARQ-017,ENG-000;ENG-002;ENG-003;ENG-004;ENG-005;ENG-006;ENG-007;ENG-009;ENG-011;ENG-012;ENG-013;ENG-014;ENG-015;ENG-016;ENG-017;ENG-020;ENG-021;ENG-022;ENG-023;ENG-024;ENG-025;ENG-026;ENG-027;ENG-028;ENG-029;ENG-030;ENG-031;ENG-032;ENG-033;ENG-034;ENG-035;ENG-041;ENG-044;ENG-049;ENG-050;ENG-051;ENG-052;ENG-053;ENG-054;ENG-055;ENG-057;ENG-059;ENG-060;ENG-061;ENG-062;ENG-063;ENG-064;ENG-065;ENG-066;ENG-067;ENG-068;ENG-075;ENG-079;ENG-094;ENG-095;ENG-096;ENG-097;ENG-098;ENG-099;ENG-100,VINCULADO
MEF-V3-DIC-0156,Alcance del producto,AUTORIDAD_FND,1,FND-000,,,VINCULADO
MEF-V3-DIC-0157,arquitectura del Framework,AUTORIDAD_FND,4,FND-000,ARQ-013,ENG-000;ENG-018,VINCULADO
MEF-V3-DIC-0158,Aspiración,AUTORIDAD_FND,1,FND-001,,,VINCULADO
MEF-V3-DIC-0159,Beneficiarios,AUTORIDAD_FND,1,FND-002,,,VINCULADO
MEF-V3-DIC-0160,Carta del Proyecto,AUTORIDAD_FND,1,FND-000,,,VINCULADO
MEF-V3-DIC-0161,Compromisos,AUTORIDAD_FND,9,FND-000;FND-001;FND-002,ARQ-011,ENG-045;ENG-075;ENG-076;ENG-081;ENG-084,VINCULADO
MEF-V3-DIC-0162,Comunidad,AUTORIDAD_FND,2,FND-001;FND-002,,,VINCULADO
MEF-V3-DIC-0163,Conocimiento,AUTORIDAD_FND,36,FND-000;FND-001;FND-002;FND-005;FND-014,ARQ-010;ARQ-013,ENG-000;ENG-001;ENG-003;ENG-004;ENG-005;ENG-006;ENG-012;ENG-013;ENG-019;ENG-020;ENG-022;ENG-035;ENG-036;ENG-038;ENG-054;ENG-058;ENG-065;ENG-066;ENG-067;ENG-071;ENG-074;ENG-075;ENG-086;ENG-088;ENG-089;ENG-090;ENG-091;ENG-093;ENG-097,VINCULADO
MEF-V3-DIC-0164,Constituye el documento fundacional del Framework y,AUTORIDAD_FND,1,FND-000,,,VINCULADO
MEF-V3-DIC-0165,Criterios de cumplimiento,AUTORIDAD_FND,1,FND-002,,,VINCULADO
MEF-V3-DIC-0166,Criterios de éxito,AUTORIDAD_FND,1,FND-000,,,VINCULADO
MEF-V3-DIC-0167,Declaración,AUTORIDAD_FND,110,FND-000;FND-001;FND-002,ARQ-004;ARQ-010;ARQ-011;ARQ-012;ARQ-013;ARQ-017,ENG-000;ENG-001;ENG-002;ENG-003;ENG-004;ENG-005;ENG-006;ENG-007;ENG-008;ENG-009;ENG-010;ENG-011;ENG-012;ENG-013;ENG-014;ENG-015;ENG-016;ENG-017;ENG-018;ENG-019;ENG-020;ENG-021;ENG-022;ENG-023;ENG-024;ENG-025;ENG-026;ENG-027;ENG-028;ENG-029;ENG-030;ENG-031;ENG-032;ENG-033;ENG-034;ENG-035;ENG-036;ENG-037;ENG-038;ENG-039;ENG-040;ENG-041;ENG-042;ENG-043;ENG-044;ENG-045;ENG-046;ENG-047;ENG-048;ENG-049;ENG-050;ENG-051;ENG-052;ENG-053;ENG-054;ENG-055;ENG-056;ENG-057;ENG-058;ENG-059;ENG-060;ENG-061;ENG-062;ENG-063;ENG-064;ENG-065;ENG-066;ENG-067;ENG-068;ENG-069;ENG-070;ENG-071;ENG-072;ENG-073;ENG-074;ENG-075;ENG-076;ENG-077;ENG-078;ENG-079;ENG-080;ENG-081;ENG-082;ENG-083;ENG-084;ENG-085;ENG-086;ENG-087;ENG-088;ENG-089;ENG-090;ENG-091;ENG-092;ENG-093;ENG-094;ENG-095;ENG-096;ENG-097;ENG-098;ENG-099;ENG-100,VINCULADO
MEF-V3-DIC-0168,Declaración de Misión,AUTORIDAD_FND,1,FND-002,,,VINCULADO
MEF-V3-DIC-0169,Declaración de Visión,AUTORIDAD_FND,1,FND-001,,,VINCULADO
MEF-V3-DIC-0170,Ecosistema,AUTORIDAD_FND,14,FND-000;FND-001;FND-002,ARQ-017,ENG-002;ENG-003;ENG-005;ENG-012;ENG-013;ENG-014;ENG-016;ENG-017;ENG-060;ENG-061,VINCULADO
MEF-V3-DIC-0171,Ecosistema documental,AUTORIDAD_FND,2,FND-000;FND-002,,,VINCULADO
MEF-V3-DIC-0172,FND-000,AUTORIDAD_FND,10,FND-000;FND-001;FND-002;FND-003;FND-004;FND-005;FND-006;FND-012;FND-013,ARQ-000,,VINCULADO
MEF-V3-DIC-0173,FND-001,AUTORIDAD_FND,5,FND-000;FND-001;FND-002;FND-003;FND-004,,,VINCULADO
MEF-V3-DIC-0174,FND-002,AUTORIDAD_FND,5,FND-000;FND-001;FND-002;FND-003;FND-004,,,VINCULADO
MEF-V3-DIC-0175,Gobernanza,AUTORIDAD_FND,20,FND-000;FND-002;FND-006;FND-010;FND-012;FND-013;FND-014,ARQ-004;ARQ-010;ARQ-011;ARQ-013,ENG-000;ENG-002;ENG-006;ENG-009;ENG-011;ENG-013;ENG-014;ENG-044;ENG-057,VINCULADO
MEF-V3-DIC-0176,Herramientas,AUTORIDAD_FND,23,FND-000;FND-001;FND-002,,ENG-000;ENG-001;ENG-002;ENG-003;ENG-004;ENG-005;ENG-006;ENG-007;ENG-010;ENG-012;ENG-014;ENG-016;ENG-021;ENG-025;ENG-038;ENG-043;ENG-070;ENG-075;ENG-077;ENG-078,VINCULADO
MEF-V3-DIC-0177,Horizonte,AUTORIDAD_FND,1,FND-001,,,VINCULADO
MEF-V3-DIC-0178,Impacto esperado,AUTORIDAD_FND,1,FND-001,,,VINCULADO
MEF-V3-DIC-0179,Indicadores de éxito,AUTORIDAD_FND,1,FND-001,,,VINCULADO
MEF-V3-DIC-0180,La arquitectura del Framework,AUTORIDAD_FND,4,FND-000,ARQ-013,ENG-000;ENG-018,VINCULADO
MEF-V3-DIC-0181,La Carta del Proyecto,AUTORIDAD_FND,1,FND-000,,,VINCULADO
MEF-V3-DIC-0182,La misión,AUTORIDAD_FND,1,FND-002,,,VINCULADO
MEF-V3-DIC-0183,La misión de MEF,AUTORIDAD_FND,1,FND-002,,,VINCULADO
MEF-V3-DIC-0184,La visión,AUTORIDAD_FND,2,FND-001;FND-002,,,VINCULADO
MEF-V3-DIC-0185,La visión de MEF,AUTORIDAD_FND,1,FND-001,,,VINCULADO
MEF-V3-DIC-0186,MEF,AUTORIDAD_FND,134,FND-000;FND-001;FND-002;FND-003;FND-004;FND-005;FND-006;FND-007;FND-008;FND-009;FND-010;FND-011;FND-012;FND-013;FND-014,ARQ-000;ARQ-001;ARQ-002;ARQ-003;ARQ-004;ARQ-005;ARQ-006;ARQ-007;ARQ-008;ARQ-009;ARQ-010;ARQ-011;ARQ-012;ARQ-013;ARQ-014;ARQ-015;ARQ-016;ARQ-017,ENG-000;ENG-001;ENG-002;ENG-003;ENG-004;ENG-005;ENG-006;ENG-007;ENG-008;ENG-009;ENG-010;ENG-011;ENG-012;ENG-013;ENG-014;ENG-015;ENG-016;ENG-017;ENG-018;ENG-019;ENG-020;ENG-021;ENG-022;ENG-023;ENG-024;ENG-025;ENG-026;ENG-027;ENG-028;ENG-029;ENG-030;ENG-031;ENG-032;ENG-033;ENG-034;ENG-035;ENG-036;ENG-037;ENG-038;ENG-039;ENG-040;ENG-041;ENG-042;ENG-043;ENG-044;ENG-045;ENG-046;ENG-047;ENG-048;ENG-049;ENG-050;ENG-051;ENG-052;ENG-053;ENG-054;ENG-055;ENG-056;ENG-057;ENG-058;ENG-059;ENG-060;ENG-061;ENG-062;ENG-063;ENG-064;ENG-065;ENG-066;ENG-067;ENG-068;ENG-069;ENG-070;ENG-071;ENG-072;ENG-073;ENG-074;ENG-075;ENG-076;ENG-077;ENG-078;ENG-079;ENG-080;ENG-081;ENG-082;ENG-083;ENG-084;ENG-085;ENG-086;ENG-087;ENG-088;ENG-089;ENG-090;ENG-091;ENG-092;ENG-093;ENG-094;ENG-095;ENG-096;ENG-097;ENG-098;ENG-099;ENG-100,VINCULADO
MEF-V3-DIC-0187,MEF (Modular Enterprise Framework),AUTORIDAD_FND,105,FND-000;FND-001;FND-002,ARQ-004;ARQ-010;ARQ-011;ARQ-012;ARQ-013;ARQ-017,ENG-000;ENG-001;ENG-002;ENG-004;ENG-005;ENG-006;ENG-007;ENG-008;ENG-009;ENG-010;ENG-011;ENG-012;ENG-013;ENG-014;ENG-015;ENG-016;ENG-017;ENG-018;ENG-019;ENG-020;ENG-021;ENG-022;ENG-023;ENG-024;ENG-025;ENG-027;ENG-028;ENG-029;ENG-030;ENG-031;ENG-032;ENG-033;ENG-034;ENG-035;ENG-036;ENG-037;ENG-038;ENG-039;ENG-040;ENG-041;ENG-042;ENG-043;ENG-044;ENG-045;ENG-046;ENG-047;ENG-048;ENG-049;ENG-050;ENG-051;ENG-052;ENG-053;ENG-054;ENG-055;ENG-056;ENG-057;ENG-061;ENG-062;ENG-063;ENG-064;ENG-065;ENG-066;ENG-067;ENG-068;ENG-069;ENG-070;ENG-071;ENG-072;ENG-073;ENG-074;ENG-075;ENG-076;ENG-077;ENG-078;ENG-079;ENG-080;ENG-081;ENG-082;ENG-083;ENG-084;ENG-085;ENG-086;ENG-087;ENG-088;ENG-089;ENG-090;ENG-091;ENG-092;ENG-093;ENG-094;ENG-095;ENG-096;ENG-097;ENG-098;ENG-099;ENG-100,VINCULADO
MEF-V3-DIC-0188,MEF no,AUTORIDAD_FND,42,FND-000;FND-001,,ENG-004;ENG-005;ENG-009;ENG-010;ENG-011;ENG-012;ENG-014;ENG-015;ENG-017;ENG-018;ENG-019;ENG-020;ENG-021;ENG-022;ENG-023;ENG-024;ENG-025;ENG-026;ENG-028;ENG-029;ENG-030;ENG-031;ENG-032;ENG-035;ENG-036;ENG-038;ENG-040;ENG-041;ENG-060;ENG-061;ENG-062;ENG-077;ENG-082;ENG-083;ENG-084;ENG-085;ENG-087;ENG-088;ENG-089;ENG-092,VINCULADO
MEF-V3-DIC-0189,Misión,AUTORIDAD_FND,2,FND-002,,ENG-000,VINCULADO
MEF-V3-DIC-0190,misión de MEF,AUTORIDAD_FND,1,FND-002,,,VINCULADO
MEF-V3-DIC-0191,Motivación,AUTORIDAD_FND,1,FND-000,,,VINCULADO
MEF-V3-DIC-0192,Nuestra misión,AUTORIDAD_FND,1,FND-002,,,VINCULADO
MEF-V3-DIC-0193,Objetivos,AUTORIDAD_FND,34,FND-000;FND-001,ARQ-004;ARQ-010;ARQ-011;ARQ-012;ARQ-013;ARQ-017,ENG-000;ENG-001;ENG-005;ENG-006;ENG-007;ENG-008;ENG-009;ENG-010;ENG-011;ENG-012;ENG-013;ENG-014;ENG-015;ENG-016;ENG-017;ENG-018;ENG-019;ENG-020;ENG-021;ENG-022;ENG-023;ENG-026;ENG-073;ENG-075;ENG-076;ENG-098,VINCULADO
MEF-V3-DIC-0194,Objetivos estratégicos,AUTORIDAD_FND,1,FND-001,,,VINCULADO
MEF-V3-DIC-0195,Principios de actuación,AUTORIDAD_FND,1,FND-002,,,VINCULADO
MEF-V3-DIC-0196,Principios de evolución,AUTORIDAD_FND,1,FND-001,,,VINCULADO
MEF-V3-DIC-0197,Principios fundamentales,AUTORIDAD_FND,1,FND-000,,,VINCULADO
MEF-V3-DIC-0198,Relación con la Visión,AUTORIDAD_FND,1,FND-002,,,VINCULADO
MEF-V3-DIC-0199,Su propósito,AUTORIDAD_FND,17,FND-000;FND-001,ARQ-010;ARQ-011;ARQ-012;ARQ-013;ARQ-017,ENG-001;ENG-003;ENG-004;ENG-005;ENG-006;ENG-009;ENG-022;ENG-024;ENG-077;ENG-079,VINCULADO
MEF-V3-DIC-0200,Visión,AUTORIDAD_FND,8,FND-000;FND-001;FND-002,ARQ-000;ARQ-001;ARQ-004,ENG-000;ENG-020,VINCULADO
MEF-V3-DIC-0201,visión de MEF,AUTORIDAD_FND,1,FND-001,,,VINCULADO
MEF-V3-DIC-0202,¿Qué es MEF?,AUTORIDAD_FND,1,FND-000,,,VINCULADO
MEF-V3-DIC-0203,Áreas de actuación,AUTORIDAD_FND,1,FND-002,,,VINCULADO
