clave_conceptual,termino_preferido_provisional,variantes,numero_variantes,apariciones,capas,fuentes_distintas,fuentes,tipos_evidencia,definiciones_explicitas,estado_10_3,canonizado,mef_dic_id,resolucion_autoridad_10_4,autoridad_principal,evidencia_subordinada,fundamento_autoridad,conflicto_detectado,decision_10_5,nombre_canonico_pre_id,aliases_provisionales,fundamento_10_5,estado_catalogo
acoplamiento oculto,Acoplamiento oculto,Acoplamiento oculto,1,1,ARQ,1,ARQ-004,ENCABEZADO,0,CANDIDATO_CON_AUTORIDAD,NO,NO_ASIGNADO,AUTORIDAD_ARQ,ARQ-004,,"No existe FND, pero sí evidencia ARQ; ARQ es la autoridad inmediata.",NO,CANONICO_PRE_ID,Acoplamiento oculto,,Autoridad ARQ directa sin autoridad FND superior registrada; habilitado como entrada canónica preliminar.,CANONICO_PRE_ID
activo empaquetabl,Activos Empaquetables,Activos Empaquetables,1,1,ARQ,1,ARQ-017,ENCABEZADO,0,CANDIDATO_CON_AUTORIDAD,NO,NO_ASIGNADO,AUTORIDAD_ARQ,ARQ-017,,"No existe FND, pero sí evidencia ARQ; ARQ es la autoridad inmediata.",NO,CANONICO_PRE_ID,Activos Empaquetables,,Autoridad ARQ directa sin autoridad FND superior registrada; habilitado como entrada canónica preliminar.,CANONICO_PRE_ID
ai-011,AI-011,AI-011,1,1,ARQ,1,ARQ-004,TABLA_COLUMNA_PRINCIPAL,0,CANDIDATO_CON_AUTORIDAD,NO,NO_ASIGNADO,AUTORIDAD_ARQ,ARQ-004,,"No existe FND, pero sí evidencia ARQ; ARQ es la autoridad inmediata.",NO,CANONICO_PRE_ID,AI-011,,Autoridad ARQ directa sin autoridad FND superior registrada; habilitado como entrada canónica preliminar.,CANONICO_PRE_ID
ai-012,AI-012,AI-012,1,1,ARQ,1,ARQ-004,TABLA_COLUMNA_PRINCIPAL,0,CANDIDATO_CON_AUTORIDAD,NO,NO_ASIGNADO,AUTORIDAD_ARQ,ARQ-004,,"No existe FND, pero sí evidencia ARQ; ARQ es la autoridad inmediata.",NO,CANONICO_PRE_ID,AI-012,,Autoridad ARQ directa sin autoridad FND superior registrada; habilitado como entrada canónica preliminar.,CANONICO_PRE_ID
ai-013,AI-013,AI-013,1,1,ARQ,1,ARQ-004,TABLA_COLUMNA_PRINCIPAL,0,CANDIDATO_CON_AUTORIDAD,NO,NO_ASIGNADO,AUTORIDAD_ARQ,ARQ-004,,"No existe FND, pero sí evidencia ARQ; ARQ es la autoridad inmediata.",NO,CANONICO_PRE_ID,AI-013,,Autoridad ARQ directa sin autoridad FND superior registrada; habilitado como entrada canónica preliminar.,CANONICO_PRE_ID
ai-014,AI-014,AI-014,1,1,ARQ,1,ARQ-004,TABLA_COLUMNA_PRINCIPAL,0,CANDIDATO_CON_AUTORIDAD,NO,NO_ASIGNADO,AUTORIDAD_ARQ,ARQ-004,,"No existe FND, pero sí evidencia ARQ; ARQ es la autoridad inmediata.",NO,CANONICO_PRE_ID,AI-014,,Autoridad ARQ directa sin autoridad FND superior registrada; habilitado como entrada canónica preliminar.,CANONICO_PRE_ID
ai-015,AI-015,AI-015,1,1,ARQ,1,ARQ-004,TABLA_COLUMNA_PRINCIPAL,0,CANDIDATO_CON_AUTORIDAD,NO,NO_ASIGNADO,AUTORIDAD_ARQ,ARQ-004,,"No existe FND, pero sí evidencia ARQ; ARQ es la autoridad inmediata.",NO,CANONICO_PRE_ID,AI-015,,Autoridad ARQ directa sin autoridad FND superior registrada; habilitado como entrada canónica preliminar.,CANONICO_PRE_ID
ai-016,AI-016,AI-016,1,1,ARQ,1,ARQ-004,TABLA_COLUMNA_PRINCIPAL,0,CANDIDATO_CON_AUTORIDAD,NO,NO_ASIGNADO,AUTORIDAD_ARQ,ARQ-004,,"No existe FND, pero sí evidencia ARQ; ARQ es la autoridad inmediata.",NO,CANONICO_PRE_ID,AI-016,,Autoridad ARQ directa sin autoridad FND superior registrada; habilitado como entrada canónica preliminar.,CANONICO_PRE_ID
ai-017,AI-017,AI-017,1,1,ARQ,1,ARQ-004,TABLA_COLUMNA_PRINCIPAL,0,CANDIDATO_CON_AUTORIDAD,NO,NO_ASIGNADO,AUTORIDAD_ARQ,ARQ-004,,"No existe FND, pero sí evidencia ARQ; ARQ es la autoridad inmediata.",NO,CANONICO_PRE_ID,AI-017,,Autoridad ARQ directa sin autoridad FND superior registrada; habilitado como entrada canónica preliminar.,CANONICO_PRE_ID
ai-018,AI-018,AI-018,1,1,ARQ,1,ARQ-004,TABLA_COLUMNA_PRINCIPAL,0,CANDIDATO_CON_AUTORIDAD,NO,NO_ASIGNADO,AUTORIDAD_ARQ,ARQ-004,,"No existe FND, pero sí evidencia ARQ; ARQ es la autoridad inmediata.",NO,CANONICO_PRE_ID,AI-018,,Autoridad ARQ directa sin autoridad FND superior registrada; habilitado como entrada canónica preliminar.,CANONICO_PRE_ID
ai-055,AI-055,AI-055,1,1,ARQ,1,ARQ-010,TABLA_COLUMNA_PRINCIPAL,0,CANDIDATO_CON_AUTORIDAD,NO,NO_ASIGNADO,AUTORIDAD_ARQ,ARQ-010,,"No existe FND, pero sí evidencia ARQ; ARQ es la autoridad inmediata.",NO,CANONICO_PRE_ID,AI-055,,Autoridad ARQ directa sin autoridad FND superior registrada; habilitado como entrada canónica preliminar.,CANONICO_PRE_ID
ai-056,AI-056,AI-056,1,1,ARQ,1,ARQ-010,TABLA_COLUMNA_PRINCIPAL,0,CANDIDATO_CON_AUTORIDAD,NO,NO_ASIGNADO,AUTORIDAD_ARQ,ARQ-010,,"No existe FND, pero sí evidencia ARQ; ARQ es la autoridad inmediata.",NO,CANONICO_PRE_ID,AI-056,,Autoridad ARQ directa sin autoridad FND superior registrada; habilitado como entrada canónica preliminar.,CANONICO_PRE_ID
ai-057,AI-057,AI-057,1,1,ARQ,1,ARQ-010,TABLA_COLUMNA_PRINCIPAL,0,CANDIDATO_CON_AUTORIDAD,NO,NO_ASIGNADO,AUTORIDAD_ARQ,ARQ-010,,"No existe FND, pero sí evidencia ARQ; ARQ es la autoridad inmediata.",NO,CANONICO_PRE_ID,AI-057,,Autoridad ARQ directa sin autoridad FND superior registrada; habilitado como entrada canónica preliminar.,CANONICO_PRE_ID
ai-058,AI-058,AI-058,1,1,ARQ,1,ARQ-010,TABLA_COLUMNA_PRINCIPAL,0,CANDIDATO_CON_AUTORIDAD,NO,NO_ASIGNADO,AUTORIDAD_ARQ,ARQ-010,,"No existe FND, pero sí evidencia ARQ; ARQ es la autoridad inmediata.",NO,CANONICO_PRE_ID,AI-058,,Autoridad ARQ directa sin autoridad FND superior registrada; habilitado como entrada canónica preliminar.,CANONICO_PRE_ID
ai-058 la generacion,AI-058 La generación,AI-058 La generación,1,1,ARQ,1,ARQ-010,DEFINICION_EXPLICITA,1,CANDIDATO_CON_AUTORIDAD,NO,NO_ASIGNADO,AUTORIDAD_ARQ,ARQ-010,,"No existe FND, pero sí evidencia ARQ; ARQ es la autoridad inmediata.",NO,CANONICO_PRE_ID,AI-058 La generación,,Autoridad ARQ directa sin autoridad FND superior registrada; habilitado como entrada canónica preliminar.,CANONICO_PRE_ID
ai-059,AI-059,AI-059,1,1,ARQ,1,ARQ-010,TABLA_COLUMNA_PRINCIPAL,0,CANDIDATO_CON_AUTORIDAD,NO,NO_ASIGNADO,AUTORIDAD_ARQ,ARQ-010,,"No existe FND, pero sí evidencia ARQ; ARQ es la autoridad inmediata.",NO,CANONICO_PRE_ID,AI-059,,Autoridad ARQ directa sin autoridad FND superior registrada; habilitado como entrada canónica preliminar.,CANONICO_PRE_ID
ai-059 las plantilla,AI-059 Las plantillas,AI-059 Las plantillas,1,1,ARQ,1,ARQ-010,DEFINICION_EXPLICITA,1,CANDIDATO_CON_AUTORIDAD,NO,NO_ASIGNADO,AUTORIDAD_ARQ,ARQ-010,,"No existe FND, pero sí evidencia ARQ; ARQ es la autoridad inmediata.",NO,CANONICO_PRE_ID,AI-059 Las plantillas,,Autoridad ARQ directa sin autoridad FND superior registrada; habilitado como entrada canónica preliminar.,CANONICO_PRE_ID
ai-060,AI-060,AI-060,1,1,ARQ,1,ARQ-010,TABLA_COLUMNA_PRINCIPAL,0,CANDIDATO_CON_AUTORIDAD,NO,NO_ASIGNADO,AUTORIDAD_ARQ,ARQ-010,,"No existe FND, pero sí evidencia ARQ; ARQ es la autoridad inmediata.",NO,CANONICO_PRE_ID,AI-060,,Autoridad ARQ directa sin autoridad FND superior registrada; habilitado como entrada canónica preliminar.,CANONICO_PRE_ID
ai-061,AI-061,AI-061,1,1,ARQ,1,ARQ-011,TABLA_COLUMNA_PRINCIPAL,0,CANDIDATO_CON_AUTORIDAD,NO,NO_ASIGNADO,AUTORIDAD_ARQ,ARQ-011,,"No existe FND, pero sí evidencia ARQ; ARQ es la autoridad inmediata.",NO,CANONICO_PRE_ID,AI-061,,Autoridad ARQ directa sin autoridad FND superior registrada; habilitado como entrada canónica preliminar.,CANONICO_PRE_ID
ai-062,AI-062,AI-062,1,1,ARQ,1,ARQ-011,TABLA_COLUMNA_PRINCIPAL,0,CANDIDATO_CON_AUTORIDAD,NO,NO_ASIGNADO,AUTORIDAD_ARQ,ARQ-011,,"No existe FND, pero sí evidencia ARQ; ARQ es la autoridad inmediata.",NO,CANONICO_PRE_ID,AI-062,,Autoridad ARQ directa sin autoridad FND superior registrada; habilitado como entrada canónica preliminar.,CANONICO_PRE_ID
ai-063,AI-063,AI-063,1,1,ARQ,1,ARQ-011,TABLA_COLUMNA_PRINCIPAL,0,CANDIDATO_CON_AUTORIDAD,NO,NO_ASIGNADO,AUTORIDAD_ARQ,ARQ-011,,"No existe FND, pero sí evidencia ARQ; ARQ es la autoridad inmediata.",NO,CANONICO_PRE_ID,AI-063,,Autoridad ARQ directa sin autoridad FND superior registrada; habilitado como entrada canónica preliminar.,CANONICO_PRE_ID
ai-064,AI-064,AI-064,1,1,ARQ,1,ARQ-011,TABLA_COLUMNA_PRINCIPAL,0,CANDIDATO_CON_AUTORIDAD,NO,NO_ASIGNADO,AUTORIDAD_ARQ,ARQ-011,,"No existe FND, pero sí evidencia ARQ; ARQ es la autoridad inmediata.",NO,CANONICO_PRE_ID,AI-064,,Autoridad ARQ directa sin autoridad FND superior registrada; habilitado como entrada canónica preliminar.,CANONICO_PRE_ID
ai-064 los contract,AI-064 Los Contracts,AI-064 Los Contracts,1,1,ARQ,1,ARQ-011,DEFINICION_EXPLICITA,1,CANDIDATO_CON_AUTORIDAD,NO,NO_ASIGNADO,AUTORIDAD_ARQ,ARQ-011,,"No existe FND, pero sí evidencia ARQ; ARQ es la autoridad inmediata.",NO,CANONICO_PRE_ID,AI-064 Los Contracts,,Autoridad ARQ directa sin autoridad FND superior registrada; habilitado como entrada canónica preliminar.,CANONICO_PRE_ID
ai-065,AI-065,AI-065,1,1,ARQ,1,ARQ-011,TABLA_COLUMNA_PRINCIPAL,0,CANDIDATO_CON_AUTORIDAD,NO,NO_ASIGNADO,AUTORIDAD_ARQ,ARQ-011,,"No existe FND, pero sí evidencia ARQ; ARQ es la autoridad inmediata.",NO,CANONICO_PRE_ID,AI-065,,Autoridad ARQ directa sin autoridad FND superior registrada; habilitado como entrada canónica preliminar.,CANONICO_PRE_ID
ai-066,AI-066,AI-066,1,1,ARQ,1,ARQ-011,TABLA_COLUMNA_PRINCIPAL,0,CANDIDATO_CON_AUTORIDAD,NO,NO_ASIGNADO,AUTORIDAD_ARQ,ARQ-011,,"No existe FND, pero sí evidencia ARQ; ARQ es la autoridad inmediata.",NO,CANONICO_PRE_ID,AI-066,,Autoridad ARQ directa sin autoridad FND superior registrada; habilitado como entrada canónica preliminar.,CANONICO_PRE_ID
ai-066 los contract,AI-066 Los Contracts,AI-066 Los Contracts,1,1,ARQ,1,ARQ-011,DEFINICION_EXPLICITA,1,CANDIDATO_CON_AUTORIDAD,NO,NO_ASIGNADO,AUTORIDAD_ARQ,ARQ-011,,"No existe FND, pero sí evidencia ARQ; ARQ es la autoridad inmediata.",NO,CANONICO_PRE_ID,AI-066 Los Contracts,,Autoridad ARQ directa sin autoridad FND superior registrada; habilitado como entrada canónica preliminar.,CANONICO_PRE_ID
ai-067,AI-067,AI-067,1,1,ARQ,1,ARQ-012,TABLA_COLUMNA_PRINCIPAL,0,CANDIDATO_CON_AUTORIDAD,NO,NO_ASIGNADO,AUTORIDAD_ARQ,ARQ-012,,"No existe FND, pero sí evidencia ARQ; ARQ es la autoridad inmediata.",NO,CANONICO_PRE_ID,AI-067,,Autoridad ARQ directa sin autoridad FND superior registrada; habilitado como entrada canónica preliminar.,CANONICO_PRE_ID
ai-068,AI-068,AI-068,1,1,ARQ,1,ARQ-012,TABLA_COLUMNA_PRINCIPAL,0,CANDIDATO_CON_AUTORIDAD,NO,NO_ASIGNADO,AUTORIDAD_ARQ,ARQ-012,,"No existe FND, pero sí evidencia ARQ; ARQ es la autoridad inmediata.",NO,CANONICO_PRE_ID,AI-068,,Autoridad ARQ directa sin autoridad FND superior registrada; habilitado como entrada canónica preliminar.,CANONICO_PRE_ID
ai-069,AI-069,AI-069,1,1,ARQ,1,ARQ-012,TABLA_COLUMNA_PRINCIPAL,0,CANDIDATO_CON_AUTORIDAD,NO,NO_ASIGNADO,AUTORIDAD_ARQ,ARQ-012,,"No existe FND, pero sí evidencia ARQ; ARQ es la autoridad inmediata.",NO,CANONICO_PRE_ID,AI-069,,Autoridad ARQ directa sin autoridad FND superior registrada; habilitado como entrada canónica preliminar.,CANONICO_PRE_ID
ai-070,AI-070,AI-070,1,1,ARQ,1,ARQ-012,TABLA_COLUMNA_PRINCIPAL,0,CANDIDATO_CON_AUTORIDAD,NO,NO_ASIGNADO,AUTORIDAD_ARQ,ARQ-012,,"No existe FND, pero sí evidencia ARQ; ARQ es la autoridad inmediata.",NO,CANONICO_PRE_ID,AI-070,,Autoridad ARQ directa sin autoridad FND superior registrada; habilitado como entrada canónica preliminar.,CANONICO_PRE_ID
ai-071,AI-071,AI-071,1,1,ARQ,1,ARQ-012,TABLA_COLUMNA_PRINCIPAL,0,CANDIDATO_CON_AUTORIDAD,NO,NO_ASIGNADO,AUTORIDAD_ARQ,ARQ-012,,"No existe FND, pero sí evidencia ARQ; ARQ es la autoridad inmediata.",NO,CANONICO_PRE_ID,AI-071,,Autoridad ARQ directa sin autoridad FND superior registrada; habilitado como entrada canónica preliminar.,CANONICO_PRE_ID
ai-072,AI-072,AI-072,1,1,ARQ,1,ARQ-012,TABLA_COLUMNA_PRINCIPAL,0,CANDIDATO_CON_AUTORIDAD,NO,NO_ASIGNADO,AUTORIDAD_ARQ,ARQ-012,,"No existe FND, pero sí evidencia ARQ; ARQ es la autoridad inmediata.",NO,CANONICO_PRE_ID,AI-072,,Autoridad ARQ directa sin autoridad FND superior registrada; habilitado como entrada canónica preliminar.,CANONICO_PRE_ID
ai-072 constructor injection,AI-072 Constructor Injection,AI-072 Constructor Injection,1,1,ARQ,1,ARQ-012,DEFINICION_EXPLICITA,1,CANDIDATO_CON_AUTORIDAD,NO,NO_ASIGNADO,AUTORIDAD_ARQ,ARQ-012,,"No existe FND, pero sí evidencia ARQ; ARQ es la autoridad inmediata.",NO,CANONICO_PRE_ID,AI-072 Constructor Injection,,Autoridad ARQ directa sin autoridad FND superior registrada; habilitado como entrada canónica preliminar.,CANONICO_PRE_ID
ai-073,AI-073,AI-073,1,1,ARQ,1,ARQ-013,TABLA_COLUMNA_PRINCIPAL,0,CANDIDATO_CON_AUTORIDAD,NO,NO_ASIGNADO,AUTORIDAD_ARQ,ARQ-013,,"No existe FND, pero sí evidencia ARQ; ARQ es la autoridad inmediata.",NO,CANONICO_PRE_ID,AI-073,,Autoridad ARQ directa sin autoridad FND superior registrada; habilitado como entrada canónica preliminar.,CANONICO_PRE_ID
ai-074,AI-074,AI-074,1,1,ARQ,1,ARQ-013,TABLA_COLUMNA_PRINCIPAL,0,CANDIDATO_CON_AUTORIDAD,NO,NO_ASIGNADO,AUTORIDAD_ARQ,ARQ-013,,"No existe FND, pero sí evidencia ARQ; ARQ es la autoridad inmediata.",NO,CANONICO_PRE_ID,AI-074,,Autoridad ARQ directa sin autoridad FND superior registrada; habilitado como entrada canónica preliminar.,CANONICO_PRE_ID
ai-075,AI-075,AI-075,1,1,ARQ,1,ARQ-013,TABLA_COLUMNA_PRINCIPAL,0,CANDIDATO_CON_AUTORIDAD,NO,NO_ASIGNADO,AUTORIDAD_ARQ,ARQ-013,,"No existe FND, pero sí evidencia ARQ; ARQ es la autoridad inmediata.",NO,CANONICO_PRE_ID,AI-075,,Autoridad ARQ directa sin autoridad FND superior registrada; habilitado como entrada canónica preliminar.,CANONICO_PRE_ID
ai-075 toda politica,AI-075 Toda política,AI-075 Toda política,1,1,ARQ,1,ARQ-013,DEFINICION_EXPLICITA,1,CANDIDATO_CON_AUTORIDAD,NO,NO_ASIGNADO,AUTORIDAD_ARQ,ARQ-013,,"No existe FND, pero sí evidencia ARQ; ARQ es la autoridad inmediata.",NO,CANONICO_PRE_ID,AI-075 Toda política,,Autoridad ARQ directa sin autoridad FND superior registrada; habilitado como entrada canónica preliminar.,CANONICO_PRE_ID
ai-076,AI-076,AI-076,1,1,ARQ,1,ARQ-013,TABLA_COLUMNA_PRINCIPAL,0,CANDIDATO_CON_AUTORIDAD,NO,NO_ASIGNADO,AUTORIDAD_ARQ,ARQ-013,,"No existe FND, pero sí evidencia ARQ; ARQ es la autoridad inmediata.",NO,CANONICO_PRE_ID,AI-076,,Autoridad ARQ directa sin autoridad FND superior registrada; habilitado como entrada canónica preliminar.,CANONICO_PRE_ID
ai-076 la configuracion,AI-076 La configuración,AI-076 La configuración,1,1,ARQ,1,ARQ-013,DEFINICION_EXPLICITA,1,CANDIDATO_CON_AUTORIDAD,NO,NO_ASIGNADO,AUTORIDAD_ARQ,ARQ-013,,"No existe FND, pero sí evidencia ARQ; ARQ es la autoridad inmediata.",NO,CANONICO_PRE_ID,AI-076 La configuración,,Autoridad ARQ directa sin autoridad FND superior registrada; habilitado como entrada canónica preliminar.,CANONICO_PRE_ID
ai-077,AI-077,AI-077,1,1,ARQ,1,ARQ-013,TABLA_COLUMNA_PRINCIPAL,0,CANDIDATO_CON_AUTORIDAD,NO,NO_ASIGNADO,AUTORIDAD_ARQ,ARQ-013,,"No existe FND, pero sí evidencia ARQ; ARQ es la autoridad inmediata.",NO,CANONICO_PRE_ID,AI-077,,Autoridad ARQ directa sin autoridad FND superior registrada; habilitado como entrada canónica preliminar.,CANONICO_PRE_ID
ai-078,AI-078,AI-078,1,1,ARQ,1,ARQ-013,TABLA_COLUMNA_PRINCIPAL,0,CANDIDATO_CON_AUTORIDAD,NO,NO_ASIGNADO,AUTORIDAD_ARQ,ARQ-013,,"No existe FND, pero sí evidencia ARQ; ARQ es la autoridad inmediata.",NO,CANONICO_PRE_ID,AI-078,,Autoridad ARQ directa sin autoridad FND superior registrada; habilitado como entrada canónica preliminar.,CANONICO_PRE_ID
ai-097,AI-097,AI-097,1,1,ARQ,1,ARQ-017,TABLA_COLUMNA_PRINCIPAL,0,CANDIDATO_CON_AUTORIDAD,NO,NO_ASIGNADO,AUTORIDAD_ARQ,ARQ-017,,"No existe FND, pero sí evidencia ARQ; ARQ es la autoridad inmediata.",NO,CANONICO_PRE_ID,AI-097,,Autoridad ARQ directa sin autoridad FND superior registrada; habilitado como entrada canónica preliminar.,CANONICO_PRE_ID
ai-098,AI-098,AI-098,1,1,ARQ,1,ARQ-017,TABLA_COLUMNA_PRINCIPAL,0,CANDIDATO_CON_AUTORIDAD,NO,NO_ASIGNADO,AUTORIDAD_ARQ,ARQ-017,,"No existe FND, pero sí evidencia ARQ; ARQ es la autoridad inmediata.",NO,CANONICO_PRE_ID,AI-098,,Autoridad ARQ directa sin autoridad FND superior registrada; habilitado como entrada canónica preliminar.,CANONICO_PRE_ID
ai-099,AI-099,AI-099,1,1,ARQ,1,ARQ-017,TABLA_COLUMNA_PRINCIPAL,0,CANDIDATO_CON_AUTORIDAD,NO,NO_ASIGNADO,AUTORIDAD_ARQ,ARQ-017,,"No existe FND, pero sí evidencia ARQ; ARQ es la autoridad inmediata.",NO,CANONICO_PRE_ID,AI-099,,Autoridad ARQ directa sin autoridad FND superior registrada; habilitado como entrada canónica preliminar.,CANONICO_PRE_ID
ai-100,AI-100,AI-100,1,1,ARQ,1,ARQ-017,TABLA_COLUMNA_PRINCIPAL,0,CANDIDATO_CON_AUTORIDAD,NO,NO_ASIGNADO,AUTORIDAD_ARQ,ARQ-017,,"No existe FND, pero sí evidencia ARQ; ARQ es la autoridad inmediata.",NO,CANONICO_PRE_ID,AI-100,,Autoridad ARQ directa sin autoridad FND superior registrada; habilitado como entrada canónica preliminar.,CANONICO_PRE_ID
ai-101,AI-101,AI-101,1,1,ARQ,1,ARQ-017,TABLA_COLUMNA_PRINCIPAL,0,CANDIDATO_CON_AUTORIDAD,NO,NO_ASIGNADO,AUTORIDAD_ARQ,ARQ-017,,"No existe FND, pero sí evidencia ARQ; ARQ es la autoridad inmediata.",NO,CANONICO_PRE_ID,AI-101,,Autoridad ARQ directa sin autoridad FND superior registrada; habilitado como entrada canónica preliminar.,CANONICO_PRE_ID
ai-102,AI-102,AI-102,1,1,ARQ,1,ARQ-017,TABLA_COLUMNA_PRINCIPAL,0,CANDIDATO_CON_AUTORIDAD,NO,NO_ASIGNADO,AUTORIDAD_ARQ,ARQ-017,,"No existe FND, pero sí evidencia ARQ; ARQ es la autoridad inmediata.",NO,CANONICO_PRE_ID,AI-102,,Autoridad ARQ directa sin autoridad FND superior registrada; habilitado como entrada canónica preliminar.,CANONICO_PRE_ID
ai-102 todo package,AI-102 Todo Package,AI-102 Todo Package,1,1,ARQ,1,ARQ-017,DEFINICION_EXPLICITA,1,CANDIDATO_CON_AUTORIDAD,NO,NO_ASIGNADO,AUTORIDAD_ARQ,ARQ-017,,"No existe FND, pero sí evidencia ARQ; ARQ es la autoridad inmediata.",NO,CANONICO_PRE_ID,AI-102 Todo Package,,Autoridad ARQ directa sin autoridad FND superior registrada; habilitado como entrada canónica preliminar.,CANONICO_PRE_ID
alcance del producto,Alcance del producto,Alcance del producto,1,1,FND,1,FND-000,ENCABEZADO,0,CANDIDATO_CON_AUTORIDAD,NO,NO_ASIGNADO,AUTORIDAD_FND,FND-000,,Existe evidencia FND; FND prevalece en la cadena de autoridad.,NO,CANONICO_PRE_ID,Alcance del producto,,Autoridad FND directa; habilitado como entrada canónica preliminar.,CANONICO_PRE_ID
anatomia conceptual,Anatomía conceptual,Anatomía conceptual,1,1,ARQ,1,ARQ-004,ENCABEZADO,0,CANDIDATO_CON_AUTORIDAD,NO,NO_ASIGNADO,AUTORIDAD_ARQ,ARQ-004,,"No existe FND, pero sí evidencia ARQ; ARQ es la autoridad inmediata.",NO,CANONICO_PRE_ID,Anatomía conceptual,,Autoridad ARQ directa sin autoridad FND superior registrada; habilitado como entrada canónica preliminar.,CANONICO_PRE_ID
api publica,API pública,API Pública; API pública,2,5,ARQ;ENG,3,ARQ-004;ENG-001;ENG-002,DEFINICION_EXPLICITA;ENCABEZADO,1,CANDIDATO_CON_AUTORIDAD,NO,NO_ASIGNADO,AUTORIDAD_ARQ,ARQ-004,ENG-001;ENG-002,"No existe FND, pero sí evidencia ARQ; ARQ es la autoridad inmediata.",NO,CANONICO_PRE_ID,API pública,,Autoridad ARQ directa sin autoridad FND superior registrada; habilitado como entrada canónica preliminar.,CANONICO_PRE_ID
api publica accidental,API pública accidental,API pública accidental,1,1,ARQ,1,ARQ-004,ENCABEZADO,0,CANDIDATO_CON_AUTORIDAD,NO,NO_ASIGNADO,AUTORIDAD_ARQ,ARQ-004,,"No existe FND, pero sí evidencia ARQ; ARQ es la autoridad inmediata.",NO,CANONICO_PRE_ID,API pública accidental,,Autoridad ARQ directa sin autoridad FND superior registrada; habilitado como entrada canónica preliminar.,CANONICO_PRE_ID
area de actuacion,Áreas de actuación,Áreas de actuación,1,1,FND,1,FND-002,ENCABEZADO,0,CANDIDATO_CON_AUTORIDAD,NO,NO_ASIGNADO,AUTORIDAD_FND,FND-002,,Existe evidencia FND; FND prevalece en la cadena de autoridad.,NO,CANONICO_PRE_ID,Áreas de actuación,,Autoridad FND directa; habilitado como entrada canónica preliminar.,CANONICO_PRE_ID
arq-004,ARQ-004,ARQ-004,1,3,ARQ;ENG,2,ARQ-004;ENG-002,CODIGO_INLINE;ENCABEZADO,0,CANDIDATO_CON_AUTORIDAD,NO,NO_ASIGNADO,AUTORIDAD_ARQ,ARQ-004,ENG-002,"No existe FND, pero sí evidencia ARQ; ARQ es la autoridad inmediata.",NO,CANONICO_PRE_ID,ARQ-004,,Autoridad ARQ directa sin autoridad FND superior registrada; habilitado como entrada canónica preliminar.,CANONICO_PRE_ID
arq-010,ARQ-010,ARQ-010,1,1,ARQ,1,ARQ-010,ENCABEZADO,0,CANDIDATO_CON_AUTORIDAD,NO,NO_ASIGNADO,AUTORIDAD_ARQ,ARQ-010,,"No existe FND, pero sí evidencia ARQ; ARQ es la autoridad inmediata.",NO,CANONICO_PRE_ID,ARQ-010,,Autoridad ARQ directa sin autoridad FND superior registrada; habilitado como entrada canónica preliminar.,CANONICO_PRE_ID
arq-011,ARQ-011,ARQ-011,1,2,ARQ;ENG,2,ARQ-011;ENG-016,DEFINICION_EXPLICITA;ENCABEZADO,1,CANDIDATO_CON_AUTORIDAD,NO,NO_ASIGNADO,AUTORIDAD_ARQ,ARQ-011,ENG-016,"No existe FND, pero sí evidencia ARQ; ARQ es la autoridad inmediata.",NO,CANONICO_PRE_ID,ARQ-011,,Autoridad ARQ directa sin autoridad FND superior registrada; habilitado como entrada canónica preliminar.,CANONICO_PRE_ID
arq-012,ARQ-012,ARQ-012,1,1,ARQ,1,ARQ-012,ENCABEZADO,0,CANDIDATO_CON_AUTORIDAD,NO,NO_ASIGNADO,AUTORIDAD_ARQ,ARQ-012,,"No existe FND, pero sí evidencia ARQ; ARQ es la autoridad inmediata.",NO,CANONICO_PRE_ID,ARQ-012,,Autoridad ARQ directa sin autoridad FND superior registrada; habilitado como entrada canónica preliminar.,CANONICO_PRE_ID
arq-013,ARQ-013,ARQ-013,1,2,ARQ;ENG,2,ARQ-013;ENG-011,CODIGO_INLINE;ENCABEZADO,0,CANDIDATO_CON_AUTORIDAD,NO,NO_ASIGNADO,AUTORIDAD_ARQ,ARQ-013,ENG-011,"No existe FND, pero sí evidencia ARQ; ARQ es la autoridad inmediata.",NO,CANONICO_PRE_ID,ARQ-013,,Autoridad ARQ directa sin autoridad FND superior registrada; habilitado como entrada canónica preliminar.,CANONICO_PRE_ID
arq-017,ARQ-017,ARQ-017,1,2,ARQ;ENG,2,ARQ-017;ENG-002,CODIGO_INLINE;ENCABEZADO,0,CANDIDATO_CON_AUTORIDAD,NO,NO_ASIGNADO,AUTORIDAD_ARQ,ARQ-017,ENG-002,"No existe FND, pero sí evidencia ARQ; ARQ es la autoridad inmediata.",NO,CANONICO_PRE_ID,ARQ-017,,Autoridad ARQ directa sin autoridad FND superior registrada; habilitado como entrada canónica preliminar.,CANONICO_PRE_ID
arquitectura del framework,arquitectura del Framework,arquitectura del Framework,1,1,FND,1,FND-000,DEFINICION_EXPLICITA,1,CANDIDATO_CON_AUTORIDAD,NO,NO_ASIGNADO,AUTORIDAD_FND,FND-000,,Existe evidencia FND; FND prevalece en la cadena de autoridad.,NO,CANONICO_PRE_ID,arquitectura del Framework,,Autoridad FND directa; habilitado como entrada canónica preliminar.,CANONICO_PRE_ID
artefacto generabl,Artefactos Generables,Artefactos Generables,1,1,ARQ,1,ARQ-010,ENCABEZADO,0,CANDIDATO_CON_AUTORIDAD,NO,NO_ASIGNADO,AUTORIDAD_ARQ,ARQ-010,,"No existe FND, pero sí evidencia ARQ; ARQ es la autoridad inmediata.",NO,CANONICO_PRE_ID,Artefactos Generables,,Autoridad ARQ directa sin autoridad FND superior registrada; habilitado como entrada canónica preliminar.,CANONICO_PRE_ID
aspiracion,Aspiración,Aspiración,1,1,FND,1,FND-001,ENCABEZADO,0,CANDIDATO_CON_AUTORIDAD,NO,NO_ASIGNADO,AUTORIDAD_FND,FND-001,,Existe evidencia FND; FND prevalece en la cadena de autoridad.,NO,CANONICO_PRE_ID,Aspiración,,Autoridad FND directa; habilitado como entrada canónica preliminar.,CANONICO_PRE_ID
beneficiario,Beneficiarios,Beneficiarios,1,1,FND,1,FND-002,ENCABEZADO,0,CANDIDATO_CON_AUTORIDAD,NO,NO_ASIGNADO,AUTORIDAD_FND,FND-002,,Existe evidencia FND; FND prevalece en la cadena de autoridad.,NO,CANONICO_PRE_ID,Beneficiarios,,Autoridad FND directa; habilitado como entrada canónica preliminar.,CANONICO_PRE_ID
cada paquete,Cada paquete,Cada paquete,1,1,ARQ,1,ARQ-017,DEFINICION_EXPLICITA,1,CANDIDATO_CON_AUTORIDAD,NO,NO_ASIGNADO,AUTORIDAD_ARQ,ARQ-017,,"No existe FND, pero sí evidencia ARQ; ARQ es la autoridad inmediata.",NO,CANONICO_PRE_ID,Cada paquete,,Autoridad ARQ directa sin autoridad FND superior registrada; habilitado como entrada canónica preliminar.,CANONICO_PRE_ID
carta del proyecto,Carta del Proyecto,Carta del Proyecto,1,2,FND,1,FND-000,DEFINICION_EXPLICITA;ENCABEZADO,1,CANDIDATO_CON_AUTORIDAD,NO,NO_ASIGNADO,AUTORIDAD_FND,FND-000,,Existe evidencia FND; FND prevalece en la cadena de autoridad.,NO,CANONICO_PRE_ID,Carta del Proyecto,,Autoridad FND directa; habilitado como entrada canónica preliminar.,CANONICO_PRE_ID
categoria de modul,Categorías de Modules,Categorías de Modules,1,1,ARQ,1,ARQ-004,ENCABEZADO,0,CANDIDATO_CON_AUTORIDAD,NO,NO_ASIGNADO,AUTORIDAD_ARQ,ARQ-004,,"No existe FND, pero sí evidencia ARQ; ARQ es la autoridad inmediata.",NO,CANONICO_PRE_ID,Categorías de Modules,,Autoridad ARQ directa sin autoridad FND superior registrada; habilitado como entrada canónica preliminar.,CANONICO_PRE_ID
cfg-001,CFG-001,CFG-001,1,1,ARQ,1,ARQ-013,TABLA_COLUMNA_PRINCIPAL,0,CANDIDATO_CON_AUTORIDAD,NO,NO_ASIGNADO,AUTORIDAD_ARQ,ARQ-013,,"No existe FND, pero sí evidencia ARQ; ARQ es la autoridad inmediata.",NO,CANONICO_PRE_ID,CFG-001,,Autoridad ARQ directa sin autoridad FND superior registrada; habilitado como entrada canónica preliminar.,CANONICO_PRE_ID
cfg-002,CFG-002,CFG-002,1,1,ARQ,1,ARQ-013,TABLA_COLUMNA_PRINCIPAL,0,CANDIDATO_CON_AUTORIDAD,NO,NO_ASIGNADO,AUTORIDAD_ARQ,ARQ-013,,"No existe FND, pero sí evidencia ARQ; ARQ es la autoridad inmediata.",NO,CANONICO_PRE_ID,CFG-002,,Autoridad ARQ directa sin autoridad FND superior registrada; habilitado como entrada canónica preliminar.,CANONICO_PRE_ID
cfg-003,CFG-003,CFG-003,1,1,ARQ,1,ARQ-013,TABLA_COLUMNA_PRINCIPAL,0,CANDIDATO_CON_AUTORIDAD,NO,NO_ASIGNADO,AUTORIDAD_ARQ,ARQ-013,,"No existe FND, pero sí evidencia ARQ; ARQ es la autoridad inmediata.",NO,CANONICO_PRE_ID,CFG-003,,Autoridad ARQ directa sin autoridad FND superior registrada; habilitado como entrada canónica preliminar.,CANONICO_PRE_ID
cfg-004,CFG-004,CFG-004,1,1,ARQ,1,ARQ-013,TABLA_COLUMNA_PRINCIPAL,0,CANDIDATO_CON_AUTORIDAD,NO,NO_ASIGNADO,AUTORIDAD_ARQ,ARQ-013,,"No existe FND, pero sí evidencia ARQ; ARQ es la autoridad inmediata.",NO,CANONICO_PRE_ID,CFG-004,,Autoridad ARQ directa sin autoridad FND superior registrada; habilitado como entrada canónica preliminar.,CANONICO_PRE_ID
cfg-005,CFG-005,CFG-005,1,1,ARQ,1,ARQ-013,TABLA_COLUMNA_PRINCIPAL,0,CANDIDATO_CON_AUTORIDAD,NO,NO_ASIGNADO,AUTORIDAD_ARQ,ARQ-013,,"No existe FND, pero sí evidencia ARQ; ARQ es la autoridad inmediata.",NO,CANONICO_PRE_ID,CFG-005,,Autoridad ARQ directa sin autoridad FND superior registrada; habilitado como entrada canónica preliminar.,CANONICO_PRE_ID
cfg-006,CFG-006,CFG-006,1,1,ARQ,1,ARQ-013,TABLA_COLUMNA_PRINCIPAL,0,CANDIDATO_CON_AUTORIDAD,NO,NO_ASIGNADO,AUTORIDAD_ARQ,ARQ-013,,"No existe FND, pero sí evidencia ARQ; ARQ es la autoridad inmediata.",NO,CANONICO_PRE_ID,CFG-006,,Autoridad ARQ directa sin autoridad FND superior registrada; habilitado como entrada canónica preliminar.,CANONICO_PRE_ID
ciclo de vida,Ciclo de Vida,Ciclo de Vida; Ciclo de vida,2,3,ARQ;ENG,3,ARQ-004;ARQ-012;ENG-002,ENCABEZADO,0,CANDIDATO_CON_AUTORIDAD,NO,NO_ASIGNADO,AUTORIDAD_ARQ,ARQ-004;ARQ-012,ENG-002,"No existe FND, pero sí evidencia ARQ; ARQ es la autoridad inmediata.",NO,CANONICO_PRE_ID,Ciclo de Vida,,Autoridad ARQ directa sin autoridad FND superior registrada; habilitado como entrada canónica preliminar.,CANONICO_PRE_ID
como,cómo,cómo,1,1,ARQ,1,ARQ-011,TERMINO_DESTACADO,0,CANDIDATO_CON_AUTORIDAD,NO,NO_ASIGNADO,AUTORIDAD_ARQ,ARQ-011,,"No existe FND, pero sí evidencia ARQ; ARQ es la autoridad inmediata.",NO,CANONICO_PRE_ID,cómo,,Autoridad ARQ directa sin autoridad FND superior registrada; habilitado como entrada canónica preliminar.,CANONICO_PRE_ID
como resolverlo,cómo resolverlo,cómo resolverlo,1,1,ARQ,1,ARQ-012,TERMINO_DESTACADO,0,CANDIDATO_CON_AUTORIDAD,NO,NO_ASIGNADO,AUTORIDAD_ARQ,ARQ-012,,"No existe FND, pero sí evidencia ARQ; ARQ es la autoridad inmediata.",NO,CANONICO_PRE_ID,cómo resolverlo,,Autoridad ARQ directa sin autoridad FND superior registrada; habilitado como entrada canónica preliminar.,CANONICO_PRE_ID
compatibilidad,Compatibilidad,Compatibilidad,1,2,ARQ;ENG,2,ARQ-011;ENG-000,ENCABEZADO,0,CANDIDATO_CON_AUTORIDAD,NO,NO_ASIGNADO,AUTORIDAD_ARQ,ARQ-011,ENG-000,"No existe FND, pero sí evidencia ARQ; ARQ es la autoridad inmediata.",NO,CANONICO_PRE_ID,Compatibilidad,,Autoridad ARQ directa sin autoridad FND superior registrada; habilitado como entrada canónica preliminar.,CANONICO_PRE_ID
component,Componentes,Component; Componentes,2,2,ARQ;ENG,2,ARQ-010;ENG-016,ENCABEZADO;TABLA_COLUMNA_PRINCIPAL,0,CANDIDATO_CON_AUTORIDAD,NO,NO_ASIGNADO,AUTORIDAD_ARQ,ARQ-010,ENG-016,"No existe FND, pero sí evidencia ARQ; ARQ es la autoridad inmediata.",NO,CANONICO_PRE_ID,Componentes,Component,Autoridad ARQ directa sin autoridad FND superior registrada; habilitado como entrada canónica preliminar.,CANONICO_PRE_ID
compromiso,Compromisos,Compromiso; Compromisos,2,3,FND,3,FND-000;FND-001;FND-002,ENCABEZADO,0,CANDIDATO_CON_AUTORIDAD,NO,NO_ASIGNADO,AUTORIDAD_FND,FND-000;FND-001;FND-002,,Existe evidencia FND; FND prevalece en la cadena de autoridad.,NO,CANONICO_PRE_ID,Compromisos,Compromiso,Autoridad FND directa; habilitado como entrada canónica preliminar.,CANONICO_PRE_ID
comunicacion entre modul,Comunicación entre Modules,Comunicación entre Modules,1,1,ARQ,1,ARQ-004,ENCABEZADO,0,CANDIDATO_CON_AUTORIDAD,NO,NO_ASIGNADO,AUTORIDAD_ARQ,ARQ-004,,"No existe FND, pero sí evidencia ARQ; ARQ es la autoridad inmediata.",NO,CANONICO_PRE_ID,Comunicación entre Modules,,Autoridad ARQ directa sin autoridad FND superior registrada; habilitado como entrada canónica preliminar.,CANONICO_PRE_ID
comunidad,Comunidad,Comunidad,1,2,FND,2,FND-001;FND-002,ENCABEZADO,0,CANDIDATO_CON_AUTORIDAD,NO,NO_ASIGNADO,AUTORIDAD_FND,FND-001;FND-002,,Existe evidencia FND; FND prevalece en la cadena de autoridad.,NO,CANONICO_PRE_ID,Comunidad,,Autoridad FND directa; habilitado como entrada canónica preliminar.,CANONICO_PRE_ID
configuration,Configuration,/Configuration; Configuration,2,28,ARQ;ENG,21,ARQ-013;ENG-002;ENG-003;ENG-006;ENG-010;ENG-011;ENG-029;ENG-032;ENG-039;ENG-040;ENG-041;ENG-042;ENG-043;ENG-044;ENG-045;ENG-046;ENG-047;ENG-048;ENG-051;ENG-053;ENG-056,CODIGO_INLINE;DEFINICION_EXPLICITA;ENCABEZADO;TERMINO_DESTACADO,6,CANDIDATO_CON_AUTORIDAD,NO,NO_ASIGNADO,AUTORIDAD_ARQ,ARQ-013,ENG-002;ENG-003;ENG-006;ENG-010;ENG-011;ENG-029;ENG-032;ENG-039;ENG-040;ENG-041;ENG-042;ENG-043;ENG-044;ENG-045;ENG-046;ENG-047;ENG-048;ENG-051;ENG-053;ENG-056,"No existe FND, pero sí evidencia ARQ; ARQ es la autoridad inmediata.",NO,CANONICO_PRE_ID,Configuration,/Configuration,Autoridad ARQ directa sin autoridad FND superior registrada; habilitado como entrada canónica preliminar.,CANONICO_PRE_ID
conocimiento,Conocimiento,Conocimiento,1,1,FND,1,FND-001,ENCABEZADO,0,CANDIDATO_CON_AUTORIDAD,NO,NO_ASIGNADO,AUTORIDAD_FND,FND-001,,Existe evidencia FND; FND prevalece en la cadena de autoridad.,NO,CANONICO_PRE_ID,Conocimiento,,Autoridad FND directa; habilitado como entrada canónica preliminar.,CANONICO_PRE_ID
constituye el documento fundacional del framework y,Constituye el documento fundacional del Framework y,Constituye el documento fundacional del Framework y,1,1,FND,1,FND-000,DEFINICION_EXPLICITA,1,CANDIDATO_CON_AUTORIDAD,NO,NO_ASIGNADO,AUTORIDAD_FND,FND-000,,Existe evidencia FND; FND prevalece en la cadena de autoridad.,NO,CANONICO_PRE_ID,Constituye el documento fundacional del Framework y,,Autoridad FND directa; habilitado como entrada canónica preliminar.,CANONICO_PRE_ID
constructor injection,Constructor Injection,Constructor Injection,1,3,ARQ;ENG,2,ARQ-012;ENG-018,ENCABEZADO;TERMINO_DESTACADO,0,CANDIDATO_CON_AUTORIDAD,NO,NO_ASIGNADO,AUTORIDAD_ARQ,ARQ-012,ENG-018,"No existe FND, pero sí evidencia ARQ; ARQ es la autoridad inmediata.",NO,CANONICO_PRE_ID,Constructor Injection,,Autoridad ARQ directa sin autoridad FND superior registrada; habilitado como entrada canónica preliminar.,CANONICO_PRE_ID
contaminacion del core,Contaminación del Core,Contaminación del Core,1,1,ARQ,1,ARQ-004,ENCABEZADO,0,CANDIDATO_CON_AUTORIDAD,NO,NO_ASIGNADO,AUTORIDAD_ARQ,ARQ-004,,"No existe FND, pero sí evidencia ARQ; ARQ es la autoridad inmediata.",NO,CANONICO_PRE_ID,Contaminación del Core,,Autoridad ARQ directa sin autoridad FND superior registrada; habilitado como entrada canónica preliminar.,CANONICO_PRE_ID
contenido minimo,Contenido Mínimo,Contenido Mínimo,1,1,ARQ,1,ARQ-017,ENCABEZADO,0,CANDIDATO_CON_AUTORIDAD,NO,NO_ASIGNADO,AUTORIDAD_ARQ,ARQ-017,,"No existe FND, pero sí evidencia ARQ; ARQ es la autoridad inmediata.",NO,CANONICO_PRE_ID,Contenido Mínimo,,Autoridad ARQ directa sin autoridad FND superior registrada; habilitado como entrada canónica preliminar.,CANONICO_PRE_ID
contract,Contracts,/Contracts; Contract; Contracts; Contracts/,4,12,ARQ;ENG,7,ARQ-011;ENG-001;ENG-006;ENG-018;ENG-021;ENG-040;ENG-041,CODIGO_INLINE;DEFINICION_EXPLICITA;ENCABEZADO;TERMINO_DESTACADO,1,CANDIDATO_CON_AUTORIDAD,NO,NO_ASIGNADO,AUTORIDAD_ARQ,ARQ-011,ENG-001;ENG-006;ENG-018;ENG-021;ENG-040;ENG-041,"No existe FND, pero sí evidencia ARQ; ARQ es la autoridad inmediata.",NO,CANONICO_PRE_ID,Contracts,/Contracts; Contract; Contracts/,Autoridad ARQ directa sin autoridad FND superior registrada; habilitado como entrada canónica preliminar.,CANONICO_PRE_ID
criterio de cumplimiento,Criterios de cumplimiento,Criterios de cumplimiento,1,1,FND,1,FND-002,ENCABEZADO,0,CANDIDATO_CON_AUTORIDAD,NO,NO_ASIGNADO,AUTORIDAD_FND,FND-002,,Existe evidencia FND; FND prevalece en la cadena de autoridad.,NO,CANONICO_PRE_ID,Criterios de cumplimiento,,Autoridad FND directa; habilitado como entrada canónica preliminar.,CANONICO_PRE_ID
criterio de evaluacion,Criterios de Evaluación,Criterios de Evaluación; Criterios de evaluación,2,3,ARQ,3,ARQ-004;ARQ-013;ARQ-017,ENCABEZADO,0,CANDIDATO_CON_AUTORIDAD,NO,NO_ASIGNADO,AUTORIDAD_ARQ,ARQ-004;ARQ-013;ARQ-017,,"No existe FND, pero sí evidencia ARQ; ARQ es la autoridad inmediata.",NO,CANONICO_PRE_ID,Criterios de Evaluación,,Autoridad ARQ directa sin autoridad FND superior registrada; habilitado como entrada canónica preliminar.,CANONICO_PRE_ID
criterio de exito,Criterios de éxito,Criterios de éxito,1,1,FND,1,FND-000,ENCABEZADO,0,CANDIDATO_CON_AUTORIDAD,NO,NO_ASIGNADO,AUTORIDAD_FND,FND-000,,Existe evidencia FND; FND prevalece en la cadena de autoridad.,NO,CANONICO_PRE_ID,Criterios de éxito,,Autoridad FND directa; habilitado como entrada canónica preliminar.,CANONICO_PRE_ID
ct-001,CT-001,CT-001,1,1,ARQ,1,ARQ-011,TABLA_COLUMNA_PRINCIPAL,0,CANDIDATO_CON_AUTORIDAD,NO,NO_ASIGNADO,AUTORIDAD_ARQ,ARQ-011,,"No existe FND, pero sí evidencia ARQ; ARQ es la autoridad inmediata.",NO,CANONICO_PRE_ID,CT-001,,Autoridad ARQ directa sin autoridad FND superior registrada; habilitado como entrada canónica preliminar.,CANONICO_PRE_ID
ct-002,CT-002,CT-002,1,1,ARQ,1,ARQ-011,TABLA_COLUMNA_PRINCIPAL,0,CANDIDATO_CON_AUTORIDAD,NO,NO_ASIGNADO,AUTORIDAD_ARQ,ARQ-011,,"No existe FND, pero sí evidencia ARQ; ARQ es la autoridad inmediata.",NO,CANONICO_PRE_ID,CT-002,,Autoridad ARQ directa sin autoridad FND superior registrada; habilitado como entrada canónica preliminar.,CANONICO_PRE_ID
ct-003,CT-003,CT-003,1,1,ARQ,1,ARQ-011,TABLA_COLUMNA_PRINCIPAL,0,CANDIDATO_CON_AUTORIDAD,NO,NO_ASIGNADO,AUTORIDAD_ARQ,ARQ-011,,"No existe FND, pero sí evidencia ARQ; ARQ es la autoridad inmediata.",NO,CANONICO_PRE_ID,CT-003,,Autoridad ARQ directa sin autoridad FND superior registrada; habilitado como entrada canónica preliminar.,CANONICO_PRE_ID
ct-004,CT-004,CT-004,1,1,ARQ,1,ARQ-011,TABLA_COLUMNA_PRINCIPAL,0,CANDIDATO_CON_AUTORIDAD,NO,NO_ASIGNADO,AUTORIDAD_ARQ,ARQ-011,,"No existe FND, pero sí evidencia ARQ; ARQ es la autoridad inmediata.",NO,CANONICO_PRE_ID,CT-004,,Autoridad ARQ directa sin autoridad FND superior registrada; habilitado como entrada canónica preliminar.,CANONICO_PRE_ID
ct-005,CT-005,CT-005,1,1,ARQ,1,ARQ-011,TABLA_COLUMNA_PRINCIPAL,0,CANDIDATO_CON_AUTORIDAD,NO,NO_ASIGNADO,AUTORIDAD_ARQ,ARQ-011,,"No existe FND, pero sí evidencia ARQ; ARQ es la autoridad inmediata.",NO,CANONICO_PRE_ID,CT-005,,Autoridad ARQ directa sin autoridad FND superior registrada; habilitado como entrada canónica preliminar.,CANONICO_PRE_ID
ct-006,CT-006,CT-006,1,1,ARQ,1,ARQ-011,TABLA_COLUMNA_PRINCIPAL,0,CANDIDATO_CON_AUTORIDAD,NO,NO_ASIGNADO,AUTORIDAD_ARQ,ARQ-011,,"No existe FND, pero sí evidencia ARQ; ARQ es la autoridad inmediata.",NO,CANONICO_PRE_ID,CT-006,,Autoridad ARQ directa sin autoridad FND superior registrada; habilitado como entrada canónica preliminar.,CANONICO_PRE_ID
ct-007,CT-007,CT-007,1,1,ARQ,1,ARQ-011,TABLA_COLUMNA_PRINCIPAL,0,CANDIDATO_CON_AUTORIDAD,NO,NO_ASIGNADO,AUTORIDAD_ARQ,ARQ-011,,"No existe FND, pero sí evidencia ARQ; ARQ es la autoridad inmediata.",NO,CANONICO_PRE_ID,CT-007,,Autoridad ARQ directa sin autoridad FND superior registrada; habilitado como entrada canónica preliminar.,CANONICO_PRE_ID
dato y persistencia,Datos y persistencia,Datos y persistencia,1,1,ARQ,1,ARQ-004,ENCABEZADO,0,CANDIDATO_CON_AUTORIDAD,NO,NO_ASIGNADO,AUTORIDAD_ARQ,ARQ-004,,"No existe FND, pero sí evidencia ARQ; ARQ es la autoridad inmediata.",NO,CANONICO_PRE_ID,Datos y persistencia,,Autoridad ARQ directa sin autoridad FND superior registrada; habilitado como entrada canónica preliminar.,CANONICO_PRE_ID
declaracion,Declaración,Declaración,1,107,ARQ;ENG;FND,107,ARQ-004;ARQ-010;ARQ-011;ARQ-012;ARQ-013;ARQ-017;ENG-000;ENG-001;ENG-002;ENG-003;ENG-004;ENG-005;ENG-006;ENG-007;ENG-008;ENG-009;ENG-010;ENG-011;ENG-012;ENG-013;ENG-014;ENG-015;ENG-016;ENG-017;ENG-018;ENG-019;ENG-020;ENG-021;ENG-022;ENG-023;ENG-024;ENG-025;ENG-026;ENG-027;ENG-028;ENG-029;ENG-030;ENG-031;ENG-032;ENG-034;ENG-035;ENG-036;ENG-037;ENG-038;ENG-039;ENG-040;ENG-041;ENG-042;ENG-043;ENG-044;ENG-045;ENG-046;ENG-047;ENG-048;ENG-049;ENG-050;ENG-051;ENG-052;ENG-053;ENG-054;ENG-055;ENG-056;ENG-057;ENG-058;ENG-059;ENG-060;ENG-061;ENG-062;ENG-063;ENG-064;ENG-065;ENG-066;ENG-067;ENG-068;ENG-069;ENG-070;ENG-071;ENG-072;ENG-073;ENG-074;ENG-075;ENG-076;ENG-077;ENG-078;ENG-079;ENG-080;ENG-081;ENG-082;ENG-083;ENG-084;ENG-085;ENG-086;ENG-087;ENG-088;ENG-089;ENG-090;ENG-091;ENG-092;ENG-093;ENG-094;ENG-095;ENG-096;ENG-097;ENG-098;ENG-099;ENG-100;FND-000,ENCABEZADO,0,CANDIDATO_CON_AUTORIDAD,NO,NO_ASIGNADO,AUTORIDAD_FND,FND-000,ARQ-004;ARQ-010;ARQ-011;ARQ-012;ARQ-013;ARQ-017;ENG-000;ENG-001;ENG-002;ENG-003;ENG-004;ENG-005;ENG-006;ENG-007;ENG-008;ENG-009;ENG-010;ENG-011;ENG-012;ENG-013;ENG-014;ENG-015;ENG-016;ENG-017;ENG-018;ENG-019;ENG-020;ENG-021;ENG-022;ENG-023;ENG-024;ENG-025;ENG-026;ENG-027;ENG-028;ENG-029;ENG-030;ENG-031;ENG-032;ENG-034;ENG-035;ENG-036;ENG-037;ENG-038;ENG-039;ENG-040;ENG-041;ENG-042;ENG-043;ENG-044;ENG-045;ENG-046;ENG-047;ENG-048;ENG-049;ENG-050;ENG-051;ENG-052;ENG-053;ENG-054;ENG-055;ENG-056;ENG-057;ENG-058;ENG-059;ENG-060;ENG-061;ENG-062;ENG-063;ENG-064;ENG-065;ENG-066;ENG-067;ENG-068;ENG-069;ENG-070;ENG-071;ENG-072;ENG-073;ENG-074;ENG-075;ENG-076;ENG-077;ENG-078;ENG-079;ENG-080;ENG-081;ENG-082;ENG-083;ENG-084;ENG-085;ENG-086;ENG-087;ENG-088;ENG-089;ENG-090;ENG-091;ENG-092;ENG-093;ENG-094;ENG-095;ENG-096;ENG-097;ENG-098;ENG-099;ENG-100,Existe evidencia FND; FND prevalece en la cadena de autoridad.,NO,CANONICO_PRE_ID,Declaración,,Autoridad FND directa; habilitado como entrada canónica preliminar.,CANONICO_PRE_ID
declaracion de mision,Declaración de Misión,Declaración de Misión,1,1,FND,1,FND-002,ENCABEZADO,0,CANDIDATO_CON_AUTORIDAD,NO,NO_ASIGNADO,AUTORIDAD_FND,FND-002,,Existe evidencia FND; FND prevalece en la cadena de autoridad.,NO,CANONICO_PRE_ID,Declaración de Misión,,Autoridad FND directa; habilitado como entrada canónica preliminar.,CANONICO_PRE_ID
declaracion de vision,Declaración de Visión,Declaración de Visión,1,1,FND,1,FND-001,ENCABEZADO,0,CANDIDATO_CON_AUTORIDAD,NO,NO_ASIGNADO,AUTORIDAD_FND,FND-001,,Existe evidencia FND; FND prevalece en la cadena de autoridad.,NO,CANONICO_PRE_ID,Declaración de Visión,,Autoridad FND directa; habilitado como entrada canónica preliminar.,CANONICO_PRE_ID
definicion de module,Definición de Module,Definición de Module,1,1,ARQ,1,ARQ-004,ENCABEZADO,0,CANDIDATO_CON_AUTORIDAD,NO,NO_ASIGNADO,AUTORIDAD_ARQ,ARQ-004,,"No existe FND, pero sí evidencia ARQ; ARQ es la autoridad inmediata.",NO,CANONICO_PRE_ID,Definición de Module,,Autoridad ARQ directa sin autoridad FND superior registrada; habilitado como entrada canónica preliminar.,CANONICO_PRE_ID
dependencia circular,Dependencias circulares,Dependencias Circulares; Dependencias circulares; dependencia circular,3,4,ARQ;ENG,4,ARQ-004;ENG-001;ENG-002;ENG-004,ENCABEZADO;TABLA_COLUMNA_PRINCIPAL,0,CANDIDATO_CON_AUTORIDAD,NO,NO_ASIGNADO,AUTORIDAD_ARQ,ARQ-004,ENG-001;ENG-002;ENG-004,"No existe FND, pero sí evidencia ARQ; ARQ es la autoridad inmediata.",NO,CANONICO_PRE_ID,Dependencias circulares,dependencia circular,Autoridad ARQ directa sin autoridad FND superior registrada; habilitado como entrada canónica preliminar.,CANONICO_PRE_ID
dependencia entre modul,Dependencias entre Modules,Dependencias entre Modules,1,2,ARQ;ENG,2,ARQ-004;ENG-002,ENCABEZADO,0,CANDIDATO_CON_AUTORIDAD,NO,NO_ASIGNADO,AUTORIDAD_ARQ,ARQ-004,ENG-002,"No existe FND, pero sí evidencia ARQ; ARQ es la autoridad inmediata.",NO,CANONICO_PRE_ID,Dependencias entre Modules,,Autoridad ARQ directa sin autoridad FND superior registrada; habilitado como entrada canónica preliminar.,CANONICO_PRE_ID
dependencia permitida,Dependencias permitidas,Dependencias permitidas,1,1,ARQ,1,ARQ-004,ENCABEZADO,0,CANDIDATO_CON_AUTORIDAD,NO,NO_ASIGNADO,AUTORIDAD_ARQ,ARQ-004,,"No existe FND, pero sí evidencia ARQ; ARQ es la autoridad inmediata.",NO,CANONICO_PRE_ID,Dependencias permitidas,,Autoridad ARQ directa sin autoridad FND superior registrada; habilitado como entrada canónica preliminar.,CANONICO_PRE_ID
dependencia prohibida,Dependencias prohibidas,Dependencias prohibidas,1,1,ARQ,1,ARQ-004,ENCABEZADO,0,CANDIDATO_CON_AUTORIDAD,NO,NO_ASIGNADO,AUTORIDAD_ARQ,ARQ-004,,"No existe FND, pero sí evidencia ARQ; ARQ es la autoridad inmediata.",NO,CANONICO_PRE_ID,Dependencias prohibidas,,Autoridad ARQ directa sin autoridad FND superior registrada; habilitado como entrada canónica preliminar.,CANONICO_PRE_ID
dependency injection,Dependency Injection,Dependency Injection,1,12,ARQ;ENG,7,ARQ-012;ENG-018;ENG-025;ENG-038;ENG-039;ENG-040;ENG-041,DEFINICION_EXPLICITA;ENCABEZADO,4,CANDIDATO_CON_AUTORIDAD,NO,NO_ASIGNADO,AUTORIDAD_ARQ,ARQ-012,ENG-018;ENG-025;ENG-038;ENG-039;ENG-040;ENG-041,"No existe FND, pero sí evidencia ARQ; ARQ es la autoridad inmediata.",NO,CANONICO_PRE_ID,Dependency Injection,,Autoridad ARQ directa sin autoridad FND superior registrada; habilitado como entrada canónica preliminar.,CANONICO_PRE_ID
dependency injection di,Dependency Injection (DI),Dependency Injection (DI),1,2,ARQ;ENG,2,ARQ-012;ENG-018,TERMINO_DESTACADO,0,CANDIDATO_CON_AUTORIDAD,NO,NO_ASIGNADO,AUTORIDAD_ARQ,ARQ-012,ENG-018,"No existe FND, pero sí evidencia ARQ; ARQ es la autoridad inmediata.",NO,CANONICO_PRE_ID,Dependency Injection (DI),,Autoridad ARQ directa sin autoridad FND superior registrada; habilitado como entrada canónica preliminar.,CANONICO_PRE_ID
di-001,DI-001,DI-001,1,1,ARQ,1,ARQ-012,TABLA_COLUMNA_PRINCIPAL,0,CANDIDATO_CON_AUTORIDAD,NO,NO_ASIGNADO,AUTORIDAD_ARQ,ARQ-012,,"No existe FND, pero sí evidencia ARQ; ARQ es la autoridad inmediata.",NO,CANONICO_PRE_ID,DI-001,,Autoridad ARQ directa sin autoridad FND superior registrada; habilitado como entrada canónica preliminar.,CANONICO_PRE_ID
di-002,DI-002,DI-002,1,1,ARQ,1,ARQ-012,TABLA_COLUMNA_PRINCIPAL,0,CANDIDATO_CON_AUTORIDAD,NO,NO_ASIGNADO,AUTORIDAD_ARQ,ARQ-012,,"No existe FND, pero sí evidencia ARQ; ARQ es la autoridad inmediata.",NO,CANONICO_PRE_ID,DI-002,,Autoridad ARQ directa sin autoridad FND superior registrada; habilitado como entrada canónica preliminar.,CANONICO_PRE_ID
di-003,DI-003,DI-003,1,1,ARQ,1,ARQ-012,TABLA_COLUMNA_PRINCIPAL,0,CANDIDATO_CON_AUTORIDAD,NO,NO_ASIGNADO,AUTORIDAD_ARQ,ARQ-012,,"No existe FND, pero sí evidencia ARQ; ARQ es la autoridad inmediata.",NO,CANONICO_PRE_ID,DI-003,,Autoridad ARQ directa sin autoridad FND superior registrada; habilitado como entrada canónica preliminar.,CANONICO_PRE_ID
di-004,DI-004,DI-004,1,1,ARQ,1,ARQ-012,TABLA_COLUMNA_PRINCIPAL,0,CANDIDATO_CON_AUTORIDAD,NO,NO_ASIGNADO,AUTORIDAD_ARQ,ARQ-012,,"No existe FND, pero sí evidencia ARQ; ARQ es la autoridad inmediata.",NO,CANONICO_PRE_ID,DI-004,,Autoridad ARQ directa sin autoridad FND superior registrada; habilitado como entrada canónica preliminar.,CANONICO_PRE_ID
direccion de dependencia,Dirección de dependencias,Dirección de Dependencias; Dirección de dependencias,2,2,ARQ;ENG,2,ARQ-004;ENG-001,ENCABEZADO,0,CANDIDATO_CON_AUTORIDAD,NO,NO_ASIGNADO,AUTORIDAD_ARQ,ARQ-004,ENG-001,"No existe FND, pero sí evidencia ARQ; ARQ es la autoridad inmediata.",NO,CANONICO_PRE_ID,Dirección de dependencias,,Autoridad ARQ directa sin autoridad FND superior registrada; habilitado como entrada canónica preliminar.,CANONICO_PRE_ID
duplicacion transversal,Duplicación transversal,Duplicación transversal,1,1,ARQ,1,ARQ-004,ENCABEZADO,0,CANDIDATO_CON_AUTORIDAD,NO,NO_ASIGNADO,AUTORIDAD_ARQ,ARQ-004,,"No existe FND, pero sí evidencia ARQ; ARQ es la autoridad inmediata.",NO,CANONICO_PRE_ID,Duplicación transversal,,Autoridad ARQ directa sin autoridad FND superior registrada; habilitado como entrada canónica preliminar.,CANONICO_PRE_ID
ecosistema,Ecosistema,Ecosistema,1,1,FND,1,FND-001,ENCABEZADO,0,CANDIDATO_CON_AUTORIDAD,NO,NO_ASIGNADO,AUTORIDAD_FND,FND-001,,Existe evidencia FND; FND prevalece en la cadena de autoridad.,NO,CANONICO_PRE_ID,Ecosistema,,Autoridad FND directa; habilitado como entrada canónica preliminar.,CANONICO_PRE_ID
ecosistema documental,Ecosistema documental,Ecosistema documental,1,1,FND,1,FND-000,ENCABEZADO,0,CANDIDATO_CON_AUTORIDAD,NO,NO_ASIGNADO,AUTORIDAD_FND,FND-000,,Existe evidencia FND; FND prevalece en la cadena de autoridad.,NO,CANONICO_PRE_ID,Ecosistema documental,,Autoridad FND directa; habilitado como entrada canónica preliminar.,CANONICO_PRE_ID
el package,El Package,El Package,1,2,ARQ,1,ARQ-017,DEFINICION_EXPLICITA,2,CANDIDATO_CON_AUTORIDAD,NO,NO_ASIGNADO,AUTORIDAD_ARQ,ARQ-017,,"No existe FND, pero sí evidencia ARQ; ARQ es la autoridad inmediata.",NO,CANONICO_PRE_ID,El Package,,Autoridad ARQ directa sin autoridad FND superior registrada; habilitado como entrada canónica preliminar.,CANONICO_PRE_ID
el packaging,El Packaging,El Packaging,1,1,ARQ,1,ARQ-017,DEFINICION_EXPLICITA,1,CANDIDATO_CON_AUTORIDAD,NO,NO_ASIGNADO,AUTORIDAD_ARQ,ARQ-017,,"No existe FND, pero sí evidencia ARQ; ARQ es la autoridad inmediata.",NO,CANONICO_PRE_ID,El Packaging,,Autoridad ARQ directa sin autoridad FND superior registrada; habilitado como entrada canónica preliminar.,CANONICO_PRE_ID
el paquete,El paquete,El paquete,1,1,ARQ,1,ARQ-017,DEFINICION_EXPLICITA,1,CANDIDATO_CON_AUTORIDAD,NO,NO_ASIGNADO,AUTORIDAD_ARQ,ARQ-017,,"No existe FND, pero sí evidencia ARQ; ARQ es la autoridad inmediata.",NO,CANONICO_PRE_ID,El paquete,,Autoridad ARQ directa sin autoridad FND superior registrada; habilitado como entrada canónica preliminar.,CANONICO_PRE_ID
el template engine,El Template Engine,El Template Engine,1,2,ARQ,1,ARQ-010,DEFINICION_EXPLICITA,2,CANDIDATO_CON_AUTORIDAD,NO,NO_ASIGNADO,AUTORIDAD_ARQ,ARQ-010,,"No existe FND, pero sí evidencia ARQ; ARQ es la autoridad inmediata.",NO,CANONICO_PRE_ID,El Template Engine,,Autoridad ARQ directa sin autoridad FND superior registrada; habilitado como entrada canónica preliminar.,CANONICO_PRE_ID
esta estructura,Esta estructura,Esta estructura,1,1,ARQ,1,ARQ-004,DEFINICION_EXPLICITA,1,CANDIDATO_CON_AUTORIDAD,NO,NO_ASIGNADO,AUTORIDAD_ARQ,ARQ-004,,"No existe FND, pero sí evidencia ARQ; ARQ es la autoridad inmediata.",NO,CANONICO_PRE_ID,Esta estructura,,Autoridad ARQ directa sin autoridad FND superior registrada; habilitado como entrada canónica preliminar.,CANONICO_PRE_ID
estrategia,Estrategias,Estrategias,1,1,ARQ,1,ARQ-012,ENCABEZADO,0,CANDIDATO_CON_AUTORIDAD,NO,NO_ASIGNADO,AUTORIDAD_ARQ,ARQ-012,,"No existe FND, pero sí evidencia ARQ; ARQ es la autoridad inmediata.",NO,CANONICO_PRE_ID,Estrategias,,Autoridad ARQ directa sin autoridad FND superior registrada; habilitado como entrada canónica preliminar.,CANONICO_PRE_ID
evolucion,Evolución,Evolución,1,4,ARQ;ENG,4,ARQ-004;ENG-000;ENG-002;ENG-004,ENCABEZADO,0,CANDIDATO_CON_AUTORIDAD,NO,NO_ASIGNADO,AUTORIDAD_ARQ,ARQ-004,ENG-000;ENG-002;ENG-004,"No existe FND, pero sí evidencia ARQ; ARQ es la autoridad inmediata.",NO,CANONICO_PRE_ID,Evolución,,Autoridad ARQ directa sin autoridad FND superior registrada; habilitado como entrada canónica preliminar.,CANONICO_PRE_ID
filosofia,Filosofía,Filosofía,1,7,ARQ;ENG,7,ARQ-010;ARQ-011;ARQ-012;ARQ-013;ARQ-017;ENG-007;ENG-008,ENCABEZADO,0,CANDIDATO_CON_AUTORIDAD,NO,NO_ASIGNADO,AUTORIDAD_ARQ,ARQ-010;ARQ-011;ARQ-012;ARQ-013;ARQ-017,ENG-007;ENG-008,"No existe FND, pero sí evidencia ARQ; ARQ es la autoridad inmediata.",NO,CANONICO_PRE_ID,Filosofía,,Autoridad ARQ directa sin autoridad FND superior registrada; habilitado como entrada canónica preliminar.,CANONICO_PRE_ID
flujo de generacion,Flujo de Generación,Flujo de Generación,1,1,ARQ,1,ARQ-010,ENCABEZADO,0,CANDIDATO_CON_AUTORIDAD,NO,NO_ASIGNADO,AUTORIDAD_ARQ,ARQ-010,,"No existe FND, pero sí evidencia ARQ; ARQ es la autoridad inmediata.",NO,CANONICO_PRE_ID,Flujo de Generación,,Autoridad ARQ directa sin autoridad FND superior registrada; habilitado como entrada canónica preliminar.,CANONICO_PRE_ID
fnd-000,FND-000,FND-000,1,1,FND,1,FND-000,ENCABEZADO,0,CANDIDATO_CON_AUTORIDAD,NO,NO_ASIGNADO,AUTORIDAD_FND,FND-000,,Existe evidencia FND; FND prevalece en la cadena de autoridad.,NO,CANONICO_PRE_ID,FND-000,,Autoridad FND directa; habilitado como entrada canónica preliminar.,CANONICO_PRE_ID
fnd-001,FND-001,FND-001,1,2,FND,2,FND-001;FND-002,ENCABEZADO;TERMINO_DESTACADO,0,CANDIDATO_CON_AUTORIDAD,NO,NO_ASIGNADO,AUTORIDAD_FND,FND-001;FND-002,,Existe evidencia FND; FND prevalece en la cadena de autoridad.,NO,CANONICO_PRE_ID,FND-001,,Autoridad FND directa; habilitado como entrada canónica preliminar.,CANONICO_PRE_ID
fnd-002,FND-002,FND-002,1,1,FND,1,FND-002,ENCABEZADO,0,CANDIDATO_CON_AUTORIDAD,NO,NO_ASIGNADO,AUTORIDAD_FND,FND-002,,Existe evidencia FND; FND prevalece en la cadena de autoridad.,NO,CANONICO_PRE_ID,FND-002,,Autoridad FND directa; habilitado como entrada canónica preliminar.,CANONICO_PRE_ID
gobernanza,Gobernanza,Gobernanza,1,1,FND,1,FND-000,ENCABEZADO,0,CANDIDATO_CON_AUTORIDAD,NO,NO_ASIGNADO,AUTORIDAD_FND,FND-000,,Existe evidencia FND; FND prevalece en la cadena de autoridad.,NO,CANONICO_PRE_ID,Gobernanza,,Autoridad FND directa; habilitado como entrada canónica preliminar.,CANONICO_PRE_ID
herramienta,Herramientas,Herramientas,1,1,FND,1,FND-002,ENCABEZADO,0,CANDIDATO_CON_AUTORIDAD,NO,NO_ASIGNADO,AUTORIDAD_FND,FND-002,,Existe evidencia FND; FND prevalece en la cadena de autoridad.,NO,CANONICO_PRE_ID,Herramientas,,Autoridad FND directa; habilitado como entrada canónica preliminar.,CANONICO_PRE_ID
horizonte,Horizonte,Horizonte,1,1,FND,1,FND-001,ENCABEZADO,0,CANDIDATO_CON_AUTORIDAD,NO,NO_ASIGNADO,AUTORIDAD_FND,FND-001,,Existe evidencia FND; FND prevalece en la cadena de autoridad.,NO,CANONICO_PRE_ID,Horizonte,,Autoridad FND directa; habilitado como entrada canónica preliminar.,CANONICO_PRE_ID
id,ID,ID; id,2,103,ARQ;ENG,96,ARQ-004;ARQ-010;ARQ-011;ARQ-012;ARQ-013;ARQ-017;ENG-000;ENG-001;ENG-002;ENG-003;ENG-004;ENG-005;ENG-006;ENG-007;ENG-008;ENG-009;ENG-010;ENG-011;ENG-012;ENG-013;ENG-014;ENG-015;ENG-016;ENG-017;ENG-018;ENG-019;ENG-020;ENG-021;ENG-022;ENG-023;ENG-024;ENG-025;ENG-027;ENG-028;ENG-029;ENG-030;ENG-031;ENG-032;ENG-034;ENG-035;ENG-036;ENG-037;ENG-038;ENG-039;ENG-040;ENG-041;ENG-042;ENG-043;ENG-044;ENG-045;ENG-046;ENG-047;ENG-048;ENG-049;ENG-050;ENG-051;ENG-052;ENG-053;ENG-054;ENG-055;ENG-056;ENG-057;ENG-061;ENG-062;ENG-063;ENG-064;ENG-065;ENG-066;ENG-067;ENG-068;ENG-069;ENG-070;ENG-071;ENG-072;ENG-073;ENG-074;ENG-075;ENG-076;ENG-077;ENG-078;ENG-079;ENG-080;ENG-081;ENG-082;ENG-083;ENG-084;ENG-085;ENG-086;ENG-087;ENG-088;ENG-089;ENG-090;ENG-091;ENG-092;ENG-093;ENG-094,TABLA_COLUMNA_PRINCIPAL,0,CANDIDATO_CON_AUTORIDAD,NO,NO_ASIGNADO,AUTORIDAD_ARQ,ARQ-004;ARQ-010;ARQ-011;ARQ-012;ARQ-013;ARQ-017,ENG-000;ENG-001;ENG-002;ENG-003;ENG-004;ENG-005;ENG-006;ENG-007;ENG-008;ENG-009;ENG-010;ENG-011;ENG-012;ENG-013;ENG-014;ENG-015;ENG-016;ENG-017;ENG-018;ENG-019;ENG-020;ENG-021;ENG-022;ENG-023;ENG-024;ENG-025;ENG-027;ENG-028;ENG-029;ENG-030;ENG-031;ENG-032;ENG-034;ENG-035;ENG-036;ENG-037;ENG-038;ENG-039;ENG-040;ENG-041;ENG-042;ENG-043;ENG-044;ENG-045;ENG-046;ENG-047;ENG-048;ENG-049;ENG-050;ENG-051;ENG-052;ENG-053;ENG-054;ENG-055;ENG-056;ENG-057;ENG-061;ENG-062;ENG-063;ENG-064;ENG-065;ENG-066;ENG-067;ENG-068;ENG-069;ENG-070;ENG-071;ENG-072;ENG-073;ENG-074;ENG-075;ENG-076;ENG-077;ENG-078;ENG-079;ENG-080;ENG-081;ENG-082;ENG-083;ENG-084;ENG-085;ENG-086;ENG-087;ENG-088;ENG-089;ENG-090;ENG-091;ENG-092;ENG-093;ENG-094,"No existe FND, pero sí evidencia ARQ; ARQ es la autoridad inmediata.",NO,CANONICO_PRE_ID,ID,,Autoridad ARQ directa sin autoridad FND superior registrada; habilitado como entrada canónica preliminar.,CANONICO_PRE_ID
impacto esperado,Impacto esperado,Impacto esperado,1,1,FND,1,FND-001,ENCABEZADO,0,CANDIDATO_CON_AUTORIDAD,NO,NO_ASIGNADO,AUTORIDAD_FND,FND-001,,Existe evidencia FND; FND prevalece en la cadena de autoridad.,NO,CANONICO_PRE_ID,Impacto esperado,,Autoridad FND directa; habilitado como entrada canónica preliminar.,CANONICO_PRE_ID
implementacion interna,Implementación interna,Implementación Interna; Implementación interna,2,2,ARQ;ENG,2,ARQ-004;ENG-002,ENCABEZADO,0,CANDIDATO_CON_AUTORIDAD,NO,NO_ASIGNADO,AUTORIDAD_ARQ,ARQ-004,ENG-002,"No existe FND, pero sí evidencia ARQ; ARQ es la autoridad inmediata.",NO,CANONICO_PRE_ID,Implementación interna,,Autoridad ARQ directa sin autoridad FND superior registrada; habilitado como entrada canónica preliminar.,CANONICO_PRE_ID
indicador de exito,Indicadores de éxito,Indicadores de éxito,1,1,FND,1,FND-001,ENCABEZADO,0,CANDIDATO_CON_AUTORIDAD,NO,NO_ASIGNADO,AUTORIDAD_FND,FND-001,,Existe evidencia FND; FND prevalece en la cadena de autoridad.,NO,CANONICO_PRE_ID,Indicadores de éxito,,Autoridad FND directa; habilitado como entrada canónica preliminar.,CANONICO_PRE_ID
instalacion,Instalación,Instalación,1,2,ARQ;ENG,2,ARQ-017;ENG-002,ENCABEZADO,0,CANDIDATO_CON_AUTORIDAD,NO,NO_ASIGNADO,AUTORIDAD_ARQ,ARQ-017,ENG-002,"No existe FND, pero sí evidencia ARQ; ARQ es la autoridad inmediata.",NO,CANONICO_PRE_ID,Instalación,,Autoridad ARQ directa sin autoridad FND superior registrada; habilitado como entrada canónica preliminar.,CANONICO_PRE_ID
instalacion y desinstalacion,Instalación y desinstalación,Instalación y desinstalación,1,1,ARQ,1,ARQ-004,ENCABEZADO,0,CANDIDATO_CON_AUTORIDAD,NO,NO_ASIGNADO,AUTORIDAD_ARQ,ARQ-004,,"No existe FND, pero sí evidencia ARQ; ARQ es la autoridad inmediata.",NO,CANONICO_PRE_ID,Instalación y desinstalación,,Autoridad ARQ directa sin autoridad FND superior registrada; habilitado como entrada canónica preliminar.,CANONICO_PRE_ID
integridad,Integridad,Integridad,1,2,ARQ;ENG,2,ARQ-017;ENG-003,ENCABEZADO,0,CANDIDATO_CON_AUTORIDAD,NO,NO_ASIGNADO,AUTORIDAD_ARQ,ARQ-017,ENG-003,"No existe FND, pero sí evidencia ARQ; ARQ es la autoridad inmediata.",NO,CANONICO_PRE_ID,Integridad,,Autoridad ARQ directa sin autoridad FND superior registrada; habilitado como entrada canónica preliminar.,CANONICO_PRE_ID
invariant arquitectonico,Invariantes Arquitectónicos,Invariantes Arquitectónicos; Invariantes arquitectónicos,2,6,ARQ,6,ARQ-004;ARQ-010;ARQ-011;ARQ-012;ARQ-013;ARQ-017,ENCABEZADO,0,CANDIDATO_CON_AUTORIDAD,NO,NO_ASIGNADO,AUTORIDAD_ARQ,ARQ-004;ARQ-010;ARQ-011;ARQ-012;ARQ-013;ARQ-017,,"No existe FND, pero sí evidencia ARQ; ARQ es la autoridad inmediata.",NO,CANONICO_PRE_ID,Invariantes Arquitectónicos,,Autoridad ARQ directa sin autoridad FND superior registrada; habilitado como entrada canónica preliminar.,CANONICO_PRE_ID
inventory,Inventory,Inventory,1,1,ARQ,1,ARQ-004,CODIGO_INLINE,0,CANDIDATO_CON_AUTORIDAD,NO,NO_ASIGNADO,AUTORIDAD_ARQ,ARQ-004,,"No existe FND, pero sí evidencia ARQ; ARQ es la autoridad inmediata.",NO,CANONICO_PRE_ID,Inventory,,Autoridad ARQ directa sin autoridad FND superior registrada; habilitado como entrada canónica preliminar.,CANONICO_PRE_ID
jerarquia,Jerarquía,Jerarquía,1,1,ARQ,1,ARQ-013,ENCABEZADO,0,CANDIDATO_CON_AUTORIDAD,NO,NO_ASIGNADO,AUTORIDAD_ARQ,ARQ-013,,"No existe FND, pero sí evidencia ARQ; ARQ es la autoridad inmediata.",NO,CANONICO_PRE_ID,Jerarquía,,Autoridad ARQ directa sin autoridad FND superior registrada; habilitado como entrada canónica preliminar.,CANONICO_PRE_ID
la arquitectura del framework,La arquitectura del Framework,La arquitectura del Framework,1,1,FND,1,FND-000,DEFINICION_EXPLICITA,1,CANDIDATO_CON_AUTORIDAD,NO,NO_ASIGNADO,AUTORIDAD_FND,FND-000,,Existe evidencia FND; FND prevalece en la cadena de autoridad.,NO,CANONICO_PRE_ID,La arquitectura del Framework,,Autoridad FND directa; habilitado como entrada canónica preliminar.,CANONICO_PRE_ID
la carta del proyecto,La Carta del Proyecto,La Carta del Proyecto,1,1,FND,1,FND-000,DEFINICION_EXPLICITA,1,CANDIDATO_CON_AUTORIDAD,NO,NO_ASIGNADO,AUTORIDAD_FND,FND-000,,Existe evidencia FND; FND prevalece en la cadena de autoridad.,NO,CANONICO_PRE_ID,La Carta del Proyecto,,Autoridad FND directa; habilitado como entrada canónica preliminar.,CANONICO_PRE_ID
la configuration,La Configuration,La Configuration,1,3,ARQ,1,ARQ-013,DEFINICION_EXPLICITA,3,CANDIDATO_CON_AUTORIDAD,NO,NO_ASIGNADO,AUTORIDAD_ARQ,ARQ-013,,"No existe FND, pero sí evidencia ARQ; ARQ es la autoridad inmediata.",NO,CANONICO_PRE_ID,La Configuration,,Autoridad ARQ directa sin autoridad FND superior registrada; habilitado como entrada canónica preliminar.,CANONICO_PRE_ID
la dependency injection,La Dependency Injection,La Dependency Injection,1,3,ARQ,1,ARQ-012,DEFINICION_EXPLICITA,3,CANDIDATO_CON_AUTORIDAD,NO,NO_ASIGNADO,AUTORIDAD_ARQ,ARQ-012,,"No existe FND, pero sí evidencia ARQ; ARQ es la autoridad inmediata.",NO,CANONICO_PRE_ID,La Dependency Injection,,Autoridad ARQ directa sin autoridad FND superior registrada; habilitado como entrada canónica preliminar.,CANONICO_PRE_ID
la mision,La misión,La misión,1,1,FND,1,FND-002,DEFINICION_EXPLICITA,1,CANDIDATO_CON_AUTORIDAD,NO,NO_ASIGNADO,AUTORIDAD_FND,FND-002,,Existe evidencia FND; FND prevalece en la cadena de autoridad.,NO,CANONICO_PRE_ID,La misión,,Autoridad FND directa; habilitado como entrada canónica preliminar.,CANONICO_PRE_ID
la mision de mef,La misión de MEF,La misión de MEF,1,1,FND,1,FND-002,DEFINICION_EXPLICITA,1,CANDIDATO_CON_AUTORIDAD,NO,NO_ASIGNADO,AUTORIDAD_FND,FND-002,,Existe evidencia FND; FND prevalece en la cadena de autoridad.,NO,CANONICO_PRE_ID,La misión de MEF,,Autoridad FND directa; habilitado como entrada canónica preliminar.,CANONICO_PRE_ID
la vision,La visión,La visión,1,1,FND,1,FND-002,DEFINICION_EXPLICITA,1,CANDIDATO_CON_AUTORIDAD,NO,NO_ASIGNADO,AUTORIDAD_FND,FND-002,,Existe evidencia FND; FND prevalece en la cadena de autoridad.,NO,CANONICO_PRE_ID,La visión,,Autoridad FND directa; habilitado como entrada canónica preliminar.,CANONICO_PRE_ID
la vision de mef,La visión de MEF,La visión de MEF,1,1,FND,1,FND-001,DEFINICION_EXPLICITA,1,CANDIDATO_CON_AUTORIDAD,NO,NO_ASIGNADO,AUTORIDAD_FND,FND-001,,Existe evidencia FND; FND prevalece en la cadena de autoridad.,NO,CANONICO_PRE_ID,La visión de MEF,,Autoridad FND directa; habilitado como entrada canónica preliminar.,CANONICO_PRE_ID
manifest,Manifest,Manifest,1,16,ARQ;ENG,7,ARQ-004;ARQ-017;ENG-002;ENG-003;ENG-005;ENG-011;ENG-020,CODIGO_INLINE;DEFINICION_EXPLICITA;ENCABEZADO;TABLA_COLUMNA_PRINCIPAL;TERMINO_DESTACADO,5,CANDIDATO_CON_AUTORIDAD,NO,NO_ASIGNADO,AUTORIDAD_ARQ,ARQ-004;ARQ-017,ENG-002;ENG-003;ENG-005;ENG-011;ENG-020,"No existe FND, pero sí evidencia ARQ; ARQ es la autoridad inmediata.",NO,CANONICO_PRE_ID,Manifest,,Autoridad ARQ directa sin autoridad FND superior registrada; habilitado como entrada canónica preliminar.,CANONICO_PRE_ID
mef,MEF,MEF; mef,2,4,ENG;FND,2,ENG-007;FND-000,CODIGO_INLINE;DEFINICION_EXPLICITA,2,CANDIDATO_CON_AUTORIDAD,NO,NO_ASIGNADO,AUTORIDAD_FND,FND-000,ENG-007,Existe evidencia FND; FND prevalece en la cadena de autoridad.,NO,CANONICO_PRE_ID,MEF,,Autoridad FND directa; habilitado como entrada canónica preliminar.,CANONICO_PRE_ID
mef modular enterprise framework,MEF (Modular Enterprise Framework),MEF (Modular Enterprise Framework),1,102,ARQ;ENG;FND,102,ARQ-004;ARQ-010;ARQ-011;ARQ-012;ARQ-013;ARQ-017;ENG-002;ENG-004;ENG-005;ENG-006;ENG-007;ENG-008;ENG-009;ENG-010;ENG-011;ENG-012;ENG-013;ENG-014;ENG-015;ENG-016;ENG-017;ENG-018;ENG-019;ENG-020;ENG-021;ENG-022;ENG-023;ENG-024;ENG-025;ENG-027;ENG-028;ENG-029;ENG-030;ENG-031;ENG-032;ENG-034;ENG-035;ENG-036;ENG-037;ENG-038;ENG-039;ENG-040;ENG-041;ENG-042;ENG-043;ENG-044;ENG-045;ENG-046;ENG-047;ENG-048;ENG-049;ENG-050;ENG-051;ENG-052;ENG-053;ENG-054;ENG-055;ENG-056;ENG-057;ENG-061;ENG-062;ENG-063;ENG-064;ENG-065;ENG-066;ENG-067;ENG-068;ENG-069;ENG-070;ENG-071;ENG-072;ENG-073;ENG-074;ENG-075;ENG-076;ENG-077;ENG-078;ENG-079;ENG-080;ENG-081;ENG-082;ENG-083;ENG-084;ENG-085;ENG-086;ENG-087;ENG-088;ENG-089;ENG-090;ENG-091;ENG-092;ENG-093;ENG-094;ENG-095;ENG-096;ENG-097;ENG-098;ENG-099;ENG-100;FND-000;FND-001;FND-002,TERMINO_DESTACADO,0,CANDIDATO_CON_AUTORIDAD,NO,NO_ASIGNADO,AUTORIDAD_FND,FND-000;FND-001;FND-002,ARQ-004;ARQ-010;ARQ-011;ARQ-012;ARQ-013;ARQ-017;ENG-002;ENG-004;ENG-005;ENG-006;ENG-007;ENG-008;ENG-009;ENG-010;ENG-011;ENG-012;ENG-013;ENG-014;ENG-015;ENG-016;ENG-017;ENG-018;ENG-019;ENG-020;ENG-021;ENG-022;ENG-023;ENG-024;ENG-025;ENG-027;ENG-028;ENG-029;ENG-030;ENG-031;ENG-032;ENG-034;ENG-035;ENG-036;ENG-037;ENG-038;ENG-039;ENG-040;ENG-041;ENG-042;ENG-043;ENG-044;ENG-045;ENG-046;ENG-047;ENG-048;ENG-049;ENG-050;ENG-051;ENG-052;ENG-053;ENG-054;ENG-055;ENG-056;ENG-057;ENG-061;ENG-062;ENG-063;ENG-064;ENG-065;ENG-066;ENG-067;ENG-068;ENG-069;ENG-070;ENG-071;ENG-072;ENG-073;ENG-074;ENG-075;ENG-076;ENG-077;ENG-078;ENG-079;ENG-080;ENG-081;ENG-082;ENG-083;ENG-084;ENG-085;ENG-086;ENG-087;ENG-088;ENG-089;ENG-090;ENG-091;ENG-092;ENG-093;ENG-094;ENG-095;ENG-096;ENG-097;ENG-098;ENG-099;ENG-100,Existe evidencia FND; FND prevalece en la cadena de autoridad.,NO,CANONICO_PRE_ID,MEF (Modular Enterprise Framework),,Autoridad FND directa; habilitado como entrada canónica preliminar.,CANONICO_PRE_ID
mef no,MEF no,MEF no,1,1,FND,1,FND-000,DEFINICION_EXPLICITA,1,CANDIDATO_CON_AUTORIDAD,NO,NO_ASIGNADO,AUTORIDAD_FND,FND-000,,Existe evidencia FND; FND prevalece en la cadena de autoridad.,NO,CANONICO_PRE_ID,MEF no,,Autoridad FND directa; habilitado como entrada canónica preliminar.,CANONICO_PRE_ID
mision,Misión,Misión,1,1,FND,1,FND-002,ENCABEZADO,0,CANDIDATO_CON_AUTORIDAD,NO,NO_ASIGNADO,AUTORIDAD_FND,FND-002,,Existe evidencia FND; FND prevalece en la cadena de autoridad.,NO,CANONICO_PRE_ID,Misión,,Autoridad FND directa; habilitado como entrada canónica preliminar.,CANONICO_PRE_ID
mision de mef,misión de MEF,misión de MEF,1,1,FND,1,FND-002,DEFINICION_EXPLICITA,1,CANDIDATO_CON_AUTORIDAD,NO,NO_ASIGNADO,AUTORIDAD_FND,FND-002,,Existe evidencia FND; FND prevalece en la cadena de autoridad.,NO,CANONICO_PRE_ID,misión de MEF,,Autoridad FND directa; habilitado como entrada canónica preliminar.,CANONICO_PRE_ID
modelo arquitectonico,Modelo Arquitectónico,Modelo Arquitectónico,1,4,ARQ,4,ARQ-011;ARQ-012;ARQ-013;ARQ-017,ENCABEZADO,0,CANDIDATO_CON_AUTORIDAD,NO,NO_ASIGNADO,AUTORIDAD_ARQ,ARQ-011;ARQ-012;ARQ-013;ARQ-017,,"No existe FND, pero sí evidencia ARQ; ARQ es la autoridad inmediata.",NO,CANONICO_PRE_ID,Modelo Arquitectónico,,Autoridad ARQ directa sin autoridad FND superior registrada; habilitado como entrada canónica preliminar.,CANONICO_PRE_ID
modelo de generacion,Modelo de Generación,Modelo de Generación,1,1,ARQ,1,ARQ-010,ENCABEZADO,0,CANDIDATO_CON_AUTORIDAD,NO,NO_ASIGNADO,AUTORIDAD_ARQ,ARQ-010,,"No existe FND, pero sí evidencia ARQ; ARQ es la autoridad inmediata.",NO,CANONICO_PRE_ID,Modelo de Generación,,Autoridad ARQ directa sin autoridad FND superior registrada; habilitado como entrada canónica preliminar.,CANONICO_PRE_ID
modul,Modules,/modules; Modules,2,5,ARQ;ENG,3,ARQ-004;ENG-001;ENG-006,CODIGO_INLINE;DEFINICION_EXPLICITA;ENCABEZADO;TERMINO_DESTACADO,1,CANDIDATO_CON_AUTORIDAD,NO,NO_ASIGNADO,AUTORIDAD_ARQ,ARQ-004,ENG-001;ENG-006,"No existe FND, pero sí evidencia ARQ; ARQ es la autoridad inmediata.",NO,CANONICO_PRE_ID,Modules,/modules,Autoridad ARQ directa sin autoridad FND superior registrada; habilitado como entrada canónica preliminar.,CANONICO_PRE_ID
modul de dominio,Modules de dominio,Modules de dominio,1,1,ARQ,1,ARQ-004,ENCABEZADO,0,CANDIDATO_CON_AUTORIDAD,NO,NO_ASIGNADO,AUTORIDAD_ARQ,ARQ-004,,"No existe FND, pero sí evidencia ARQ; ARQ es la autoridad inmediata.",NO,CANONICO_PRE_ID,Modules de dominio,,Autoridad ARQ directa sin autoridad FND superior registrada; habilitado como entrada canónica preliminar.,CANONICO_PRE_ID
modul de integracion,Modules de integración,Modules de integración,1,1,ARQ,1,ARQ-004,ENCABEZADO,0,CANDIDATO_CON_AUTORIDAD,NO,NO_ASIGNADO,AUTORIDAD_ARQ,ARQ-004,,"No existe FND, pero sí evidencia ARQ; ARQ es la autoridad inmediata.",NO,CANONICO_PRE_ID,Modules de integración,,Autoridad ARQ directa sin autoridad FND superior registrada; habilitado como entrada canónica preliminar.,CANONICO_PRE_ID
modul tecnico,Modules técnicos,Modules técnicos,1,1,ARQ,1,ARQ-004,ENCABEZADO,0,CANDIDATO_CON_AUTORIDAD,NO,NO_ASIGNADO,AUTORIDAD_ARQ,ARQ-004,,"No existe FND, pero sí evidencia ARQ; ARQ es la autoridad inmediata.",NO,CANONICO_PRE_ID,Modules técnicos,,Autoridad ARQ directa sin autoridad FND superior registrada; habilitado como entrada canónica preliminar.,CANONICO_PRE_ID
module,Module,Module,1,8,ARQ;ENG,5,ARQ-004;ENG-002;ENG-013;ENG-020;ENG-028,CODIGO_INLINE;ENCABEZADO;TERMINO_DESTACADO,0,CANDIDATO_CON_AUTORIDAD,NO,NO_ASIGNADO,AUTORIDAD_ARQ,ARQ-004,ENG-002;ENG-013;ENG-020;ENG-028,"No existe FND, pero sí evidencia ARQ; ARQ es la autoridad inmediata.",NO,CANONICO_PRE_ID,Module,,Autoridad ARQ directa sin autoridad FND superior registrada; habilitado como entrada canónica preliminar.,CANONICO_PRE_ID
module monolitico,Module monolítico,Module monolítico,1,1,ARQ,1,ARQ-004,ENCABEZADO,0,CANDIDATO_CON_AUTORIDAD,NO,NO_ASIGNADO,AUTORIDAD_ARQ,ARQ-004,,"No existe FND, pero sí evidencia ARQ; ARQ es la autoridad inmediata.",NO,CANONICO_PRE_ID,Module monolítico,,Autoridad ARQ directa sin autoridad FND superior registrada; habilitado como entrada canónica preliminar.,CANONICO_PRE_ID
motivacion,Motivación,Motivación,1,1,FND,1,FND-000,ENCABEZADO,0,CANDIDATO_CON_AUTORIDAD,NO,NO_ASIGNADO,AUTORIDAD_FND,FND-000,,Existe evidencia FND; FND prevalece en la cadena de autoridad.,NO,CANONICO_PRE_ID,Motivación,,Autoridad FND directa; habilitado como entrada canónica preliminar.,CANONICO_PRE_ID
no,No,No,1,27,ARQ;ENG,24,ARQ-013;ARQ-017;ENG-000;ENG-003;ENG-007;ENG-010;ENG-011;ENG-018;ENG-019;ENG-022;ENG-028;ENG-029;ENG-035;ENG-037;ENG-044;ENG-064;ENG-073;ENG-075;ENG-076;ENG-077;ENG-078;ENG-080;ENG-085;ENG-086,DEFINICION_EXPLICITA,27,CANDIDATO_CON_AUTORIDAD,NO,NO_ASIGNADO,AUTORIDAD_ARQ,ARQ-013;ARQ-017,ENG-000;ENG-003;ENG-007;ENG-010;ENG-011;ENG-018;ENG-019;ENG-022;ENG-028;ENG-029;ENG-035;ENG-037;ENG-044;ENG-064;ENG-073;ENG-075;ENG-076;ENG-077;ENG-078;ENG-080;ENG-085;ENG-086,"No existe FND, pero sí evidencia ARQ; ARQ es la autoridad inmediata.",NO,CANONICO_PRE_ID,No,,Autoridad ARQ directa sin autoridad FND superior registrada; habilitado como entrada canónica preliminar.,CANONICO_PRE_ID
no responsabilidad,No responsabilidades,No Responsabilidades; No responsabilidades,2,5,ARQ;ENG,5,ARQ-004;ARQ-011;ARQ-012;ARQ-013;ENG-003,ENCABEZADO,0,CANDIDATO_CON_AUTORIDAD,NO,NO_ASIGNADO,AUTORIDAD_ARQ,ARQ-004;ARQ-011;ARQ-012;ARQ-013,ENG-003,"No existe FND, pero sí evidencia ARQ; ARQ es la autoridad inmediata.",NO,CANONICO_PRE_ID,No responsabilidades,,Autoridad ARQ directa sin autoridad FND superior registrada; habilitado como entrada canónica preliminar.,CANONICO_PRE_ID
nuestra mision,Nuestra misión,Nuestra misión,1,1,FND,1,FND-002,ENCABEZADO,0,CANDIDATO_CON_AUTORIDAD,NO,NO_ASIGNADO,AUTORIDAD_FND,FND-002,,Existe evidencia FND; FND prevalece en la cadena de autoridad.,NO,CANONICO_PRE_ID,Nuestra misión,,Autoridad FND directa; habilitado como entrada canónica preliminar.,CANONICO_PRE_ID
objetivo,Objetivos,Objetivos,1,28,ARQ;ENG;FND,28,ARQ-004;ARQ-010;ARQ-011;ARQ-012;ARQ-013;ARQ-017;ENG-000;ENG-001;ENG-005;ENG-006;ENG-007;ENG-008;ENG-009;ENG-010;ENG-011;ENG-012;ENG-013;ENG-014;ENG-015;ENG-016;ENG-017;ENG-018;ENG-019;ENG-020;ENG-021;ENG-022;ENG-023;FND-000,ENCABEZADO,0,CANDIDATO_CON_AUTORIDAD,NO,NO_ASIGNADO,AUTORIDAD_FND,FND-000,ARQ-004;ARQ-010;ARQ-011;ARQ-012;ARQ-013;ARQ-017;ENG-000;ENG-001;ENG-005;ENG-006;ENG-007;ENG-008;ENG-009;ENG-010;ENG-011;ENG-012;ENG-013;ENG-014;ENG-015;ENG-016;ENG-017;ENG-018;ENG-019;ENG-020;ENG-021;ENG-022;ENG-023,Existe evidencia FND; FND prevalece en la cadena de autoridad.,NO,CANONICO_PRE_ID,Objetivos,,Autoridad FND directa; habilitado como entrada canónica preliminar.,CANONICO_PRE_ID
objetivo estrategico,Objetivos estratégicos,Objetivos estratégicos,1,1,FND,1,FND-001,ENCABEZADO,0,CANDIDATO_CON_AUTORIDAD,NO,NO_ASIGNADO,AUTORIDAD_FND,FND-001,,Existe evidencia FND; FND prevalece en la cadena de autoridad.,NO,CANONICO_PRE_ID,Objetivos estratégicos,,Autoridad FND directa; habilitado como entrada canónica preliminar.,CANONICO_PRE_ID
observabilidad,Observabilidad,Observabilidad,1,9,ARQ;ENG,9,ARQ-004;ARQ-010;ARQ-011;ARQ-012;ARQ-013;ARQ-017;ENG-000;ENG-002;ENG-008,ENCABEZADO,0,CANDIDATO_CON_AUTORIDAD,NO,NO_ASIGNADO,AUTORIDAD_ARQ,ARQ-004;ARQ-010;ARQ-011;ARQ-012;ARQ-013;ARQ-017,ENG-000;ENG-002;ENG-008,"No existe FND, pero sí evidencia ARQ; ARQ es la autoridad inmediata.",NO,CANONICO_PRE_ID,Observabilidad,,Autoridad ARQ directa sin autoridad FND superior registrada; habilitado como entrada canónica preliminar.,CANONICO_PRE_ID
package,Package,Package,1,7,ARQ;ENG,5,ARQ-017;ENG-002;ENG-013;ENG-014;ENG-028,CODIGO_INLINE;DEFINICION_EXPLICITA;ENCABEZADO;TABLA_COLUMNA_PRINCIPAL,2,CANDIDATO_CON_AUTORIDAD,NO,NO_ASIGNADO,AUTORIDAD_ARQ,ARQ-017,ENG-002;ENG-013;ENG-014;ENG-028,"No existe FND, pero sí evidencia ARQ; ARQ es la autoridad inmediata.",NO,CANONICO_PRE_ID,Package,,Autoridad ARQ directa sin autoridad FND superior registrada; habilitado como entrada canónica preliminar.,CANONICO_PRE_ID
packaging,Packaging,Packaging,1,3,ARQ;ENG,2,ARQ-017;ENG-006,DEFINICION_EXPLICITA;ENCABEZADO,1,CANDIDATO_CON_AUTORIDAD,NO,NO_ASIGNADO,AUTORIDAD_ARQ,ARQ-017,ENG-006,"No existe FND, pero sí evidencia ARQ; ARQ es la autoridad inmediata.",NO,CANONICO_PRE_ID,Packaging,,Autoridad ARQ directa sin autoridad FND superior registrada; habilitado como entrada canónica preliminar.,CANONICO_PRE_ID
paquete,paquete,paquete,1,1,ARQ,1,ARQ-017,DEFINICION_EXPLICITA,1,CANDIDATO_CON_AUTORIDAD,NO,NO_ASIGNADO,AUTORIDAD_ARQ,ARQ-017,,"No existe FND, pero sí evidencia ARQ; ARQ es la autoridad inmediata.",NO,CANONICO_PRE_ID,paquete,,Autoridad ARQ directa sin autoridad FND superior registrada; habilitado como entrada canónica preliminar.,CANONICO_PRE_ID
plantilla,Plantillas,Plantillas,1,1,ARQ,1,ARQ-010,ENCABEZADO,0,CANDIDATO_CON_AUTORIDAD,NO,NO_ASIGNADO,AUTORIDAD_ARQ,ARQ-010,,"No existe FND, pero sí evidencia ARQ; ARQ es la autoridad inmediata.",NO,CANONICO_PRE_ID,Plantillas,,Autoridad ARQ directa sin autoridad FND superior registrada; habilitado como entrada canónica preliminar.,CANONICO_PRE_ID
politica de configuracion,Políticas de Configuración,Políticas de Configuración,1,1,ARQ,1,ARQ-013,ENCABEZADO,0,CANDIDATO_CON_AUTORIDAD,NO,NO_ASIGNADO,AUTORIDAD_ARQ,ARQ-013,,"No existe FND, pero sí evidencia ARQ; ARQ es la autoridad inmediata.",NO,CANONICO_PRE_ID,Políticas de Configuración,,Autoridad ARQ directa sin autoridad FND superior registrada; habilitado como entrada canónica preliminar.,CANONICO_PRE_ID
principio de actuacion,Principios de actuación,Principios de actuación,1,1,FND,1,FND-002,ENCABEZADO,0,CANDIDATO_CON_AUTORIDAD,NO,NO_ASIGNADO,AUTORIDAD_FND,FND-002,,Existe evidencia FND; FND prevalece en la cadena de autoridad.,NO,CANONICO_PRE_ID,Principios de actuación,,Autoridad FND directa; habilitado como entrada canónica preliminar.,CANONICO_PRE_ID
principio de evolucion,Principios de evolución,Principios de evolución,1,1,FND,1,FND-001,ENCABEZADO,0,CANDIDATO_CON_AUTORIDAD,NO,NO_ASIGNADO,AUTORIDAD_FND,FND-001,,Existe evidencia FND; FND prevalece en la cadena de autoridad.,NO,CANONICO_PRE_ID,Principios de evolución,,Autoridad FND directa; habilitado como entrada canónica preliminar.,CANONICO_PRE_ID
principio fundamental,Principios fundamentales,Principios fundamentales,1,1,FND,1,FND-000,ENCABEZADO,0,CANDIDATO_CON_AUTORIDAD,NO,NO_ASIGNADO,AUTORIDAD_FND,FND-000,,Existe evidencia FND; FND prevalece en la cadena de autoridad.,NO,CANONICO_PRE_ID,Principios fundamentales,,Autoridad FND directa; habilitado como entrada canónica preliminar.,CANONICO_PRE_ID
prueba,Pruebas,Pruebas,1,3,ARQ;ENG,3,ARQ-004;ENG-000;ENG-002,ENCABEZADO;TABLA_COLUMNA_PRINCIPAL,0,CANDIDATO_CON_AUTORIDAD,NO,NO_ASIGNADO,AUTORIDAD_ARQ,ARQ-004,ENG-000;ENG-002,"No existe FND, pero sí evidencia ARQ; ARQ es la autoridad inmediata.",NO,CANONICO_PRE_ID,Pruebas,,Autoridad ARQ directa sin autoridad FND superior registrada; habilitado como entrada canónica preliminar.,CANONICO_PRE_ID
punto de extension,Puntos de extensión,Puntos de extensión,1,1,ARQ,1,ARQ-004,ENCABEZADO,0,CANDIDATO_CON_AUTORIDAD,NO,NO_ASIGNADO,AUTORIDAD_ARQ,ARQ-004,,"No existe FND, pero sí evidencia ARQ; ARQ es la autoridad inmediata.",NO,CANONICO_PRE_ID,Puntos de extensión,,Autoridad ARQ directa sin autoridad FND superior registrada; habilitado como entrada canónica preliminar.,CANONICO_PRE_ID
que,qué,qué,1,1,ARQ,1,ARQ-011,TERMINO_DESTACADO,0,CANDIDATO_CON_AUTORIDAD,NO,NO_ASIGNADO,AUTORIDAD_ARQ,ARQ-011,,"No existe FND, pero sí evidencia ARQ; ARQ es la autoridad inmediata.",NO,CANONICO_PRE_ID,qué,,Autoridad ARQ directa sin autoridad FND superior registrada; habilitado como entrada canónica preliminar.,CANONICO_PRE_ID
que es mef,¿Qué es MEF?,¿Qué es MEF?,1,1,FND,1,FND-000,ENCABEZADO,0,CANDIDATO_CON_AUTORIDAD,NO,NO_ASIGNADO,AUTORIDAD_FND,FND-000,,Existe evidencia FND; FND prevalece en la cadena de autoridad.,NO,CANONICO_PRE_ID,¿Qué es MEF?,,Autoridad FND directa; habilitado como entrada canónica preliminar.,CANONICO_PRE_ID
que necesitan,qué necesitan,qué necesitan,1,1,ARQ,1,ARQ-012,TERMINO_DESTACADO,0,CANDIDATO_CON_AUTORIDAD,NO,NO_ASIGNADO,AUTORIDAD_ARQ,ARQ-012,,"No existe FND, pero sí evidencia ARQ; ARQ es la autoridad inmediata.",NO,CANONICO_PRE_ID,qué necesitan,,Autoridad ARQ directa sin autoridad FND superior registrada; habilitado como entrada canónica preliminar.,CANONICO_PRE_ID
regla de diseno,Reglas de Diseño,Reglas de Diseño,1,1,ARQ,1,ARQ-011,ENCABEZADO,0,CANDIDATO_CON_AUTORIDAD,NO,NO_ASIGNADO,AUTORIDAD_ARQ,ARQ-011,,"No existe FND, pero sí evidencia ARQ; ARQ es la autoridad inmediata.",NO,CANONICO_PRE_ID,Reglas de Diseño,,Autoridad ARQ directa sin autoridad FND superior registrada; habilitado como entrada canónica preliminar.,CANONICO_PRE_ID
relacion con la vision,Relación con la Visión,Relación con la Visión,1,1,FND,1,FND-002,ENCABEZADO,0,CANDIDATO_CON_AUTORIDAD,NO,NO_ASIGNADO,AUTORIDAD_FND,FND-002,,Existe evidencia FND; FND prevalece en la cadena de autoridad.,NO,CANONICO_PRE_ID,Relación con la Visión,,Autoridad FND directa; habilitado como entrada canónica preliminar.,CANONICO_PRE_ID
relacion con otro component,Relación con otros componentes,Relación con otros Componentes; Relación con otros componentes,2,6,ARQ,6,ARQ-004;ARQ-010;ARQ-011;ARQ-012;ARQ-013;ARQ-017,ENCABEZADO,0,CANDIDATO_CON_AUTORIDAD,NO,NO_ASIGNADO,AUTORIDAD_ARQ,ARQ-004;ARQ-010;ARQ-011;ARQ-012;ARQ-013;ARQ-017,,"No existe FND, pero sí evidencia ARQ; ARQ es la autoridad inmediata.",NO,CANONICO_PRE_ID,Relación con otros componentes,,Autoridad ARQ directa sin autoridad FND superior registrada; habilitado como entrada canónica preliminar.,CANONICO_PRE_ID
resolucion,Resolución,Resolución,1,2,ARQ,2,ARQ-011;ARQ-012,ENCABEZADO,0,CANDIDATO_CON_AUTORIDAD,NO,NO_ASIGNADO,AUTORIDAD_ARQ,ARQ-011;ARQ-012,,"No existe FND, pero sí evidencia ARQ; ARQ es la autoridad inmediata.",NO,CANONICO_PRE_ID,Resolución,,Autoridad ARQ directa sin autoridad FND superior registrada; habilitado como entrada canónica preliminar.,CANONICO_PRE_ID
riesgo arquitectonico,Riesgos Arquitectónicos,Riesgos Arquitectónicos; Riesgos arquitectónicos,2,6,ARQ,6,ARQ-004;ARQ-010;ARQ-011;ARQ-012;ARQ-013;ARQ-017,ENCABEZADO,0,CANDIDATO_CON_AUTORIDAD,NO,NO_ASIGNADO,AUTORIDAD_ARQ,ARQ-004;ARQ-010;ARQ-011;ARQ-012;ARQ-013;ARQ-017,,"No existe FND, pero sí evidencia ARQ; ARQ es la autoridad inmediata.",NO,CANONICO_PRE_ID,Riesgos Arquitectónicos,,Autoridad ARQ directa sin autoridad FND superior registrada; habilitado como entrada canónica preliminar.,CANONICO_PRE_ID
sale,Sales,Sales,1,1,ARQ,1,ARQ-004,CODIGO_INLINE,0,CANDIDATO_CON_AUTORIDAD,NO,NO_ASIGNADO,AUTORIDAD_ARQ,ARQ-004,,"No existe FND, pero sí evidencia ARQ; ARQ es la autoridad inmediata.",NO,CANONICO_PRE_ID,Sales,,Autoridad ARQ directa sin autoridad FND superior registrada; habilitado como entrada canónica preliminar.,CANONICO_PRE_ID
seguridad,Seguridad,Seguridad,1,3,ARQ;ENG,3,ARQ-004;ENG-002;ENG-003,ENCABEZADO,0,CANDIDATO_CON_AUTORIDAD,NO,NO_ASIGNADO,AUTORIDAD_ARQ,ARQ-004,ENG-002;ENG-003,"No existe FND, pero sí evidencia ARQ; ARQ es la autoridad inmediata.",NO,CANONICO_PRE_ID,Seguridad,,Autoridad ARQ directa sin autoridad FND superior registrada; habilitado como entrada canónica preliminar.,CANONICO_PRE_ID
su proposito,Su propósito,Su propósito,1,9,ARQ;ENG;FND,9,ARQ-010;ARQ-011;ARQ-012;ARQ-013;ARQ-017;ENG-003;ENG-006;FND-000;FND-001,DEFINICION_EXPLICITA,9,CANDIDATO_CON_AUTORIDAD,NO,NO_ASIGNADO,AUTORIDAD_FND,FND-000;FND-001,ARQ-010;ARQ-011;ARQ-012;ARQ-013;ARQ-017;ENG-003;ENG-006,Existe evidencia FND; FND prevalece en la cadena de autoridad.,NO,CANONICO_PRE_ID,Su propósito,,Autoridad FND directa; habilitado como entrada canónica preliminar.,CANONICO_PRE_ID
su responsabilidad,Su responsabilidad,Su responsabilidad,1,1,ARQ,1,ARQ-010,DEFINICION_EXPLICITA,1,CANDIDATO_CON_AUTORIDAD,NO,NO_ASIGNADO,AUTORIDAD_ARQ,ARQ-010,,"No existe FND, pero sí evidencia ARQ; ARQ es la autoridad inmediata.",NO,CANONICO_PRE_ID,Su responsabilidad,,Autoridad ARQ directa sin autoridad FND superior registrada; habilitado como entrada canónica preliminar.,CANONICO_PRE_ID
sustitucion,Sustitución,Sustitución,1,1,ARQ,1,ARQ-012,ENCABEZADO,0,CANDIDATO_CON_AUTORIDAD,NO,NO_ASIGNADO,AUTORIDAD_ARQ,ARQ-012,,"No existe FND, pero sí evidencia ARQ; ARQ es la autoridad inmediata.",NO,CANONICO_PRE_ID,Sustitución,,Autoridad ARQ directa sin autoridad FND superior registrada; habilitado como entrada canónica preliminar.,CANONICO_PRE_ID
template engine,Template Engine,Template Engine,1,4,ARQ,1,ARQ-010,DEFINICION_EXPLICITA;ENCABEZADO;TERMINO_DESTACADO,2,CANDIDATO_CON_AUTORIDAD,NO,NO_ASIGNADO,AUTORIDAD_ARQ,ARQ-010,,"No existe FND, pero sí evidencia ARQ; ARQ es la autoridad inmediata.",NO,CANONICO_PRE_ID,Template Engine,,Autoridad ARQ directa sin autoridad FND superior registrada; habilitado como entrada canónica preliminar.,CANONICO_PRE_ID
tipo de configuracion,Tipos de Configuración,Tipos de Configuración,1,1,ARQ,1,ARQ-013,ENCABEZADO,0,CANDIDATO_CON_AUTORIDAD,NO,NO_ASIGNADO,AUTORIDAD_ARQ,ARQ-013,,"No existe FND, pero sí evidencia ARQ; ARQ es la autoridad inmediata.",NO,CANONICO_PRE_ID,Tipos de Configuración,,Autoridad ARQ directa sin autoridad FND superior registrada; habilitado como entrada canónica preliminar.,CANONICO_PRE_ID
tipologia oficial,Tipología Oficial,Tipología Oficial,1,1,ARQ,1,ARQ-011,ENCABEZADO,0,CANDIDATO_CON_AUTORIDAD,NO,NO_ASIGNADO,AUTORIDAD_ARQ,ARQ-011,,"No existe FND, pero sí evidencia ARQ; ARQ es la autoridad inmediata.",NO,CANONICO_PRE_ID,Tipología Oficial,,Autoridad ARQ directa sin autoridad FND superior registrada; habilitado como entrada canónica preliminar.,CANONICO_PRE_ID
un contract,Un Contract,Un Contract,1,3,ARQ;ENG,2,ARQ-011;ENG-021,DEFINICION_EXPLICITA,3,CANDIDATO_CON_AUTORIDAD,NO,NO_ASIGNADO,AUTORIDAD_ARQ,ARQ-011,ENG-021,"No existe FND, pero sí evidencia ARQ; ARQ es la autoridad inmediata.",NO,CANONICO_PRE_ID,Un Contract,,Autoridad ARQ directa sin autoridad FND superior registrada; habilitado como entrada canónica preliminar.,CANONICO_PRE_ID
un module,Un Module,Un Module,1,7,ARQ;ENG,4,ARQ-004;ENG-002;ENG-013;ENG-028,DEFINICION_EXPLICITA,7,CANDIDATO_CON_AUTORIDAD,NO,NO_ASIGNADO,AUTORIDAD_ARQ,ARQ-004,ENG-002;ENG-013;ENG-028,"No existe FND, pero sí evidencia ARQ; ARQ es la autoridad inmediata.",NO,CANONICO_PRE_ID,Un Module,,Autoridad ARQ directa sin autoridad FND superior registrada; habilitado como entrada canónica preliminar.,CANONICO_PRE_ID
validacion,Validación,Validación,1,7,ARQ;ENG,7,ARQ-010;ARQ-013;ENG-000;ENG-001;ENG-002;ENG-005;ENG-011,ENCABEZADO,0,CANDIDATO_CON_AUTORIDAD,NO,NO_ASIGNADO,AUTORIDAD_ARQ,ARQ-010;ARQ-013,ENG-000;ENG-001;ENG-002;ENG-005;ENG-011,"No existe FND, pero sí evidencia ARQ; ARQ es la autoridad inmediata.",NO,CANONICO_PRE_ID,Validación,,Autoridad ARQ directa sin autoridad FND superior registrada; habilitado como entrada canónica preliminar.,CANONICO_PRE_ID
variabl,Variables,Variables,1,2,ARQ;ENG,2,ARQ-010;ENG-005,ENCABEZADO;TABLA_COLUMNA_PRINCIPAL,0,CANDIDATO_CON_AUTORIDAD,NO,NO_ASIGNADO,AUTORIDAD_ARQ,ARQ-010,ENG-005,"No existe FND, pero sí evidencia ARQ; ARQ es la autoridad inmediata.",NO,CANONICO_PRE_ID,Variables,,Autoridad ARQ directa sin autoridad FND superior registrada; habilitado como entrada canónica preliminar.,CANONICO_PRE_ID
versionado,Versionado,Versionado,1,6,ARQ;ENG,5,ARQ-004;ARQ-011;ARQ-013;ARQ-017;ENG-014,ENCABEZADO;TERMINO_DESTACADO,0,CANDIDATO_CON_AUTORIDAD,NO,NO_ASIGNADO,AUTORIDAD_ARQ,ARQ-004;ARQ-011;ARQ-013;ARQ-017,ENG-014,"No existe FND, pero sí evidencia ARQ; ARQ es la autoridad inmediata.",NO,CANONICO_PRE_ID,Versionado,,Autoridad ARQ directa sin autoridad FND superior registrada; habilitado como entrada canónica preliminar.,CANONICO_PRE_ID
vision,Visión,Visión,1,1,FND,1,FND-001,ENCABEZADO,0,CANDIDATO_CON_AUTORIDAD,NO,NO_ASIGNADO,AUTORIDAD_FND,FND-001,,Existe evidencia FND; FND prevalece en la cadena de autoridad.,NO,CANONICO_PRE_ID,Visión,,Autoridad FND directa; habilitado como entrada canónica preliminar.,CANONICO_PRE_ID
vision de mef,visión de MEF,visión de MEF,1,1,FND,1,FND-001,DEFINICION_EXPLICITA,1,CANDIDATO_CON_AUTORIDAD,NO,NO_ASIGNADO,AUTORIDAD_FND,FND-001,,Existe evidencia FND; FND prevalece en la cadena de autoridad.,NO,CANONICO_PRE_ID,visión de MEF,,Autoridad FND directa; habilitado como entrada canónica preliminar.,CANONICO_PRE_ID
