"Decision","Motivo","Archivo","Bytes"
"ARCHIVE","Evidencia histórica / auditoría cerrada","docs\02-INGENIERIA\AUDITORIA\AUDITORIA_FASE_1_INVENTARIO_ENG_000_100.md","3998"
"ARCHIVE","Evidencia histórica / auditoría cerrada","docs\02-INGENIERIA\AUDITORIA\AUDITORIA_FASE_10_CIERRE_FORMAL_02_INGENIERIA.md","11957"
"ARCHIVE","Evidencia histórica / auditoría cerrada","docs\02-INGENIERIA\AUDITORIA\AUDITORIA_FASE_2_ENG_000_100.md","17273"
"ARCHIVE","Evidencia histórica / auditoría cerrada","docs\02-INGENIERIA\AUDITORIA\AUDITORIA_FASE_3_DEPENDENCIAS_RELACIONADOS_ENG_000_100.md","9921"
"ARCHIVE","Evidencia histórica / auditoría cerrada","docs\02-INGENIERIA\AUDITORIA\AUDITORIA_FASE_4_FRONTERAS_AUTORIDAD_CONCEPTUAL_ENG_000_100.md","14449"
"ARCHIVE","Evidencia histórica / auditoría cerrada","docs\02-INGENIERIA\AUDITORIA\AUDITORIA_FASE_5_INVARIANTES_EI_CONTINUIDAD_GLOBAL_ENG_000_100.md","8587"
"ARCHIVE","Evidencia histórica / auditoría cerrada","docs\02-INGENIERIA\AUDITORIA\AUDITORIA_FASE_6_ESTRUCTURA_NORMATIVA_INTERNA_ENG_000_100.md","6818"
"ARCHIVE","Evidencia histórica / auditoría cerrada","docs\02-INGENIERIA\AUDITORIA\AUDITORIA_FASE_7_COHERENCIA_ARQUITECTONICA_GLOBAL_ENG_000_100.md","10693"
"ARCHIVE","Evidencia histórica / auditoría cerrada","docs\02-INGENIERIA\AUDITORIA\AUDITORIA_FASE_8_CORRECCIONES_CONTROLADAS.md","1930"
"ARCHIVE","Evidencia histórica / auditoría cerrada","docs\02-INGENIERIA\AUDITORIA\AUDITORIA_FASE_9_1A_COMPARATIVA_FORMATO_ENG_090_100.md","10547"
"ARCHIVE","Evidencia histórica / auditoría cerrada","docs\02-INGENIERIA\AUDITORIA\AUDITORIA_FASE_9_1B_RESTAURACION_FUSION_CANONICA_ENG_094_100.md","2580"
"ARCHIVE","Evidencia histórica / auditoría cerrada","docs\02-INGENIERIA\AUDITORIA\AUDITORIA_FASE_9_1C_VALIDACION_CANONICOS_ENG_094_100.md","3678"
"ARCHIVE","Evidencia histórica / auditoría cerrada","docs\02-INGENIERIA\AUDITORIA\AUDITORIA_FASE_9_REAUDITORIA_INTEGRAL_ENG_000_100.md","4369"
"ARCHIVE","Evidencia histórica / auditoría cerrada","docs\DICCIONARIO\AUDITORIA\AUDITORIA_FASE_1_INVENTARIO_ALCANCE_DICCIONARIO.md","9015"
"ARCHIVE","Evidencia histórica / auditoría cerrada","docs\DICCIONARIO\AUDITORIA\AUDITORIA_FASE_2_IDENTIDAD_FORMATO_METADATOS_DICCIONARIO.md","12831"
"ARCHIVE","Evidencia histórica / auditoría cerrada","docs\DICCIONARIO\AUDITORIA\AUDITORIA_FASE_3_REFERENCIAS_TRAZABILIDAD_AUTORIDAD_TERMINOLOGICA.md","16706"
"ARCHIVE","Evidencia histórica / auditoría cerrada","docs\DICCIONARIO\AUDITORIA\AUDITORIA_FASE_4_FRONTERAS_SOLAPAMIENTOS_UNICIDAD_SEMANTICA_DICCIONARIO.md","21191"
"ARCHIVE","Evidencia histórica / auditoría cerrada","docs\DICCIONARIO\AUDITORIA\AUDITORIA_FASE_5_CONSISTENCIA_TERMINOLOGICA_NOMENCLATURA_GLOBAL_DICCIONARIO.md","18060"
"ARCHIVE","Evidencia histórica / auditoría cerrada","docs\DICCIONARIO\AUDITORIA\AUDITORIA_FASE_6_COBERTURA_COMPLETITUD_ESTRUCTURA_TERMINOLOGICA_DICCIONARIO.md","10121"
"ARCHIVE","Evidencia histórica / auditoría cerrada","docs\DICCIONARIO\AUDITORIA\AUDITORIA_FASE_7_TAXONOMIA_CATEGORIAS_ESTADOS_RELACIONES_DICCIONARIO.md","17185"
"ARCHIVE","Evidencia histórica / auditoría cerrada","docs\DICCIONARIO\AUDITORIA\AUDITORIA_FASE_8_COHERENCIA_NORMATIVA_GLOBAL_DICCIONARIO.md","18784"
"ARCHIVE","Evidencia histórica / auditoría cerrada","docs\DICCIONARIO\AUDITORIA\AUDITORIA_FASE_9_CORRECCIONES_CONTROLADAS_Y_NORMALIZACIÓN_CANÓNICA_DEL_DICCIONARIO.md","8896"
"ARCHIVE","Evidencia histórica / auditoría cerrada","docs\DICCIONARIO\V2\AUDITORIA\AUDITORIA_FASE_9_1_CONTRATO_CANONICO.md","8671"
"ARCHIVE","Evidencia histórica / auditoría cerrada","docs\DICCIONARIO\V2\AUDITORIA\AUDITORIA_FASE_9_2_INVENTARIO_AUTORIDADES.md","5640"
"ARCHIVE","Evidencia histórica / auditoría cerrada","docs\DICCIONARIO\V2\AUDITORIA\AUDITORIA_FASE_9_3_1_METODO_EXTRACCION_CONTROLADA.md","4688"
"ARCHIVE","Evidencia histórica / auditoría cerrada","docs\DICCIONARIO\V2\AUDITORIA\AUDITORIA_FASE_9_3_10_VALIDACION_SEMANTICA_21_ENG.csv","3298"
"ARCHIVE","Evidencia histórica / auditoría cerrada","docs\DICCIONARIO\V2\AUDITORIA\AUDITORIA_FASE_9_3_10_VALIDACION_SEMANTICA_DE_ENG_CONTRA_FND+ARQ.md","5500"
"ARCHIVE","Evidencia histórica / auditoría cerrada","docs\DICCIONARIO\V2\AUDITORIA\AUDITORIA_FASE_9_3_11_RESOLUCION_NORMATIVA_21_ENG.csv","6040"
"ARCHIVE","Evidencia histórica / auditoría cerrada","docs\DICCIONARIO\V2\AUDITORIA\AUDITORIA_FASE_9_3_11_RESOLUCION_NORMATIVA_21_ENG.md","4382"
"ARCHIVE","Evidencia histórica / auditoría cerrada","docs\DICCIONARIO\V2\AUDITORIA\AUDITORÍA_FASE_9_3_12_CIERRE_TRANSVERSAL_FND→ARQ→ENG.md","6451"
"ARCHIVE","Evidencia histórica / auditoría cerrada","docs\DICCIONARIO\V2\AUDITORIA\AUDITORÍA_FASE_9_3_12_CIERRE_TRANSVERSALl.csv","1167"
"ARCHIVE","Evidencia histórica / auditoría cerrada","docs\DICCIONARIO\V2\AUDITORIA\AUDITORIA_FASE_9_3_2_ESQUEMA_CANDIDATOS.md","3741"
"ARCHIVE","Evidencia histórica / auditoría cerrada","docs\DICCIONARIO\V2\AUDITORIA\AUDITORIA_FASE_9_3_3_EXTRACCION_CONTROLADA_FND.md","4063"
"ARCHIVE","Evidencia histórica / auditoría cerrada","docs\DICCIONARIO\V2\AUDITORIA\AUDITORIA_FASE_9_3_4_REVISION_CANDIDATOS_FND.md","4768"
"ARCHIVE","Evidencia histórica / auditoría cerrada","docs\DICCIONARIO\V2\AUDITORIA\AUDITORIA_FASE_9_3_5_VALIDACION_SEMANTICA_FND.md","7030"
"ARCHIVE","Evidencia histórica / auditoría cerrada","docs\DICCIONARIO\V2\AUDITORIA\AUDITORIA_FASE_9_3_6_EXTRACCION_CONTROLADA_ARQ.md","35573"
"ARCHIVE","Evidencia histórica / auditoría cerrada","docs\DICCIONARIO\V2\AUDITORIA\AUDITORIA_FASE_9_3_7_DEPURACION_VALIDACION_SEMANTICA_ARQ.md","14123"
"ARCHIVE","Evidencia histórica / auditoría cerrada","docs\DICCIONARIO\V2\AUDITORIA\AUDITORIA_FASE_9_3_8_CONSILIDACION_FND_+_ARQ_Y_PREPARACION_EXTRACCION_ENG.md","6627"
"ARCHIVE","Evidencia histórica / auditoría cerrada","docs\DICCIONARIO\V2\AUDITORIA\AUDITORIA_FASE_9_3_9_ENG_CROSSWALK.csv","11312"
"ARCHIVE","Evidencia histórica / auditoría cerrada","docs\DICCIONARIO\V2\AUDITORIA\AUDITORIA_FASE_9_3_9_EXTRACCIÓN_ENG_Y_CONTRASTE_ TRANSVERSAL_CONTRA_BASELINE FND+ARQ.md","7284"
"ARCHIVE","Evidencia histórica / auditoría cerrada","docs\DICCIONARIO\V2\AUDITORIA\AUDITORIA_FASE_9_4_1_ELEGIBILIDAD_CANDIDATOS_MEF-DIC.csv","5124"
"ARCHIVE","Evidencia histórica / auditoría cerrada","docs\DICCIONARIO\V2\AUDITORIA\AUDITORIA_FASE_9_4_1_INVENTARIO_CONSOLIDADO_FUENTES.csv","72145"
"ARCHIVE","Evidencia histórica / auditoría cerrada","docs\DICCIONARIO\V2\AUDITORIA\AUDITORIA_FASE_9_4_1_INVENTARIO_CONSOLIDADO_Y_ELEGIBILIDAD_CANONIZACION_MEF-DIC_FINAL.md","4778"
"ARCHIVE","Evidencia histórica / auditoría cerrada","docs\DICCIONARIO\V2\AUDITORIA\AUDITORIA_FASE_9_4_1_INVENTARIO_CONSOLIDADO_Y_ELEGIBILIDAD_PARA_CANONIZACION_MEF-DIC.md","5353"
"ARCHIVE","Evidencia histórica / auditoría cerrada","docs\DICCIONARIO\V2\AUDITORIA\AUDITORIA_FASE_9_4_2_DECISION_CANONICA_DE_CANDIDATOS_MEF-DIC.csv","2266"
"ARCHIVE","Evidencia histórica / auditoría cerrada","docs\DICCIONARIO\V2\AUDITORIA\AUDITORIA_FASE_9_4_2_DECISION_CANONICA_DE_CANDIDATOS_MEF-DIC.md","5254"
"ARCHIVE","Evidencia histórica / auditoría cerrada","docs\DICCIONARIO\V2\CATALOGO\ARQ_SIN_EVIDENCIA_PATRONES.txt","7085"
"ARCHIVE","Evidencia histórica / auditoría cerrada","docs\DICCIONARIO\V2\CATALOGO\CANDIDATOS_ARQ.csv","3371"
"ARCHIVE","Evidencia histórica / auditoría cerrada","docs\DICCIONARIO\V2\CATALOGO\CANDIDATOS_ARQ_SIN_CUERPO.csv","1785"
"ARCHIVE","Evidencia histórica / auditoría cerrada","docs\DICCIONARIO\V2\CATALOGO\CANDIDATOS_FND.csv","8998"
"ARCHIVE","Evidencia histórica / auditoría cerrada","docs\DICCIONARIO\V2\CATALOGO\COBERTURA_TRANSVERSAL_ARQ_SIN_CUERPO.csv","363"
"ARCHIVE","Evidencia histórica / auditoría cerrada","docs\DICCIONARIO\V2\CATALOGO\EVIDENCIA_CONCEPTOS_FND.txt","45503"
"ARCHIVE","Evidencia histórica / auditoría cerrada","docs\DICCIONARIO\V2\CATALOGO\EVIDENCIA_SEMANTICA_ARQ.txt","22819"
"ARCHIVE","Evidencia histórica / auditoría cerrada","docs\DICCIONARIO\V2\CATALOGO\EVIDENCIA_TRANSVERSAL_ARQ_SIN_CUERPO.txt","81666"
"ARCHIVE","Evidencia histórica / auditoría cerrada","docs\DICCIONARIO\V2\CATALOGO\REVISION_CANDIDATOS_ARQ.csv","4006"
"ARCHIVE","Evidencia histórica / auditoría cerrada","docs\DICCIONARIO\V2\CATALOGO\REVISION_CANDIDATOS_FND.csv","8291"
"ARCHIVE","Evidencia histórica / auditoría cerrada","docs\DICCIONARIO\V2\FUENTES\FUENTES_CANONICAS.csv","16806"
"ARCHIVE","Evidencia histórica / auditoría cerrada","docs\DICCIONARIO\V2\README.md","1052"
"ARCHIVE","Evidencia histórica / auditoría cerrada","docs\DICCIONARIO\V3\FASE_10.1_CONTROLES_INTEGRIDAD_FUENTES_V3_FINAL.csv","182"
"ARCHIVE","Evidencia histórica / auditoría cerrada","docs\DICCIONARIO\V3\FASE_10.1_INVENTARIO_FUENTE_LIMPIO_FINAL.md","2383"
"ARCHIVE","Evidencia histórica / auditoría cerrada","docs\DICCIONARIO\V3\FASE_10.1_MANIFEST_FUENTES_V3_FINAL.csv","24305"
"ARCHIVE","Evidencia histórica / auditoría cerrada","docs\DICCIONARIO\V3\FASE_10.2_CANDIDATOS_BRUTOS_V3.csv","5307311"
"ARCHIVE","Evidencia histórica / auditoría cerrada","docs\DICCIONARIO\V3\FASE_10.2_COBERTURA_EXTRACCION_V3.csv","16340"
"ARCHIVE","Evidencia histórica / auditoría cerrada","docs\DICCIONARIO\V3\FASE_10.2_EXTRACCION_TERMINOLOGICA_COMPLETA.md","3835"
"ARCHIVE","Evidencia histórica / auditoría cerrada","docs\DICCIONARIO\V3\FASE_10.3_CANDIDATOS_NORMALIZADOS_V3.csv","2320242"
"ARCHIVE","Evidencia histórica / auditoría cerrada","docs\DICCIONARIO\V3\FASE_10.3_CANDIDATOS_PARA_RESOLUCION_AUTORIDAD_V3.csv","233236"
"ARCHIVE","Evidencia histórica / auditoría cerrada","docs\DICCIONARIO\V3\FASE_10.3_NORMALIZACION_Y_DEDUPLICACION.md","3512"
"ARCHIVE","Evidencia histórica / auditoría cerrada","docs\DICCIONARIO\V3\FASE_10.3_RUIDO_DESCARTADO_V3.csv","132419"
"ARCHIVE","Evidencia histórica / auditoría cerrada","docs\DICCIONARIO\V3\FASE_10.3_VARIANTES_Y_ALIASES_PROVISIONALES_V3.csv","32937"
"ARCHIVE","Evidencia histórica / auditoría cerrada","docs\DICCIONARIO\V3\FASE_10.4_CANDIDATOS_AUTORIDAD_INSUFICIENTE_V3.csv","304"
"ARCHIVE","Evidencia histórica / auditoría cerrada","docs\DICCIONARIO\V3\FASE_10.4_CANDIDATOS_HABILITADOS_CATALOGO_V3.csv","431816"
"ARCHIVE","Evidencia histórica / auditoría cerrada","docs\DICCIONARIO\V3\FASE_10.4_MATRIZ_AUTORIDAD_V3.csv","431816"
"ARCHIVE","Evidencia histórica / auditoría cerrada","docs\DICCIONARIO\V3\FASE_10.4_RESOLUCION_DE_AUTORIDAD.md","2801"
"ARCHIVE","Evidencia histórica / auditoría cerrada","docs\DICCIONARIO\V3\FASE_10.5_CATALOGO_CANONICO_V3_PRE_ID.csv","82462"
"ARCHIVE","Evidencia histórica / auditoría cerrada","docs\DICCIONARIO\V3\FASE_10.5_CONSTRUCCION_DEL_CATALOGO_CANONICO.md","3610"
"ARCHIVE","Evidencia histórica / auditoría cerrada","docs\DICCIONARIO\V3\FASE_10.5_DECISIONES_CATALOGO_V3.csv","666545"
"ARCHIVE","Evidencia histórica / auditoría cerrada","docs\DICCIONARIO\V3\FASE_10.5_DIFERIDOS_ENG_ONLY_V3.csv","584478"
"ARCHIVE","Evidencia histórica / auditoría cerrada","docs\DICCIONARIO\V3\FASE_10.5_RECHAZADOS_V3.csv","395"
"ARCHIVE","Evidencia histórica / auditoría cerrada","docs\DICCIONARIO\V3\FASE_10.6_IDENTIDADES_LEGACY_0001_0070.csv","8649"
"ARCHIVE","Evidencia histórica / auditoría cerrada","docs\DICCIONARIO\V3\FASE_10.6_MANIFEST_CIERRE_V3_FINAL.csv","525"
"ARCHIVE","Evidencia histórica / auditoría cerrada","docs\DICCIONARIO\V3\FASE_10.6_MAPEO_LEGACY_A_V3.csv","19510"
"ARCHIVE","Evidencia histórica / auditoría cerrada","docs\DICCIONARIO\V3\FASE_11.1_COBERTURA_POR_FUENTE.csv","16334"
"ARCHIVE","Evidencia histórica / auditoría cerrada","docs\DICCIONARIO\V3\FASE_11.1_CONTROLES_INTEGRIDAD.csv","238"
"ARCHIVE","Evidencia histórica / auditoría cerrada","docs\DICCIONARIO\V3\FASE_11.2_CONTROLES_INTEGRIDAD.csv","199"
"ARCHIVE","Evidencia histórica / auditoría cerrada","docs\DICCIONARIO\V3\FASE_11.2_NO_CONFORMIDADES_TERMINOLOGICAS.csv","1610366"
"ARCHIVE","Evidencia histórica / auditoría cerrada","docs\DICCIONARIO\V3\FASE_11.2_RESUMEN_NO_CONFORMIDADES_POR_CONCEPTO.csv","11428"
"ARCHIVE","Evidencia histórica / auditoría cerrada","docs\DICCIONARIO\V3\FASE_11.3_CONTROLES_INTEGRIDAD.csv","264"
"ARCHIVE","Evidencia histórica / auditoría cerrada","docs\DICCIONARIO\V3\FASE_11.3_ENG_ONLY_MANTENIDOS_DIFERIDOS.csv","167319"
"ARCHIVE","Evidencia histórica / auditoría cerrada","docs\DICCIONARIO\V3\FASE_11.3_RESUMEN_ALIASES_POR_CONCEPTO.csv","11695"
"ARCHIVE","Evidencia histórica / auditoría cerrada","docs\DICCIONARIO\V3\FASE_11.4_CONTROLES_INTEGRIDAD.csv","297"
"ARCHIVE","Evidencia histórica / auditoría cerrada","docs\DICCIONARIO\V3\FASE_11.4_TRAZABILIDAD_CONCEPTO_A_FUENTES.csv","32814"
"ARCHIVE","Evidencia histórica / auditoría cerrada","docs\DICCIONARIO\V3\FASE_11.4_TRAZABILIDAD_FUENTE_A_CONCEPTOS.csv","48836"
"ARCHIVE","Evidencia histórica / auditoría cerrada","docs\DICCIONARIO\V3\FASE_11.4_VALIDACION_VINCULACION_ALIASES.csv","574"
"ARCHIVE","Evidencia histórica / auditoría cerrada","docs\DICCIONARIO\V3\FASE_11.5_CONTROLES_INTEGRIDAD.csv","421"
"ARCHIVE","Evidencia histórica / auditoría cerrada","docs\DICCIONARIO\V3\FASE_11.5_HALLAZGOS_TRANSVERSALES.csv","34743"
"ARCHIVE","Evidencia histórica / auditoría cerrada","docs\DICCIONARIO\V3\FASE_11.5_VALIDACION_JERARQUIA_VINCULOS.csv","577096"
"ARCHIVE","Evidencia histórica / auditoría cerrada","docs\DICCIONARIO\V3\FASE_11.6_CONTROLES_CIERRE_INTEGRACION_NORMATIVA.csv","695"
"ARCHIVE","Evidencia histórica / auditoría cerrada","docs\DICCIONARIO\V3\FASE_11.6_CONTROLES_CONSOLIDADOS_11_1_A_11_5.csv","1483"
"ARCHIVE","Evidencia histórica / auditoría cerrada","docs\DICCIONARIO\V3\FASE_11.6_MANIFEST_ARTEFACTOS_FASE_11.csv","2988"
"ARCHIVE","Evidencia histórica / auditoría cerrada","docs\DICCIONARIO\V3\FASE_11_2_DETECCION_DE_NO_CONFORMIDADES_TERMINOLOGICAS.md","2308"
"ARCHIVE","Evidencia histórica / auditoría cerrada","docs\DICCIONARIO\V3\FASE_11_3_RESOLUCION_DE_ALIASES_Y_DENOMINACIONES_HISTORICAS.md","2145"
"ARCHIVE","Evidencia histórica / auditoría cerrada","docs\DICCIONARIO\V3\FASE_11_5_VALIDACION_TRANSVERSAL_FND_ARQ_ENG.md","2180"
"ARCHIVE","Evidencia histórica / auditoría cerrada","docs\RECONSTRUCCION\S1.4.2.1_AUDITORIA_MODELO_IDENTIDAD_ROLES_AUTORIZACION.md","11270"
"ARCHIVE","Evidencia histórica / auditoría cerrada","docs\SANEAMIENTO\S1.3.9.1_AUDITORIA_ARQUITECTURA_CORE_ERP_MODULES.md","3120"
"KEEP","Infraestructura base Laravel","app\Providers\AppServiceProvider.php","361"
"KEEP","Infraestructura base Laravel","artisan","425"
"KEEP","Infraestructura base Laravel","bootstrap\app.php","601"
"KEEP","Infraestructura base Laravel","bootstrap\cache\.gitignore","14"
"KEEP","Infraestructura base Laravel","bootstrap\cache\pacE279.tmp","1092"
"KEEP","Infraestructura base Laravel","bootstrap\cache\packages.php","957"
"KEEP","Infraestructura base Laravel","bootstrap\cache\services.php","22967"
"KEEP","Infraestructura base Laravel","bootstrap\providers.php","148"
"KEEP","Infraestructura base Laravel","composer.json","2484"
"KEEP","Infraestructura base Laravel","composer.lock","311122"
"KEEP","Infraestructura base Laravel","config\app.php","4272"
"KEEP","Infraestructura base Laravel","config\auth.php","4029"
"KEEP","Infraestructura base Laravel","config\cache.php","3480"
"KEEP","Infraestructura base Laravel","config\database.php","6850"
"KEEP","Infraestructura base Laravel","config\erp.php","266"
"KEEP","Infraestructura base Laravel","config\filesystems.php","2500"
"KEEP","Infraestructura base Laravel","config\logging.php","4327"
"KEEP","Infraestructura base Laravel","config\mail.php","3614"
"KEEP","Infraestructura base Laravel","config\queue.php","3824"
"KEEP","Infraestructura base Laravel","config\services.php","1035"
"KEEP","Infraestructura base Laravel","config\session.php","7839"
"KEEP","Baseline y gobernanza MEF-V3","docs\DICCIONARIO\V3\FASE_10.6_CIERRE_FINAL_MEF_V3.md","2973"
"KEEP","Baseline y gobernanza MEF-V3","docs\DICCIONARIO\V3\FASE_10.6_INDICE_MEF_V3.csv","37551"
"KEEP","Baseline y gobernanza MEF-V3","docs\DICCIONARIO\V3\FASE_10_DICCIONARIO_MEF_V3.md","48374"
"KEEP","Baseline y gobernanza MEF-V3","docs\DICCIONARIO\V3\FASE_10_RECONSTRUCCION_LIMPIA_DEL_DICCIONARIO_MEF-V3.md","6132"
"KEEP","Baseline y gobernanza MEF-V3","docs\DICCIONARIO\V3\FASE_11.1_EVIDENCIA_COBERTURA_MEF_V3.csv","4209223"
"KEEP","Baseline y gobernanza MEF-V3","docs\DICCIONARIO\V3\FASE_11.1_MATRIZ_COBERTURA_MEF_V3.csv","36915"
"KEEP","Baseline y gobernanza MEF-V3","docs\DICCIONARIO\V3\FASE_11.3_ALIASES_CONTROLADOS_MEF_V3.csv","4790"
"KEEP","Baseline y gobernanza MEF-V3","docs\DICCIONARIO\V3\FASE_11.4_VINCULACION_NORMATIVA_MEF_V3_FUENTES.csv","493283"
"KEEP","Baseline y gobernanza MEF-V3","docs\DICCIONARIO\V3\FASE_11.5_VALIDACION_TRANSVERSAL_MEF_V3.csv","18207"
"KEEP","Baseline y gobernanza MEF-V3","docs\DICCIONARIO\V3\FASE_11_1_MATRIZ_DE_COBERTURA_MEF_V3_FND_ARQ_ENG.md","2224"
"KEEP","Baseline y gobernanza MEF-V3","docs\DICCIONARIO\V3\FASE_11_4_VINCULACION_NORMATIVA_MEF_V3_CON_FUENTES.md","1586"
"KEEP","Baseline y gobernanza MEF-V3","docs\DICCIONARIO\V3\FASE_11_6_CIERRE_DE_INTEGRACION_NORMATIVA_MEF_V3.md","3505"
"KEEP","Baseline y gobernanza MEF-V3","docs\DICCIONARIO\V3\FASE_11_INTEGRACION_NORMATIVA_MEF-V3.md","11807"
"KEEP","Baseline y gobernanza MEF-V3","docs\DICCIONARIO\V3\FASE_12.1_CONTROLES_DE_GOBERNANZA.csv","356"
"KEEP","Baseline y gobernanza MEF-V3","docs\DICCIONARIO\V3\FASE_12.1_MATRIZ_DE_AUTORIDAD_Y_DECISION.csv","541"
"KEEP","Baseline y gobernanza MEF-V3","docs\DICCIONARIO\V3\FASE_12.2_CATALOGO_ESTADOS_Y_TIPOS_DE_CAMBIO.csv","1653"
"KEEP","Baseline y gobernanza MEF-V3","docs\DICCIONARIO\V3\FASE_12.2_CONTROLES_MODELO_SOLICITUD_CAMBIO.csv","397"
"KEEP","Baseline y gobernanza MEF-V3","docs\DICCIONARIO\V3\FASE_12.2_PLANTILLA_SOLICITUD_DE_CAMBIO.csv","393"
"KEEP","Baseline y gobernanza MEF-V3","docs\DICCIONARIO\V3\FASE_12.3_CONTROLES_REGLAS_EVOLUCION.csv","500"
"KEEP","Baseline y gobernanza MEF-V3","docs\DICCIONARIO\V3\FASE_12.3_MATRIZ_REGLAS_EVOLUCION_MEF_V3.csv","2928"
"KEEP","Baseline y gobernanza MEF-V3","docs\DICCIONARIO\V3\FASE_12.3_REGLAS_IDENTIDAD_Y_CONTINUIDAD.csv","788"
"KEEP","Baseline y gobernanza MEF-V3","docs\DICCIONARIO\V3\FASE_12.4_CATALOGO_VALIDACIONES_AUTOMATICAS.csv","2322"
"KEEP","Baseline y gobernanza MEF-V3","docs\DICCIONARIO\V3\FASE_12.4_CONTROLES_VALIDACIONES_AUTOMATICAS.csv","667"
"KEEP","Baseline y gobernanza MEF-V3","docs\DICCIONARIO\V3\FASE_12.5_CONTROLES_WORKFLOW_Y_VERSIONADO.csv","325"
"KEEP","Baseline y gobernanza MEF-V3","docs\DICCIONARIO\V3\FASE_12.5_MATRIZ_WORKFLOW_APROBACION.csv","482"
"KEEP","Baseline y gobernanza MEF-V3","docs\DICCIONARIO\V3\FASE_12.5_POLITICA_VERSIONADO_BASELINE.csv","147"
"KEEP","Baseline y gobernanza MEF-V3","docs\DICCIONARIO\V3\FASE_12.6_BASELINE_GOBERNANZA_MEF_V3.csv","274"
"KEEP","Baseline y gobernanza MEF-V3","docs\DICCIONARIO\V3\FASE_12.6_CONTROLES_CIERRE_GOBERNANZA.csv","387"
"KEEP","Baseline y gobernanza MEF-V3","docs\DICCIONARIO\V3\FASE_12.6_MANIFEST_CIERRE_GOBERNANZA.csv","1234"
"KEEP","Baseline y gobernanza MEF-V3","docs\DICCIONARIO\V3\FASE_12_1_POLITICA_DE_GOBERNANZA_Y_AUTORIDAD.md","9278"
"KEEP","Baseline y gobernanza MEF-V3","docs\DICCIONARIO\V3\FASE_12_2_MODELO_DE_SOLICITUD_DE_CAMBIO.md","6730"
"KEEP","Baseline y gobernanza MEF-V3","docs\DICCIONARIO\V3\FASE_12_3_REGLAS_DE_ALTA_MODIFICACION_Y_DEPRECACION.md","5770"
"KEEP","Baseline y gobernanza MEF-V3","docs\DICCIONARIO\V3\FASE_12_4_VALIDACIONES_AUTOMATICAS_DE_INTEGRIDAD.md","4468"
"KEEP","Baseline y gobernanza MEF-V3","docs\DICCIONARIO\V3\FASE_12_5_WORKFLOW_DE_APROBACION_Y_VERSIONADO.md","3167"
"KEEP","Baseline y gobernanza MEF-V3","docs\DICCIONARIO\V3\FASE_12_6_CIERRE_Y_BASELINE_DE_GOBERNANZA.md","2038"
"KEEP","Baseline y gobernanza MEF-V3","docs\DICCIONARIO\V3\FASE_12_GOBERNANZA_Y_CONTROL_DE_CAMBIOS_MEF-V3.md","7743"
"KEEP","Baseline y gobernanza MEF-V3","docs\DICCIONARIO\V3\validate_mef_v3_governance.py","5119"
"KEEP","Infraestructura base Laravel","package.json","593"
"KEEP","Infraestructura base Laravel","package-lock.json","121133"
"KEEP","Infraestructura base Laravel","phpunit.xml","1228"
"KEEP","Infraestructura base Laravel","vite.config.js","263"
"REMOVE","Dominio anterior no reutilizable",".phpunit.result.cache","8845"
"REMOVE","Dominio anterior no reutilizable","app\Platform\Cache\.gitkeep","0"
"REMOVE","Archivo temporal o auxiliar histórico","composer.json.restore.tmp","5082"
"REMOVE","Dominio anterior no reutilizable","database\migrations\0001_01_01_000002_create_cache_table.php","849"
"REMOVE","Dominio anterior no reutilizable","docs\02-arquitectura\ARQ-003 - Arquitectura de Aplicaciones\README.md","0"
"REMOVE","Dominio anterior no reutilizable","docs\02-INGENIERIA\ENG-002-ESPECIFICACION_DE_MODULES.md","22855"
"REMOVE","Dominio anterior no reutilizable","docs\02-INGENIERIA\ENG-037-CACHING_ENGINEERING.md","49608"
"REMOVE","Dominio anterior no reutilizable","docs\03-CONOCIMIENTO\KCS-001-SISTEMA-DE-CLASIFICACION.md","5699"
"REMOVE","Dominio anterior no reutilizable","docs\SANEAMIENTO\S1.3.8.1_SANEAMIENTO_RUTAS_WEB_Y_NAVEGACION_BASE.md","8195"
"REMOVE","Dominio anterior no reutilizable","docs\SANEAMIENTO\S1.3.8.2_COHERENCIA_RUTAS_APPLAYOUT_NAVEGACION_Y_PERFIL.md","10115"
"REMOVE","Dominio anterior no reutilizable","docs\SANEAMIENTO\S1.3.9.4_CONSOLIDACION_BOOTSTRAP_TAILWIND_Y_ASSETS_AUTENTICACION.md","7710"
"REMOVE","Dominio anterior no reutilizable","storage\framework\cache\.gitignore","21"
"REMOVE","Dominio anterior no reutilizable","storage\framework\cache\data\.gitignore","14"
"REVIEW","Revisión necesaria",".editorconfig","258"
"REVIEW","Revisión necesaria",".env","1378"
"REVIEW","Revisión necesaria",".env.example","1084"
"REVIEW","Revisión necesaria",".gitattributes","186"
"REVIEW","Revisión necesaria",".github\copilot-instructions.md","4260"
"REVIEW","Revisión necesaria",".gitignore","300"
"REVIEW","Código existente a decidir antes de reconstrucción","app\Apps\.gitkeep","0"
"REVIEW","Código existente a decidir antes de reconstrucción","app\Console\Commands\ERPMakeModuleCommand.php","1863"
"REVIEW","Código existente a decidir antes de reconstrucción","app\Console\Commands\ERPStatusCommand.php","1887"
"REVIEW","Código existente a decidir antes de reconstrucción","app\Core\Builders\ModuleBuilder.php","7333"
"REVIEW","Código existente a decidir antes de reconstrucción","app\Core\Contracts\ERPKernelContract.php","353"
"REVIEW","Código existente a decidir antes de reconstrucción","app\Core\Contracts\FileWriterContract.php","330"
"REVIEW","Código existente a decidir antes de reconstrucción","app\Core\Contracts\GitKeepGeneratorContract.php","392"
"REVIEW","Código existente a decidir antes de reconstrucción","app\Core\Contracts\JsonWriterContract.php","284"
"REVIEW","Código existente a decidir antes de reconstrucción","app\Core\Contracts\ModuleBuilderContract.php","345"
"REVIEW","Código existente a decidir antes de reconstrucción","app\Core\Contracts\StubWriterContract.php","343"
"REVIEW","Código existente a decidir antes de reconstrucción","app\Core\Contracts\ValueObject.php","429"
"REVIEW","Código existente a decidir antes de reconstrucción","app\Core\Exceptions\InvalidModuleManifestException.php","171"
"REVIEW","Código existente a decidir antes de reconstrucción","app\Core\FileSystem\DirectoryManager.php","2073"
"REVIEW","Código existente a decidir antes de reconstrucción","app\Core\FileSystem\FileWriter.php","1891"
"REVIEW","Código existente a decidir antes de reconstrucción","app\Core\FileSystem\GitKeepGenerator.php","1588"
"REVIEW","Código existente a decidir antes de reconstrucción","app\Core\FileSystem\JsonWriter.php","1173"
"REVIEW","Código existente a decidir antes de reconstrucción","app\Core\FileSystem\StubWriter.php","916"
"REVIEW","Código existente a decidir antes de reconstrucción","app\Core\Kernel\ERPKernel.php","4842"
"REVIEW","Código existente a decidir antes de reconstrucción","app\Core\Providers\ERPServiceProvider.php","2808"
"REVIEW","Código existente a decidir antes de reconstrucción","app\Core\Template\TemplateEngine.php","3036"
"REVIEW","Código existente a decidir antes de reconstrucción","app\Core\Templates\module\api-routes.stub","429"
"REVIEW","Código existente a decidir antes de reconstrucción","app\Core\Templates\module\readme.stub","295"
"REVIEW","Código existente a decidir antes de reconstrucción","app\Core\Templates\module\service-provider.stub","731"
"REVIEW","Código existente a decidir antes de reconstrucción","app\Core\Templates\module\web-routes.stub","429"
"REVIEW","Código existente a decidir antes de reconstrucción","app\Core\ValueObjects\ModuleId.php","1768"
"REVIEW","Código existente a decidir antes de reconstrucción","app\Domains\.gitkeep","0"
"REVIEW","Código existente a decidir antes de reconstrucción","app\Enums\RoleName.php","154"
"REVIEW","Código existente a decidir antes de reconstrucción","app\Http\Controllers\Auth\AuthenticatedSessionController.php","1038"
"REVIEW","Código existente a decidir antes de reconstrucción","app\Http\Controllers\Auth\ConfirmablePasswordController.php","1024"
"REVIEW","Código existente a decidir antes de reconstrucción","app\Http\Controllers\Auth\EmailVerificationNotificationController.php","630"
"REVIEW","Código existente a decidir antes de reconstrucción","app\Http\Controllers\Auth\EmailVerificationPromptController.php","564"
"REVIEW","Código existente a decidir antes de reconstrucción","app\Http\Controllers\Auth\NewPasswordController.php","2210"
"REVIEW","Código existente a decidir antes de reconstrucción","app\Http\Controllers\Auth\PasswordController.php","795"
"REVIEW","Código existente a decidir antes de reconstrucción","app\Http\Controllers\Auth\PasswordResetLinkController.php","1311"
"REVIEW","Código existente a decidir antes de reconstrucción","app\Http\Controllers\Auth\VerifyEmailController.php","800"
"REVIEW","Código existente a decidir antes de reconstrucción","app\Http\Controllers\Controller.php","77"
"REVIEW","Código existente a decidir antes de reconstrucción","app\Http\Controllers\ProfileController.php","1416"
"REVIEW","Código existente a decidir antes de reconstrucción","app\Http\Requests\Auth\LoginRequest.php","2233"
"REVIEW","Código existente a decidir antes de reconstrucción","app\Http\Requests\ProfileUpdateRequest.php","743"
"REVIEW","Código existente a decidir antes de reconstrucción","app\Models\Role.php","373"
"REVIEW","Código existente a decidir antes de reconstrucción","app\Models\User.php","899"
"REVIEW","Código existente a decidir antes de reconstrucción","app\Modules\.gitkeep","0"
"REVIEW","Código existente a decidir antes de reconstrucción","app\Modules\Organizacion\Application\Commands\.gitkeep","0"
"REVIEW","Código existente a decidir antes de reconstrucción","app\Modules\Organizacion\Application\Queries\.gitkeep","0"
"REVIEW","Código existente a decidir antes de reconstrucción","app\Modules\Organizacion\Application\Services\.gitkeep","0"
"REVIEW","Código existente a decidir antes de reconstrucción","app\Modules\Organizacion\Domain\Entities\.gitkeep","0"
"REVIEW","Código existente a decidir antes de reconstrucción","app\Modules\Organizacion\Domain\Events\.gitkeep","0"
"REVIEW","Código existente a decidir antes de reconstrucción","app\Modules\Organizacion\Domain\Exceptions\.gitkeep","0"
"REVIEW","Código existente a decidir antes de reconstrucción","app\Modules\Organizacion\Domain\Repositories\.gitkeep","0"
"REVIEW","Código existente a decidir antes de reconstrucción","app\Modules\Organizacion\Domain\Services\.gitkeep","0"
"REVIEW","Código existente a decidir antes de reconstrucción","app\Modules\Organizacion\Infrastructure\Database\Migrations\.gitkeep","0"
"REVIEW","Código existente a decidir antes de reconstrucción","app\Modules\Organizacion\Infrastructure\Persistence\.gitkeep","0"
"REVIEW","Código existente a decidir antes de reconstrucción","app\Modules\Organizacion\module.json","266"
"REVIEW","Código existente a decidir antes de reconstrucción","app\Modules\Organizacion\Presentation\Http\Controllers\.gitkeep","0"
"REVIEW","Código existente a decidir antes de reconstrucción","app\Modules\Organizacion\Presentation\Http\Requests\.gitkeep","0"
"REVIEW","Código existente a decidir antes de reconstrucción","app\Modules\Organizacion\Presentation\Routes\.gitkeep","0"
"REVIEW","Código existente a decidir antes de reconstrucción","app\Modules\Organizacion\Presentation\Routes\api.php","254"
"REVIEW","Código existente a decidir antes de reconstrucción","app\Modules\Organizacion\Presentation\Routes\web.php","254"
"REVIEW","Código existente a decidir antes de reconstrucción","app\Modules\Organizacion\Presentation\Views\.gitkeep","0"
"REVIEW","Código existente a decidir antes de reconstrucción","app\Modules\Organizacion\Providers\.gitkeep","0"
"REVIEW","Código existente a decidir antes de reconstrucción","app\Modules\Organizacion\Providers\OrganizacionServiceProvider.php","711"
"REVIEW","Código existente a decidir antes de reconstrucción","app\Modules\Organizacion\README.md","267"
"REVIEW","Código existente a decidir antes de reconstrucción","app\Modules\Organizacion\Tests\Feature\.gitkeep","0"
"REVIEW","Código existente a decidir antes de reconstrucción","app\Modules\Organizacion\Tests\Unit\.gitkeep","0"
"REVIEW","Código existente a decidir antes de reconstrucción","app\Platform\Http\.gitkeep","0"
"REVIEW","Código existente a decidir antes de reconstrucción","app\Platform\Integrations\.gitkeep","0"
"REVIEW","Código existente a decidir antes de reconstrucción","app\Platform\Mail\.gitkeep","0"
"REVIEW","Código existente a decidir antes de reconstrucción","app\Platform\Queue\.gitkeep","0"
"REVIEW","Código existente a decidir antes de reconstrucción","app\Platform\Storage\.gitkeep","0"
"REVIEW","Código existente a decidir antes de reconstrucción","app\View\Components\AppLayout.php","296"
"REVIEW","Código existente a decidir antes de reconstrucción","app\View\Components\GuestLayout.php","300"
"REVIEW","Revisión necesaria","bject Path, LineNumber, Line","2621"
"REVIEW","Revisión necesaria","composer.phar","3639279"
"REVIEW","Código existente a decidir antes de reconstrucción","database\.gitignore","10"
"REVIEW","Código existente a decidir antes de reconstrucción","database\database.sqlite","155648"
"REVIEW","Código existente a decidir antes de reconstrucción","database\factories\UserFactory.php","1075"
"REVIEW","Código existente a decidir antes de reconstrucción","database\migrations\0001_01_01_000000_create_roles_table.php","488"
"REVIEW","Código existente a decidir antes de reconstrucción","database\migrations\0001_01_01_000001_create_users_table.php","1414"
"REVIEW","Código existente a decidir antes de reconstrucción","database\migrations\0001_01_01_000003_create_jobs_table.php","1812"
"REVIEW","Código existente a decidir antes de reconstrucción","database\seeders\DatabaseSeeder.php","219"
"REVIEW","Código existente a decidir antes de reconstrucción","database\seeders\RolesSeeder.php","383"
"REVIEW","Revisión necesaria","docs\00-FUNDACION\FND-000-Carta_del_Proyecto.md","5439"
"REVIEW","Revisión necesaria","docs\00-FUNDACION\FND-001-VISION.md","4457"
"REVIEW","Revisión necesaria","docs\00-FUNDACION\FND-014-GUIA_EDITORIAL.md","393"
"REVIEW","Revisión necesaria","docs\00-FUNDACION\FND-02-MISION.md","4258"
"REVIEW","Revisión necesaria","docs\00-FUNDACION\FND-03-VALORES.md","386"
"REVIEW","Revisión necesaria","docs\00-FUNDACION\FND-04-PRINCIPIOS_DE_ARQUITECTURA.md","426"
"REVIEW","Revisión necesaria","docs\00-FUNDACION\FND-05-LENGUAJE_OFICIAL_DE_MEF.md","375"
"REVIEW","Revisión necesaria","docs\00-FUNDACION\FND-06-GOBERNANZA_TECNICA.md","415"
"REVIEW","Revisión necesaria","docs\00-FUNDACION\FND-07-MANIFIESTO_DE_INGENIERIA_DE_DESARROLLO.md","386"
"REVIEW","Revisión necesaria","docs\00-FUNDACION\FND-08-DECALOGO_DEL_DESARROLLADOR.md","391"
"REVIEW","Revisión necesaria","docs\00-FUNDACION\FND-09-FILOSOFIA_DE_DISENO.md","397"
"REVIEW","Revisión necesaria","docs\00-FUNDACION\FND-10-ARBOL_DE_DECISIONES.md","394"
"REVIEW","Revisión necesaria","docs\00-FUNDACION\FND-11-DOCTRINA_DE_ARQUITECTURA.md","391"
"REVIEW","Revisión necesaria","docs\00-FUNDACION\FND-12-CONSTITUCION_DE_MEF.md","420"
"REVIEW","Revisión necesaria","docs\00-FUNDACION\FND-13-INDEPENDENCIA_DEL_FRAMEWORK.md","492"
"REVIEW","Revisión necesaria","docs\00-FUNDACION\README.md","496"
"REVIEW","Revisión necesaria","docs\01-ARQUITECTURA\ARQ-000-ARQUITECTURA_GENERAL.md","430"
"REVIEW","Revisión necesaria","docs\01-ARQUITECTURA\ARQ-001-VISION_ARQUITECTONICA.md","400"
"REVIEW","Revisión necesaria","docs\01-ARQUITECTURA\ARQ-002-CORE.md","383"
"REVIEW","Revisión necesaria","docs\01-ARQUITECTURA\ARQ-003-PLATFORM.md","398"
"REVIEW","Revisión necesaria","docs\01-ARQUITECTURA\ARQ-004-MODULES.md","14248"
"REVIEW","Revisión necesaria","docs\01-ARQUITECTURA\ARQ-005-KERNEL.md","385"
"REVIEW","Revisión necesaria","docs\01-ARQUITECTURA\ARQ-006-REGISTRY.md","378"
"REVIEW","Revisión necesaria","docs\01-ARQUITECTURA\ARQ-007-SERVICE_CONTAINER.md","442"
"REVIEW","Revisión necesaria","docs\01-ARQUITECTURA\ARQ-008-EVENT_BUS.md","416"
"REVIEW","Revisión necesaria","docs\01-ARQUITECTURA\ARQ-009-BUILDERS.md","429"
"REVIEW","Revisión necesaria","docs\01-ARQUITECTURA\ARQ-010-TEMPLATE_ENGINE.md","5387"
"REVIEW","Revisión necesaria","docs\01-ARQUITECTURA\ARQ-011-CONTRACTS.md","6149"
"REVIEW","Revisión necesaria","docs\01-ARQUITECTURA\ARQ-012-DEPENDENCY_INJECTION.md","5772"
"REVIEW","Revisión necesaria","docs\01-ARQUITECTURA\ARQ-013-CONFIGURATION.md","6811"
"REVIEW","Revisión necesaria","docs\01-ARQUITECTURA\ARQ-014-FRAMEWORK_LIFECYCLE.md","439"
"REVIEW","Revisión necesaria","docs\01-ARQUITECTURA\ARQ-015-EXTENSION_MODEL.md","435"
"REVIEW","Revisión necesaria","docs\01-ARQUITECTURA\ARQ-016-SECURITY.md","428"
"REVIEW","Revisión necesaria","docs\01-ARQUITECTURA\ARQ-017-PACKAGING.md","5394"
"REVIEW","Revisión necesaria","docs\01-ARQUITECTURA\README.md","391"
"REVIEW","Revisión necesaria","docs\02-arquitectura\ADR\ADR-001-laravel.md","1989"
"REVIEW","Revisión necesaria","docs\02-arquitectura\ADR\ADR-002-mysql-vs postgresql.md","5484"
"REVIEW","Revisión necesaria","docs\02-arquitectura\ADR\ADR-003-Arquitectura_Modular","6472"
"REVIEW","Revisión necesaria","docs\02-arquitectura\ADR\ADR-004-laravel_Breeze","0"
"REVIEW","Revisión necesaria","docs\02-arquitectura\ADR\ADR-005-AdminLTE4","0"
"REVIEW","Revisión necesaria","docs\02-arquitectura\ADR\ADR-006-Livewire","0"
"REVIEW","Revisión necesaria","docs\02-arquitectura\ADR\ADR-007-Redis","0"
"REVIEW","Revisión necesaria","docs\02-arquitectura\ADR\ADR-008-Docker","0"
"REVIEW","Revisión necesaria","docs\02-arquitectura\ADR\ADR-009-GitFlow","0"
"REVIEW","Revisión necesaria","docs\02-arquitectura\ADR\ADR-010-MkDocs","0"
"REVIEW","Revisión necesaria","docs\02-arquitectura\ADR\README.md","1308"
"REVIEW","Revisión necesaria","docs\02-arquitectura\ARQ-001 - Fundamentos Arquitectónicos\01-introduccion.md","5712"
"REVIEW","Revisión necesaria","docs\02-arquitectura\ARQ-001 - Fundamentos Arquitectónicos\02-contexto-empresarial.md","6229"
"REVIEW","Revisión necesaria","docs\02-arquitectura\ARQ-001 - Fundamentos Arquitectónicos\03-vision-arquitectonica.md","0"
"REVIEW","Revisión necesaria","docs\02-arquitectura\ARQ-001 - Fundamentos Arquitectónicos\04-principios-arquitectonicos.md","6661"
"REVIEW","Revisión necesaria","docs\02-arquitectura\ARQ-001 - Fundamentos Arquitectónicos\05-atributos-calidad.md","5390"
"REVIEW","Revisión necesaria","docs\02-arquitectura\ARQ-001 - Fundamentos Arquitectónicos\README.md","3125"
"REVIEW","Revisión necesaria","docs\02-arquitectura\ARQ-002 - Arquitectura Empresarial\README.md","0"
"REVIEW","Revisión necesaria","docs\02-arquitectura\ARQ-004 - Arquitectura de Datos\README.md","0"
"REVIEW","Revisión necesaria","docs\02-arquitectura\ARQ-005 - Arquitectura Tecnológica\README.md","7260"
"REVIEW","Revisión necesaria","docs\02-arquitectura\ARQ-006 - Arquitectura del Sistema Mocdular\06-arquitectura-del-sistema-modular.md","0"
"REVIEW","Revisión necesaria","docs\02-arquitectura\ARQ-006 - Arquitectura del Sistema Mocdular\README.md","0"
"REVIEW","Revisión necesaria","docs\02-arquitectura\README.md","1957"
"REVIEW","Revisión necesaria","docs\02-INGENIERIA\ENG-000-INGENIERIA_GENERAL.md","18939"
"REVIEW","Revisión necesaria","docs\02-INGENIERIA\ENG-001-ORGANIZACION_DEL_CODIGO.md","23031"
"REVIEW","Revisión necesaria","docs\02-INGENIERIA\ENG-003-MANIFEST.md","25187"
"REVIEW","Revisión necesaria","docs\02-INGENIERIA\ENG-004-CONVENCIONES.md","32847"
"REVIEW","Revisión necesaria","docs\02-INGENIERIA\ENG-005-NOMENCLATURA.md","42260"
"REVIEW","Revisión necesaria","docs\02-INGENIERIA\ENG-006-ESTRUCTURA_DE_DIRECTORIOS.md","31572"
"REVIEW","Revisión necesaria","docs\02-INGENIERIA\ENG-007-CLI.md","26816"
"REVIEW","Revisión necesaria","docs\02-INGENIERIA\ENG-008-GENERADORES.md","24956"
"REVIEW","Revisión necesaria","docs\02-INGENIERIA\ENG-009-TESTING.md","31932"
"REVIEW","Revisión necesaria","docs\02-INGENIERIA\ENG-010-LOGGING.md","33696"
"REVIEW","Revisión necesaria","docs\02-INGENIERIA\ENG-011-CONFIGURATION_FILES.md","43074"
"REVIEW","Revisión necesaria","docs\02-INGENIERIA\ENG-012-BUILD_SYSTEM.md","30305"
"REVIEW","Revisión necesaria","docs\02-INGENIERIA\ENG-013-PACKAGE_MANAGER.md","50246"
"REVIEW","Revisión necesaria","docs\02-INGENIERIA\ENG-014-VERSIONADO.md","47413"
"REVIEW","Revisión necesaria","docs\02-INGENIERIA\ENG-015-ARCHITECTURAL_STATE_MACHINE.md","49013"
"REVIEW","Revisión necesaria","docs\02-INGENIERIA\ENG-016-COMPATIBILITY.md","50698"
"REVIEW","Revisión necesaria","docs\02-INGENIERIA\ENG-017-RELEASE_PROCESS.md","50101"
"REVIEW","Revisión necesaria","docs\02-INGENIERIA\ENG-018-DEPENDENCY_INJECTION.md","51650"
"REVIEW","Revisión necesaria","docs\02-INGENIERIA\ENG-019-SERVICE_CONTAINER.md","46660"
"REVIEW","Revisión necesaria","docs\02-INGENIERIA\ENG-020-REGISTRY_ENGINNEERING.md","51269"
"REVIEW","Revisión necesaria","docs\02-INGENIERIA\ENG-021-CONTRACTS_ENGINNEERING.md","54767"
"REVIEW","Revisión necesaria","docs\02-INGENIERIA\ENG-022-EVENT_BUS_ENGINNEERING.md","55698"
"REVIEW","Revisión necesaria","docs\02-INGENIERIA\ENG-023-ERROR_HANDLING.md","52978"
"REVIEW","Revisión necesaria","docs\02-INGENIERIA\ENG-024-SECURITY_ENGINEERING.md","65864"
"REVIEW","Revisión necesaria","docs\02-INGENIERIA\ENG-025-OBSERVABILITY_ENGINEERING.md","49278"
"REVIEW","Revisión necesaria","docs\02-INGENIERIA\ENG-026-RUNTIME_PERFORMANCE_ENGINEERING.md","75391"
"REVIEW","Revisión necesaria","docs\02-INGENIERIA\ENG-027-RUNTIME_ENGINEERING.md","59168"
"REVIEW","Revisión necesaria","docs\02-INGENIERIA\ENG-028-MODULE_ENGINEERING.md","52138"
"REVIEW","Revisión necesaria","docs\02-INGENIERIA\ENG-029-EXTENSION_ENGINEERING.md","42436"
"REVIEW","Revisión necesaria","docs\02-INGENIERIA\ENG-030-PERSISTENCE_ENGINEERING.md","49271"
"REVIEW","Revisión necesaria","docs\02-INGENIERIA\ENG-031-SERIALIZATION_ENGINEERING.md","50443"
"REVIEW","Revisión necesaria","docs\02-INGENIERIA\ENG-032-TRANSPORT_ENGINEERING.md","49278"
"REVIEW","Revisión necesaria","docs\02-INGENIERIA\ENG-033-INTERFACE_ENGINEERING.md","35290"
"REVIEW","Revisión necesaria","docs\02-INGENIERIA\ENG-034-APPLICATION_ENGINEERING.md","48868"
"REVIEW","Revisión necesaria","docs\02-INGENIERIA\ENG-035-DOMAIN_ENGINEERING.md","58919"
"REVIEW","Revisión necesaria","docs\02-INGENIERIA\ENG-036-VALIDATION_ENGINEERING.md","48030"
"REVIEW","Revisión necesaria","docs\02-INGENIERIA\ENG-038-CONCURRENCY_ENGINEERING.md","51539"
"REVIEW","Revisión necesaria","docs\02-INGENIERIA\ENG-039-RESILIENCE_ENGINEERING.md","49023"
"REVIEW","Revisión necesaria","docs\02-INGENIERIA\ENG-040-SCHEDULING_BACKGROUND_JOBS_ENGINEERING.md","60989"
"REVIEW","Revisión necesaria","docs\02-INGENIERIA\ENG-041-MESSAGING_ENGINEERING.md","60265"
"REVIEW","Revisión necesaria","docs\02-INGENIERIA\ENG-042-TRANSACTION_ENGINEERING.md","54588"
"REVIEW","Revisión necesaria","docs\02-INGENIERIA\ENG-043-DATA_ACCESS_ENGINEERING.md","51302"
"REVIEW","Revisión necesaria","docs\02-INGENIERIA\ENG-044-API_ENGINEERING.md","60558"
"REVIEW","Revisión necesaria","docs\02-INGENIERIA\ENG-045-AUTHENTICATION_ENGINEERING.md","62484"
"REVIEW","Revisión necesaria","docs\02-INGENIERIA\ENG-046-AUTHORIZATION_ENGINEERING.md","62820"
"REVIEW","Revisión necesaria","docs\02-INGENIERIA\ENG-047-IDENTITY_ACCESS_MANAGEMENT_ENGINEERING.md","65073"
"REVIEW","Revisión necesaria","docs\02-INGENIERIA\ENG-048-MULTI_TENANCY_ENGINEERING.md","60569"
"REVIEW","Revisión necesaria","docs\02-INGENIERIA\ENG-049-CONFIGURATION_MANAGEMENT_ENGINEERING.md","57843"
"REVIEW","Revisión necesaria","docs\02-INGENIERIA\ENG-050-FEATURE_MANAGEMENT_ENGINEERING.md","50269"
"REVIEW","Revisión necesaria","docs\02-INGENIERIA\ENG-051-POLICY_ENGINEERING.md","52817"
"REVIEW","Revisión necesaria","docs\02-INGENIERIA\ENG-052-WORKFLOW_ENGINEERING.md","59345"
"REVIEW","Revisión necesaria","docs\02-INGENIERIA\ENG-053-STATE_MANAGEMENT_ENGINEERING.md","53364"
"REVIEW","Revisión necesaria","docs\02-INGENIERIA\ENG-054-RESOURCE_MANAGEMENT_ENGINEERING.md","55960"
"REVIEW","Revisión necesaria","docs\02-INGENIERIA\ENG-055-LIFECYCLE_MANAGEMENT_ENGINEERING.md","55544"
"REVIEW","Revisión necesaria","docs\02-INGENIERIA\ENG-056-CONTEXT_MANAGEMENT_ENGINEERING.md","55135"
"REVIEW","Revisión necesaria","docs\02-INGENIERIA\ENG-057-METADATA_ENGINEERING.md","51326"
"REVIEW","Revisión necesaria","docs\02-INGENIERIA\ENG-058-DISCOVERY_ENGINEERING.md","56544"
"REVIEW","Revisión necesaria","docs\02-INGENIERIA\ENG-059-RESOLUTION_ENGINEERING.md","63654"
"REVIEW","Revisión necesaria","docs\02-INGENIERIA\ENG-060-PLUGIN_ENGINEERING.md","74829"
"REVIEW","Revisión necesaria","docs\02-INGENIERIA\ENG-061-INTEROPERABILITY_ENGINEERING.md","48604"
"REVIEW","Revisión necesaria","docs\02-INGENIERIA\ENG-062-SCHEMA_ENGINEERING.md","49475"
"REVIEW","Revisión necesaria","docs\02-INGENIERIA\ENG-063-DATA_TRANSFORMATION_ENGINEERING.md","47225"
"REVIEW","Revisión necesaria","docs\02-INGENIERIA\ENG-064-DATA_PIPELINE_ENGINEERING.md","51296"
"REVIEW","Revisión necesaria","docs\02-INGENIERIA\ENG-065-MIGRATION_ENGINEERING.md","54735"
"REVIEW","Revisión necesaria","docs\02-INGENIERIA\ENG-066-UPGRADE_ENGINEERING.md","48688"
"REVIEW","Revisión necesaria","docs\02-INGENIERIA\ENG-067-DEPLOYMENT_ENGINEERING.md","51149"
"REVIEW","Revisión necesaria","docs\02-INGENIERIA\ENG-068-ENVIRONMENT_ENGINEERING.md","52078"
"REVIEW","Revisión necesaria","docs\02-INGENIERIA\ENG-069-HEALTH_READINESS_ENGINEERING.md","48584"
"REVIEW","Revisión necesaria","docs\02-INGENIERIA\ENG-070-PERFORMANCE_ENGINEERING.md","49959"
"REVIEW","Revisión necesaria","docs\02-INGENIERIA\ENG-071-CAPACITY_ENGINEERING.md","58359"
"REVIEW","Revisión necesaria","docs\02-INGENIERIA\ENG-072-SCALABILITY_ENGINEERING.md","55429"
"REVIEW","Revisión necesaria","docs\02-INGENIERIA\ENG-073-AVAILABILITY_ENGINEERING.md","58085"
"REVIEW","Revisión necesaria","docs\02-INGENIERIA\ENG-074-RELIABILITY_ENGINEERING.md","56386"
"REVIEW","Revisión necesaria","docs\02-INGENIERIA\ENG-075-MAINTAINABILITY_ENGINEERING.md","59403"
"REVIEW","Revisión necesaria","docs\02-INGENIERIA\ENG-076-RECOVERABILITY_ENGINEERING.md","63045"
"REVIEW","Revisión necesaria","docs\02-INGENIERIA\ENG-077-DURABILITY_ENGINEERING.md","62351"
"REVIEW","Revisión necesaria","docs\02-INGENIERIA\ENG-078-CONSISTENCY_ENGINEERING.md","63424"
"REVIEW","Revisión necesaria","docs\02-INGENIERIA\ENG-079-DATA_INTEGRITY_ENGINEERING.md","62971"
"REVIEW","Revisión necesaria","docs\02-INGENIERIA\ENG-080-DATA_QUALITY_ENGINEERING.md","62108"
"REVIEW","Revisión necesaria","docs\02-INGENIERIA\ENG-081-DATA_GOVERNANCE_ENGINEERING.md","71231"
"REVIEW","Revisión necesaria","docs\02-INGENIERIA\ENG-082-DATA_PRIVACY_ENGINEERING.md","56264"
"REVIEW","Revisión necesaria","docs\02-INGENIERIA\ENG-083-DATA_COMPLIANCE_ENGINEERING.md","53203"
"REVIEW","Revisión necesaria","docs\02-INGENIERIA\ENG-084-DATA_ETHICS_ENGINEERING.md","57445"
"REVIEW","Revisión necesaria","docs\02-INGENIERIA\ENG-085-DATA_TRUST_ENGINEERING.md","55676"
"REVIEW","Revisión necesaria","docs\02-INGENIERIA\ENG-086-DATA_PRODUCT_ENGINEERING.md","36166"
"REVIEW","Revisión necesaria","docs\02-INGENIERIA\ENG-087-DATA_EXCHANGE_SHARING_ENGINEERING.md","29933"
"REVIEW","Revisión necesaria","docs\02-INGENIERIA\ENG-088-DATA_FEDERATION_ENGINEERING.md","40424"
"REVIEW","Revisión necesaria","docs\02-INGENIERIA\ENG-089-DATA_LINEAGE_PROVENANCE_ENGINEERING.md","29397"
"REVIEW","Revisión necesaria","docs\02-INGENIERIA\ENG-090-DATA_CATALOG_ENGINEERING.md","39839"
"REVIEW","Revisión necesaria","docs\02-INGENIERIA\ENG-091-DATA_DISCOVERY_CLASSIFICATION_ENGINEERING.md","41873"
"REVIEW","Revisión necesaria","docs\02-INGENIERIA\ENG-092-DATA_RETENTION_DISPOSAL_ENGINEERING.md","40984"
"REVIEW","Revisión necesaria","docs\02-INGENIERIA\ENG-093-DATA_ARCHIVAL_PRESERVATION_ENGINEERING.md","38017"
"REVIEW","Revisión necesaria","docs\02-INGENIERIA\ENG-094-DATA_PORTABILITY_ENGINEERING.md","36772"
"REVIEW","Revisión necesaria","docs\02-INGENIERIA\ENG-095-DATA_SYNCHRONIZATION_ENGINEERING.md","20863"
"REVIEW","Revisión necesaria","docs\02-INGENIERIA\ENG-096-DATA_REPLICATION_ENGINEERING.md","19309"
"REVIEW","Revisión necesaria","docs\02-INGENIERIA\ENG-097-DATA_PARTITIONING_SHARDING_ENGINEERING.md","18366"
"REVIEW","Revisión necesaria","docs\02-INGENIERIA\ENG-098-DATA_DISTRIBUTION_ENGINEERING.md","18948"
"REVIEW","Revisión necesaria","docs\02-INGENIERIA\ENG-099-DATA_LOCALIZATION_RESIDENCY_ENGINEERING.md","20189"
"REVIEW","Revisión necesaria","docs\02-INGENIERIA\ENG-100-DATA_LIFECYCLE_ORCHESTRATION_ENGINEERING.md","29462"
"REVIEW","Revisión necesaria","docs\02-INGENIERIA\README.md","14191"
"REVIEW","Revisión necesaria","docs\03-CONOCIMIENTO\KCS-002-MODELO-DE-CONOCIMIENTO.md","2355"
"REVIEW","Revisión necesaria","docs\03-CONOCIMIENTO\README.md","821"
"REVIEW","Revisión necesaria","docs\03-negocio\README.md","0"
"REVIEW","Revisión necesaria","docs\04-datos\generador-avanzado-de-modulos.md","627"
"REVIEW","Revisión necesaria","docs\04-datos\README.md","0"
"REVIEW","Revisión necesaria","docs\05-seguridad\README.md","0"
"REVIEW","Revisión necesaria","docs\06-desarrollo\DEV-001-estructura-del-proyecto.md","5526"
"REVIEW","Revisión necesaria","docs\06-desarrollo\DEV-002-convenciones-de-desarrollo.md","6301"
"REVIEW","Revisión necesaria","docs\06-desarrollo\DEV-005 - capa-filesystem.md","2036"
"REVIEW","Revisión necesaria","docs\06-desarrollo\README.md","0"
"REVIEW","Revisión necesaria","docs\07-operacion\README.md","0"
"REVIEW","Revisión necesaria","docs\08-manuales\README.md","0"
"REVIEW","Revisión necesaria","docs\09-anexos\README.md","0"
"REVIEW","Revisión necesaria","docs\assets\brand\banner-github.svg","0"
"REVIEW","Revisión necesaria","docs\assets\brand\BRAND_GUIDE.md","0"
"REVIEW","Revisión necesaria","docs\assets\brand\favicon.svg","0"
"REVIEW","Revisión necesaria","docs\assets\brand\isotipo-mef.svg","0"
"REVIEW","Revisión necesaria","docs\assets\brand\logo-mef.svg","0"
"REVIEW","Revisión necesaria","docs\assets\brand\logo-mef-dark.svg","0"
"REVIEW","Revisión necesaria","docs\DICCIONARIO\DIC-001A-ARQUITECTURA.md","7847"
"REVIEW","Revisión necesaria","docs\DICCIONARIO\DIC-001B-CORE-Y-CICLO-DE-VIDA.md","7649"
"REVIEW","Revisión necesaria","docs\DICCIONARIO\DIC-001C-INYECCION-DE-DEPENDENCIAS-Y-CONTRATOS.md","7010"
"REVIEW","Revisión necesaria","docs\DICCIONARIO\DIC-001D-SISTEMA-DE-EVENTOS.md","6665"
"REVIEW","Revisión necesaria","docs\DICCIONARIO\DIC-001E-CONSTRUCCION-Y-GENERACION.md","6688"
"REVIEW","Revisión necesaria","docs\DICCIONARIO\DIC-001F-PLATFORM-Y-SERVICIOS-COMPARTIDOS.md","6044"
"REVIEW","Revisión necesaria","docs\DICCIONARIO\DIC-001G-DESARROLLO-CALIDAD-Y-EXTENSIBILIDAD.md","5681"
"REVIEW","Revisión necesaria","docs\DICCIONARIO\INDICE.md","608"
"REVIEW","Revisión necesaria","docs\DICCIONARIO\LEGACY\DICCIONARIO_MEF_LEGACY.md","1693"
"REVIEW","Revisión necesaria","docs\DICCIONARIO\README.md","9766"
"REVIEW","Revisión necesaria","docs\README.md","1932"
"REVIEW","Revisión necesaria","docs\RECONSTRUCCION\S1.4.1.1_INTEGRIDAD_ESTRUCTURAL_ERP_CORE.md","6389"
"REVIEW","Revisión necesaria","docs\RECONSTRUCCION\S1.4.1.2_NORMALIZACION_ESTRUCTURAL_ERP_CORE.md","12583"
"REVIEW","Revisión necesaria","docs\RECONSTRUCCION\S1.4.1.3_NORMALIZACION_SUITE_DE_PRUEBAS.md","11328"
"REVIEW","Revisión necesaria","docs\RECONSTRUCCION\S1.4.1.4_VALIDACION_BASELINE_FUNCIONAL.md","12765"
"REVIEW","Revisión necesaria","docs\RECONSTRUCCION\S1.4.1_BASELINE_FUNCIONAL_E_INTEGRIDAD_ARQUITECTONICA.md","18319"
"REVIEW","Revisión necesaria","docs\RECONSTRUCCION\S1.4.2.2_DISENO_MODELO_OBJETIVO_IDENTIDAD_ROLES_AUTORIZACION.md","17786"
"REVIEW","Revisión necesaria","docs\SANEAMIENTO\README.md","2079"
"REVIEW","Revisión necesaria","docs\SANEAMIENTO\S1.3.1_SANEAMIENTO_REPOSITORIO.md","8465"
"REVIEW","Revisión necesaria","docs\SANEAMIENTO\S1.3.10_VALIDACION_INTEGRAL_Y_CIERRE_TECNICO.md","9154"
"REVIEW","Revisión necesaria","docs\SANEAMIENTO\S1.3.2_DECISIONES_ARQUITECTONICAS.md","6987"
"REVIEW","Revisión necesaria","docs\SANEAMIENTO\S1.3.3_SANEAMIENTO_DE_SEEDERS.md","7772"
"REVIEW","Revisión necesaria","docs\SANEAMIENTO\S1.3.4_RECONSTRUCCION_IDENTIDAD_Y_ACCESO.md","7610"
"REVIEW","Revisión necesaria","docs\SANEAMIENTO\S1.3.5_SANEAMIENTO_MIDDLEWARE_Y_BOOTSTRAP_LARAVEL_12.md","4262"
"REVIEW","Revisión necesaria","docs\SANEAMIENTO\S1.3.6_SANEAMIENTO_CONTROLADORES_REQUESTS_Y_RESPUESTAS.md","8936"
"REVIEW","Revisión necesaria","docs\SANEAMIENTO\S1.3.7_SANEAMIENTO_VISTAS_LAYOUTS_DASHBOARDS_Y_SIDEBARS.md","8227"
"REVIEW","Revisión necesaria","docs\SANEAMIENTO\S1.3.9.2_SANEAMIENTO_AUTORIZACION_HEREDADA.md","2674"
"REVIEW","Revisión necesaria","docs\SANEAMIENTO\S1.3.9.3_SANEAMIENTO_DEPENDENCIAS_FRONTEND_Y_ADMINLTE.md","4067"
"REVIEW","Revisión necesaria","docs\SANEAMIENTO\S1.3.9_INVENTARIO_FINAL_DE_RESIDUOS_ESTRUCTURALES.md","4055"
"REVIEW","Revisión necesaria","docs\SANEAMIENTO\S1.3_SANEAMIENTO_INTEGRAL_DEL_REPOSITORIO.md","7857"
"REVIEW","Revisión necesaria","extensions.txt","13950"
"REVIEW","Revisión necesaria","extensions.txtcode","13950"
"REVIEW","Revisión necesaria","mkdocs.yml","1932"
"REVIEW","Revisión necesaria","page.html","1206818"
"REVIEW","Revisión necesaria","postcss.config.js","93"
"REVIEW","Revisión necesaria","prepros.config","23095"
"REVIEW","Revisión necesaria","public\.htaccess","740"
"REVIEW","Revisión necesaria","public\build\assets\app-BBOVkbMH.css","46552"
"REVIEW","Revisión necesaria","public\build\assets\app-PuYxewSI.js","79098"
"REVIEW","Revisión necesaria","public\build\manifest.json","331"
"REVIEW","Revisión necesaria","public\favicon.ico","0"
"REVIEW","Revisión necesaria","public\img\datepicker\backstripes.gif","234"
"REVIEW","Revisión necesaria","public\img\datepicker\bg_header.jpg","1773"
"REVIEW","Revisión necesaria","public\img\datepicker\bullet1.gif","55"
"REVIEW","Revisión necesaria","public\img\datepicker\bullet2.gif","262"
"REVIEW","Revisión necesaria","public\img\datepicker\cal.gif","127"
"REVIEW","Revisión necesaria","public\img\datepicker\cal-grey.gif","170"
"REVIEW","Revisión necesaria","public\img\datepicker\gradient-e5e5e5-ffffff.gif","526"
"REVIEW","Revisión necesaria","public\img\fondosv.jpg","53073"
"REVIEW","Revisión necesaria","public\img\icono.png","35156"
"REVIEW","Revisión necesaria","public\img\loginsv-.jpg","63984"
"REVIEW","Revisión necesaria","public\img\logosv.png","308666"
"REVIEW","Revisión necesaria","public\index.php","543"
"REVIEW","Revisión necesaria","public\robots.txt","24"
"REVIEW","Revisión necesaria","README.md","3374"
"REVIEW","Código existente a decidir antes de reconstrucción","resources\css\app.css","97"
"REVIEW","Código existente a decidir antes de reconstrucción","resources\js\app.js","96"
"REVIEW","Código existente a decidir antes de reconstrucción","resources\js\bootstrap.js","127"
"REVIEW","Código existente a decidir antes de reconstrucción","resources\views\auth\confirm-password.blade.php","886"
"REVIEW","Código existente a decidir antes de reconstrucción","resources\views\auth\forgot-password.blade.php","981"
"REVIEW","Código existente a decidir antes de reconstrucción","resources\views\auth\login.blade.php","3395"
"REVIEW","Código existente a decidir antes de reconstrucción","resources\views\auth\reset-password.blade.php","1646"
"REVIEW","Código existente a decidir antes de reconstrucción","resources\views\auth\verify-email.blade.php","1246"
"REVIEW","Código existente a decidir antes de reconstrucción","resources\views\components\application-logo.blade.php","93"
"REVIEW","Código existente a decidir antes de reconstrucción","resources\views\components\auth-session-status.blade.php","160"
"REVIEW","Código existente a decidir antes de reconstrucción","resources\views\components\danger-button.blade.php","380"
"REVIEW","Código existente a decidir antes de reconstrucción","resources\views\components\dropdown.blade.php","1244"
"REVIEW","Código existente a decidir antes de reconstrucción","resources\views\components\dropdown-link.blade.php","217"
"REVIEW","Código existente a decidir antes de reconstrucción","resources\views\components\input-error.blade.php","241"
"REVIEW","Código existente a decidir antes de reconstrucción","resources\views\components\input-label.blade.php","143"
"REVIEW","Código existente a decidir antes de reconstrucción","resources\views\components\modal.blade.php","3205"
"REVIEW","Código existente a decidir antes de reconstrucción","resources\views\components\nav-link.blade.php","605"
"REVIEW","Código existente a decidir antes de reconstrucción","resources\views\components\primary-button.blade.php","404"
"REVIEW","Código existente a decidir antes de reconstrucción","resources\views\components\responsive-nav-link.blade.php","688"
"REVIEW","Código existente a decidir antes de reconstrucción","resources\views\components\secondary-button.blade.php","393"
"REVIEW","Código existente a decidir antes de reconstrucción","resources\views\components\text-input.blade.php","184"
"REVIEW","Código existente a decidir antes de reconstrucción","resources\views\dashboard.blade.php","778"
"REVIEW","Código existente a decidir antes de reconstrucción","resources\views\layouts\app.blade.php","839"
"REVIEW","Código existente a decidir antes de reconstrucción","resources\views\layouts\guest.blade.php","1144"
"REVIEW","Código existente a decidir antes de reconstrucción","resources\views\layouts\navigation.blade.php","5013"
"REVIEW","Código existente a decidir antes de reconstrucción","resources\views\profile\edit.blade.php","969"
"REVIEW","Código existente a decidir antes de reconstrucción","resources\views\profile\partials\delete-user-form.blade.php","2140"
"REVIEW","Código existente a decidir antes de reconstrucción","resources\views\profile\partials\update-password-form.blade.php","2118"
"REVIEW","Código existente a decidir antes de reconstrucción","resources\views\profile\partials\update-profile-information-form.blade.php","2674"
"REVIEW","Código existente a decidir antes de reconstrucción","resources\views\welcome.blade.php","82081"
"REVIEW","Código existente a decidir antes de reconstrucción","routes\auth.php","2129"
"REVIEW","Código existente a decidir antes de reconstrucción","routes\console.php","210"
"REVIEW","Código existente a decidir antes de reconstrucción","routes\web.php","664"
"REVIEW","Revisión necesaria","storage\app\.gitignore","33"
"REVIEW","Revisión necesaria","storage\app\private\.gitignore","14"
"REVIEW","Revisión necesaria","storage\app\public\.gitignore","14"
"REVIEW","Revisión necesaria","storage\app\template-test.txt","87"
"REVIEW","Revisión necesaria","storage\framework\.gitignore","119"
"REVIEW","Revisión necesaria","storage\framework\sessions\.gitignore","14"
"REVIEW","Revisión necesaria","storage\framework\sessions\9BGdDGKVgiyezvLHdV2Byu3CHpA3C0NWy4tHT0sH","295"
"REVIEW","Revisión necesaria","storage\framework\sessions\apVaGo9kNyI1JBNvUsit9lHpsruphKdW86bxaA8S","295"
"REVIEW","Revisión necesaria","storage\framework\sessions\owVeLjt9szamawu8COteJF0RYskYG4pEbaJm7nE1","279"
"REVIEW","Revisión necesaria","storage\framework\sessions\UibnDv2YnPe6klZrpyX65SFwG0i86UeQRuGGt32C","279"
"REVIEW","Revisión necesaria","storage\framework\sessions\zNvHcezaBUghVjSghH6AyQlbv90RgWWzX6WOPv8w","279"
"REVIEW","Revisión necesaria","storage\framework\testing\.gitignore","14"
"REVIEW","Revisión necesaria","storage\framework\views\.gitignore","14"
"REVIEW","Revisión necesaria","storage\framework\views\00391f4c8dd7529891b9b06bbee6eefd.php","773"
"REVIEW","Revisión necesaria","storage\framework\views\012267be59643b6e910253adec5b2413.php","804"
"REVIEW","Revisión necesaria","storage\framework\views\03e7be5ac382805beeee17cbe5ee4971.php","3222"
"REVIEW","Revisión necesaria","storage\framework\views\0480a3a3bff990db601336f9fea2e80c.php","11008"
"REVIEW","Revisión necesaria","storage\framework\views\077e21732904b0b65d7df2eb26c02d0a.php","10380"
"REVIEW","Revisión necesaria","storage\framework\views\079388287c06e1177eeecf496c497234.php","10313"
"REVIEW","Revisión necesaria","storage\framework\views\079dd452db32bb439c19e37e57980282.php","1384"
"REVIEW","Revisión necesaria","storage\framework\views\0c23656c26cf603412ff61d23adb1f37.php","10326"
"REVIEW","Revisión necesaria","storage\framework\views\0cc9837db21d2381ebd005c694109495.php","4259"
"REVIEW","Revisión necesaria","storage\framework\views\0d9157dbb72921c998fb60e015bbb307.php","8257"
"REVIEW","Revisión necesaria","storage\framework\views\0defa5534a42237c4ad7078956d792ee.php","1043"
"REVIEW","Revisión necesaria","storage\framework\views\1199d5252f7a35ea4e0daf9f87384112.php","2916"
"REVIEW","Revisión necesaria","storage\framework\views\145fcae2ef5dc4b0b2e1733d717f0b0d.php","2303"
"REVIEW","Revisión necesaria","storage\framework\views\14e66c66bf086307c1e00921d21197fd.php","17506"
"REVIEW","Revisión necesaria","storage\framework\views\16780ba2103b91b9fd2fe44ae05500a8.php","22898"
"REVIEW","Revisión necesaria","storage\framework\views\174bc18350a351207edbbda026246789.php","547"
"REVIEW","Revisión necesaria","storage\framework\views\17cecc8e3d944c391915892edfb50ebb.php","2034"
"REVIEW","Revisión necesaria","storage\framework\views\1ba3ed98be3efd848eb476d3540794d3.php","4581"
"REVIEW","Revisión necesaria","storage\framework\views\21fa5e7d3fe9f45fd6c52f2cd476cbec.php","17667"
"REVIEW","Revisión necesaria","storage\framework\views\22eb64f30f3f8cdb01d9ee72c162c7e9.php","11021"
"REVIEW","Revisión necesaria","storage\framework\views\27843e5479a879ba9bc6b87dc679b25e.php","435"
"REVIEW","Revisión necesaria","storage\framework\views\2c0e093b4b87a59b295c61931ce1cbf5.php","1104"
"REVIEW","Revisión necesaria","storage\framework\views\2ccb23a9980d3794fbe23fbd811579d2.php","3080"
"REVIEW","Revisión necesaria","storage\framework\views\2d157efec548afeabdb7085ede767701.php","4272"
"REVIEW","Revisión necesaria","storage\framework\views\2e58bb6fb1409279f6225876f2e98ee6.php","441"
"REVIEW","Revisión necesaria","storage\framework\views\358f4fe89247d4c6cfe14a5566eb4c9c.php","1644"
"REVIEW","Revisión necesaria","storage\framework\views\3675d31ede3c01e616b5b645f77920d2.php","6852"
"REVIEW","Revisión necesaria","storage\framework\views\36f36d14b6cd97ca30020cedc23c5ca6.php","451"
"REVIEW","Revisión necesaria","storage\framework\views\37a83bcd27f83491898363e85cc84666.php","410"
"REVIEW","Revisión necesaria","storage\framework\views\3974d89e53f44fb33df35092ab774347.php","31666"
"REVIEW","Revisión necesaria","storage\framework\views\39e5804350f1ef9281a26fa100b87a9e.php","1657"
"REVIEW","Revisión necesaria","storage\framework\views\3a4ad4f0068cb3c70f5ea5938229a5a6.php","2303"
"REVIEW","Revisión necesaria","storage\framework\views\3aa7ec1fb99604a93b9103923e6afd87.php","225"
"REVIEW","Revisión necesaria","storage\framework\views\3bf9ce76ee11f9bd3e3be0cf9944b54b.php","649"
"REVIEW","Revisión necesaria","storage\framework\views\3e12c6df985aeef99e4c8287d1b68402.php","8257"
"REVIEW","Revisión necesaria","storage\framework\views\3f511aaed9ba1b6dca952ebb80d9ca27.php","13783"
"REVIEW","Revisión necesaria","storage\framework\views\40b8b76d43c1485d7df050609f00d86b.php","2138"
"REVIEW","Revisión necesaria","storage\framework\views\448ab9f04808e36cccb6960e4d2dc0ef.php","12355"
"REVIEW","Revisión necesaria","storage\framework\views\47935894f94df61977f0c362aece02b6.php","4183"
"REVIEW","Revisión necesaria","storage\framework\views\4e5c3863c7c3362448f803b5ea776d61.php","1107"
"REVIEW","Revisión necesaria","storage\framework\views\4e8a144466b85c8361df7cb815634c10.php","2021"
"REVIEW","Revisión necesaria","storage\framework\views\4f90c9eefa8d4782989c34d2ee58ba87.php","3038"
"REVIEW","Revisión necesaria","storage\framework\views\516f9a91b458a2be3ac717f4f83a833c.php","455"
"REVIEW","Revisión necesaria","storage\framework\views\5283522c371d6348b3b2989886669127.php","1432"
"REVIEW","Revisión necesaria","storage\framework\views\53e5c2aed80f051bc5e976b84f9671d2.php","1657"
"REVIEW","Revisión necesaria","storage\framework\views\58c0cad066c563f13c27f87786969673.php","17667"
"REVIEW","Revisión necesaria","storage\framework\views\5991137ff6ea415456727b0524efb4f0.php","6277"
"REVIEW","Revisión necesaria","storage\framework\views\5bd1c9e3164f40f1b3467947bf9f1127.php","14276"
"REVIEW","Revisión necesaria","storage\framework\views\5c585dd124c9854b6aaa1d0e2ab42832.php","10393"
"REVIEW","Revisión necesaria","storage\framework\views\5df6aa9ed5e69e34ccbfad78e457c255.php","447"
"REVIEW","Revisión necesaria","storage\framework\views\5ea4849b68786941c8c9e552fd238c6c.php","2627"
"REVIEW","Revisión necesaria","storage\framework\views\5f8269a2507ba6a75f8087fb91d16e96.php","1173"
"REVIEW","Revisión necesaria","storage\framework\views\5fa68cc9782ab6d74ef089a0534f662f.php","4501"
"REVIEW","Revisión necesaria","storage\framework\views\604555774efe9ef2ae808d6cbfff0f1a.php","1563"
"REVIEW","Revisión necesaria","storage\framework\views\62cc597e16b6a18370a31856dc3fd7af.php","3267"
"REVIEW","Revisión necesaria","storage\framework\views\6a999d02c5a135a98071e4258321012f.php","3209"
"REVIEW","Revisión necesaria","storage\framework\views\6b2bbc7c159a4039119e201cd9d776db.php","397"
"REVIEW","Revisión necesaria","storage\framework\views\6c0d1bfc61cc961bdfb869e8b5991e04.php","2929"
"REVIEW","Revisión necesaria","storage\framework\views\6c33c94d1106ab71483f6f41a2233b77.php","817"
"REVIEW","Revisión necesaria","storage\framework\views\6caa4182b8b2054c44b42efcb9fcb88d.php","1432"
"REVIEW","Revisión necesaria","storage\framework\views\6ddfe7f0bc1e1afcc73b4690af1353a0.php","2847"
"REVIEW","Revisión necesaria","storage\framework\views\6deb5ac24f70172339c5e615ecf86a70.php","538"
"REVIEW","Revisión necesaria","storage\framework\views\7046e34680fb4e15609ec97ce02d1a73.php","463"
"REVIEW","Revisión necesaria","storage\framework\views\7092f87ef09df36186db60176d0dd5c8.php","4574"
"REVIEW","Revisión necesaria","storage\framework\views\71001b5fe4a79540d766f201c9b26c43.php","463"
"REVIEW","Revisión necesaria","storage\framework\views\72396afc79566d0f49cf462b51c27809.php","4488"
"REVIEW","Revisión necesaria","storage\framework\views\72ca5af4f1f6f0820cd174a5ccdabefe.php","31653"
"REVIEW","Revisión necesaria","storage\framework\views\78ab11241e176050b509c1c050cab569.php","536"
"REVIEW","Revisión necesaria","storage\framework\views\7aed3dbbcbcff08ff3bc59f3c39bf02d.php","82306"
"REVIEW","Revisión necesaria","storage\framework\views\7c76f21d9711f3ce712e62a10a55d95e.php","1331"
"REVIEW","Revisión necesaria","storage\framework\views\7e2e8fbfe0c6d81885a7946c677bac36.php","391"
"REVIEW","Revisión necesaria","storage\framework\views\7e5e65da7709766a49be3b4f04d1dbac.php","358"
"REVIEW","Revisión necesaria","storage\framework\views\7f7eb77286b8fab1c3ff736dcf6671aa.php","522"
"REVIEW","Revisión necesaria","storage\framework\views\7f99d4f2f90e95bb035b24c7c961929c.php","1425"
"REVIEW","Revisión necesaria","storage\framework\views\869d2d25733a39560a719c43b03c5cf3.php","1056"
"REVIEW","Revisión necesaria","storage\framework\views\873b5b475b588d038b8fec84b2ac91ca.php","1318"
"REVIEW","Revisión necesaria","storage\framework\views\8cd384452a01b1a70d136535309c110c.php","449"
"REVIEW","Revisión necesaria","storage\framework\views\8d369ec97e3aea203b9dd5010953ee0a.php","1004"
"REVIEW","Revisión necesaria","storage\framework\views\921e8af8f7f23bf33b42f90762339468.php","6264"
"REVIEW","Revisión necesaria","storage\framework\views\970d5e6a5f2aaa323dad48420d3c3de8.php","434"
"REVIEW","Revisión necesaria","storage\framework\views\9c092638b04e30e18e53d77a523a27df.php","14289"
"REVIEW","Revisión necesaria","storage\framework\views\9c798d790c29f6eafef8a6f8ec4f9529.php","3051"
"REVIEW","Revisión necesaria","storage\framework\views\9d00ef263d999730e2f680c32860e98b.php","441"
"REVIEW","Revisión necesaria","storage\framework\views\9e6407da72e6affa170f369d95e93f18.php","905"
"REVIEW","Revisión necesaria","storage\framework\views\9fd5fbd025b3a8810b2ad1dff9012611.php","535"
"REVIEW","Revisión necesaria","storage\framework\views\9fddb23a15f14303b7b123b13f95a1a2.php","1859"
"REVIEW","Revisión necesaria","storage\framework\views\a26893b3cdd6b8c173265a4dadf11752.php","7477"
"REVIEW","Revisión necesaria","storage\framework\views\a42257b385f3633073d3cb8ebd727dd9.php","17506"
"REVIEW","Revisión necesaria","storage\framework\views\a4d76e5ae4d63f1b0bfbdb6386caac8c.php","3067"
"REVIEW","Revisión necesaria","storage\framework\views\a572842b5ef549cb9a8c63a85acf0192.php","441"
"REVIEW","Revisión necesaria","storage\framework\views\a69ff7eab7cdcc475f9a1063a538f70a.php","10757"
"REVIEW","Revisión necesaria","storage\framework\views\a7cfac93a9a3c2726e9d33236944a136.php","435"
"REVIEW","Revisión necesaria","storage\framework\views\a8509ccfde47de05890dc33c0616d6ba.php","410"
"REVIEW","Revisión necesaria","storage\framework\views\aaffb41a4d6f349b21959c91d362e4f6.php","448"
"REVIEW","Revisión necesaria","storage\framework\views\ad531ceceecd4bd944db1541fc3c1809.php","6852"
"REVIEW","Revisión necesaria","storage\framework\views\ad6a5fa54bee09ba44c1ea59d03a50d5.php","549"
"REVIEW","Revisión necesaria","storage\framework\views\ad89c76895b72b3d6ba1a618174d4797.php","2249"
"REVIEW","Revisión necesaria","storage\framework\views\b0e1d7479b1ced4d33a30cc7c4517c6d.php","2457"
"REVIEW","Revisión necesaria","storage\framework\views\b0f39593ee84b7f7726825d784d876c4.php","3280"
"REVIEW","Revisión necesaria","storage\framework\views\b21965a22d85ee6ca631b09320a354a4.php","547"
"REVIEW","Revisión necesaria","storage\framework\views\b37d4ae90212f1b9e14241651c584001.php","1150"
"REVIEW","Revisión necesaria","storage\framework\views\b3a6b5957104b9ef351848cc66c81918.php","522"
"REVIEW","Revisión necesaria","storage\framework\views\b3b83f01690f1e45185a2e168c637927.php","991"
"REVIEW","Revisión necesaria","storage\framework\views\b468077aa21d62d391bfff5877ca5959.php","4594"
"REVIEW","Revisión necesaria","storage\framework\views\b9188b6e779ae023971e756e74dc0177.php","2125"
"REVIEW","Revisión necesaria","storage\framework\views\bb50fc7521cff7d21cf624b2419a7127.php","358"
"REVIEW","Revisión necesaria","storage\framework\views\bc2c147ed1b6cbdc8ccd9ddbfd33ffda.php","792"
"REVIEW","Revisión necesaria","storage\framework\views\bcea83c435451997c7974b4eccd11d65.php","4308"
"REVIEW","Revisión necesaria","storage\framework\views\bcf4be8cb7bf2906c04978b9c36409fd.php","3610"
"REVIEW","Revisión necesaria","storage\framework\views\bd68e59409477ae3fc307b4fa6aa81d9.php","779"
"REVIEW","Revisión necesaria","storage\framework\views\bfe9d4228ef243eed97e29015bb27eed.php","3597"
"REVIEW","Revisión necesaria","storage\framework\views\c1df52c0123741506cda416a4570155b.php","2786"
"REVIEW","Revisión necesaria","storage\framework\views\c215a8179b21d6e2c6ba2093884a09cd.php","548"
"REVIEW","Revisión necesaria","storage\framework\views\c269d4f709a86643f511e8cedcf223fd.php","1173"
"REVIEW","Revisión necesaria","storage\framework\views\c2e431a5459a94854bacd8fbbd26524c.php","786"
"REVIEW","Revisión necesaria","storage\framework\views\c350a2b915cfbac2b6bbffee1bae4906.php","4110"
"REVIEW","Revisión necesaria","storage\framework\views\c5baf56f09d7505986b8faf28f261784.php","10744"
"REVIEW","Revisión necesaria","storage\framework\views\c6e0f3ad720a956deccb81414a9282e2.php","4308"
"REVIEW","Revisión necesaria","storage\framework\views\c82a9faa06491cef7dadb388f2dec66d.php","12355"
"REVIEW","Revisión necesaria","storage\framework\views\c83d6d2ce3e9133fa54a4977a7255199.php","538"
"REVIEW","Revisión necesaria","storage\framework\views\c8f0a5b77f6f22bab51981cbcabfd142.php","397"
"REVIEW","Revisión necesaria","storage\framework\views\c97e9b2e881b192d2e9ff808afb527a8.php","10018"
"REVIEW","Revisión necesaria","storage\framework\views\cb0d3c57f1d0835c8f9df9c7fe2bfd4a.php","225"
"REVIEW","Revisión necesaria","storage\framework\views\cbb6b41a34eace1dfdd9957515e640e5.php","22911"
"REVIEW","Revisión necesaria","storage\framework\views\cc095ef417d4823b5736deee0185bf8d.php","1107"
"REVIEW","Revisión necesaria","storage\framework\views\ccb548f8c6b5f6705efe68fcc3cebd3a.php","4953"
"REVIEW","Revisión necesaria","storage\framework\views\cd4b320f380a535329a4938c3381b310.php","1150"
"REVIEW","Revisión necesaria","storage\framework\views\d2f2c57404cb5d01b0e77716cf3ac3fc.php","378"
"REVIEW","Revisión necesaria","storage\framework\views\d3182531bd2182c214a2bfb996567997.php","2786"
"REVIEW","Revisión necesaria","storage\framework\views\d6701527aeb4378c38fbc295dee333ba.php","435"
"REVIEW","Revisión necesaria","storage\framework\views\d74aa8cfb07a20b3b039caf4572f7d38.php","7490"
"REVIEW","Revisión necesaria","storage\framework\views\db50f5932e7c6f4f24494368c045f6c0.php","13783"
"REVIEW","Revisión necesaria","storage\framework\views\dbc9e44727f586511bebce0dfa79190b.php","487"
"REVIEW","Revisión necesaria","storage\framework\views\de2cfd9b18b04b9738604afa29d11aff.php","5202"
"REVIEW","Revisión necesaria","storage\framework\views\e219152ac4a720936538f22db6353c77.php","636"
"REVIEW","Revisión necesaria","storage\framework\views\e44a211f7324415a623a1b50937cf254.php","918"
"REVIEW","Revisión necesaria","storage\framework\views\e84c667efb0b2a839c3597a9aa9d4d56.php","18385"
"REVIEW","Revisión necesaria","storage\framework\views\eb5b370e6db8133e04bef615db5ba675.php","3569"
"REVIEW","Revisión necesaria","storage\framework\views\eb64f20c5a3489454d86d9f67a7317a5.php","4183"
"REVIEW","Revisión necesaria","storage\framework\views\f071ac2ce04199dc96f6f63ed0a022fd.php","9892"
"REVIEW","Revisión necesaria","storage\framework\views\f0f1b1ada3c6fdee9ed25e5cff0cc88f.php","18385"
"REVIEW","Revisión necesaria","storage\framework\views\f2f25a263b5d9ab05ab9027c88454c3a.php","4004"
"REVIEW","Revisión necesaria","storage\framework\views\f4114ee9d5d9e37868a79a45d537a54c.php","2735"
"REVIEW","Revisión necesaria","storage\framework\views\f64268b9f872f6d55bafa979f053f09e.php","12663"
"REVIEW","Revisión necesaria","storage\framework\views\f732a52b76539ac9ac3f761e2591b3cb.php","1563"
"REVIEW","Revisión necesaria","storage\framework\views\f98941c21c1af67e0313770a873229a2.php","2735"
"REVIEW","Revisión necesaria","storage\framework\views\f9cc69218a01618d9d9f1e39d1d243b3.php","10018"
"REVIEW","Revisión necesaria","storage\framework\views\fa219b96d60306e6a5463db35af185f6.php","4587"
"REVIEW","Revisión necesaria","storage\framework\views\fa483c2561c7cb038ea49c2ca392c022.php","12663"
"REVIEW","Revisión necesaria","storage\framework\views\fc4c19b533be7f1d03649a97d0f25a5e.php","3582"
"REVIEW","Revisión necesaria","storage\framework\views\fcddd55035bfe61ad9ab47df39e83d0f.php","1164"
"REVIEW","Revisión necesaria","storage\framework\views\fd5f28c3ea37e84421826bef285eafa6.php","2444"
"REVIEW","Revisión necesaria","storage\framework\views\ff789dc43bd1cd8a1c2554a01c14ee55.php","1164"
"REVIEW","Revisión necesaria","storage\framework\views\ff9cbc88e4fb40879dd6bc3318a9144c.php","1846"
"REVIEW","Revisión necesaria","storage\logs\.gitignore","14"
"REVIEW","Revisión necesaria","storage\logs\cookies.txt","1524"
"REVIEW","Revisión necesaria","storage\logs\csrf_token.txt","45"
"REVIEW","Revisión necesaria","storage\logs\laravel.log","8669758"
"REVIEW","Revisión necesaria","storage\logs\login.html","4066"
"REVIEW","Revisión necesaria","storage\logs\login_after_patch.html","3094"
"REVIEW","Revisión necesaria","storage\logs\login_after_patch_create.html","3096"
"REVIEW","Revisión necesaria","storage\logs\login_after_restrict.html","2989"
"REVIEW","Revisión necesaria","storage\logs\login_post_response.txt","14065"
"REVIEW","Revisión necesaria","storage\logs\php-server.err.log","13713"
"REVIEW","Revisión necesaria","storage\logs\php-server.log","0"
"REVIEW","Revisión necesaria","storage\logs\usuarios_create.html","11487"
"REVIEW","Revisión necesaria","storage\logs\usuarios_create2.html","11487"
"REVIEW","Revisión necesaria","storage\logs\usuarios_csrf.txt","45"
"REVIEW","Revisión necesaria","storage\logs\usuarios_csrf2.txt","45"
"REVIEW","Revisión necesaria","storage\logs\usuarios_store_response.html","13064"
"REVIEW","Revisión necesaria","storage\logs\usuarios_store_response2.html","12756"
"REVIEW","Revisión necesaria","tailwind.config.js","541"
"REVIEW","Revisión necesaria","tests\Feature\Auth\AuthenticationTest.php","1270"
"REVIEW","Revisión necesaria","tests\Feature\Auth\EmailVerificationTest.php","1645"
"REVIEW","Revisión necesaria","tests\Feature\Auth\PasswordConfirmationTest.php","1082"
"REVIEW","Revisión necesaria","tests\Feature\Auth\PasswordResetTest.php","1992"
"REVIEW","Revisión necesaria","tests\Feature\Auth\PasswordUpdateTest.php","1409"
"REVIEW","Revisión necesaria","tests\Feature\ExampleTest.php","274"
"REVIEW","Revisión necesaria","tests\Feature\ProfileTest.php","2501"
"REVIEW","Revisión necesaria","tests\Fixtures\Templates\service.stub","96"
"REVIEW","Revisión necesaria","tests\TestCase.php","142"
"REVIEW","Revisión necesaria","tests\Unit\Core\Builders\ModuleBuilderTest.php","5685"
"REVIEW","Revisión necesaria","tests\Unit\Core\FileSystem\DirectoryManagerTest.php","2352"
"REVIEW","Revisión necesaria","tests\Unit\Core\FileSystem\FileWriterTest.php","3131"
"REVIEW","Revisión necesaria","tests\Unit\Core\FileSystem\GitKeepGeneratorTest.php","4126"
"REVIEW","Revisión necesaria","tests\Unit\Core\FileSystem\JsonWriterTest.php","3893"
"REVIEW","Revisión necesaria","tests\Unit\Core\FileSystem\StubWriterTest.php","3938"
"REVIEW","Revisión necesaria","tests\Unit\Core\ValueObjects\ModuleIdTest.php","1822"
