capa,fuente_id,archivo,titulo,referencias_fnd,referencias_arq,referencias_eng,elegibilidad_como_fuente,rol_en_canonizacion,sha256
FND,FND-000,FND-000-Carta_del_Proyecto.md,Carta del Proyecto,FND-000;FND-001;FND-002;FND-012;FND-013,,,AUTORIDAD_FUNDACIONAL_APTA_COMO_FUENTE,Puede respaldar decisión canónica; no crea término MEF-DIC por sí sola.,3a70a7e543c58316ccdc6f8c9fa42aa80bc84aeabc45843410c352baadc94c37
FND,FND-001,FND-001-VISION.md,Visión,FND-000;FND-001;FND-002;FND-003;FND-012,,,AUTORIDAD_FUNDACIONAL_APTA_COMO_FUENTE,Puede respaldar decisión canónica; no crea término MEF-DIC por sí sola.,aeb28ce89f793c64d69000cc6b227dac581c589f4a2cce3762841ca9cd4b6ed4
FND,FND-014,FND-014-GUIA_EDITORIAL.md,Estándar de Documentación,FND-005;FND-006;FND-014,,,AUTORIDAD_FUNDACIONAL_APTA_COMO_FUENTE,Puede respaldar decisión canónica; no crea término MEF-DIC por sí sola.,4b92f28d573e393c7026359dde40db13aaa6f5673a1257f0eddeda180a7a3c4c
FND,FND-002,FND-02-MISION.md,Misión,FND-000;FND-001;FND-002;FND-003;FND-004,,,AUTORIDAD_FUNDACIONAL_APTA_COMO_FUENTE,Puede respaldar decisión canónica; no crea término MEF-DIC por sí sola.,7125c98d034e172f6cc7d6d0a34c9fa06e3f3b3df9e7d65686e1f132ed912be4
FND,FND-003,FND-03-VALORES.md,Valores,FND-000;FND-001;FND-002;FND-003;FND-004;FND-009;FND-011,,,AUTORIDAD_FUNDACIONAL_APTA_COMO_FUENTE,Puede respaldar decisión canónica; no crea término MEF-DIC por sí sola.,308f420992e17542c04faa36df583af95eff6dc7047cae6aab98018842c821f1
FND,FND-004,FND-04-PRINCIPIOS_DE_ARQUITECTURA.md,Principios de Arquitectura,FND-000;FND-001;FND-002;FND-003;FND-004;FND-009;FND-010;FND-011,ARQ-001,,AUTORIDAD_FUNDACIONAL_APTA_COMO_FUENTE,Puede respaldar decisión canónica; no crea término MEF-DIC por sí sola.,d6bf7eb1ffc1578a414a483d3fa1cb8c03a72c07e43ca7ae927ce7ab79a5695c
FND,FND-005,FND-05-LENGUAJE_OFICIAL_DE_MEF.md,Lenguaje Oficial de MEF,FND-000;FND-005,,,AUTORIDAD_FUNDACIONAL_APTA_COMO_FUENTE,Puede respaldar decisión canónica; no crea término MEF-DIC por sí sola.,29f3fce241d382322c161ae300c41cf6e1f58660d1d9e82ebead51a2d40a534c
FND,FND-006,FND-06-GOBERNANZA_TECNICA.md,Gobernanza Técnica,FND-000;FND-004;FND-006;FND-012;FND-013;FND-014,,,AUTORIDAD_FUNDACIONAL_APTA_COMO_FUENTE,Puede respaldar decisión canónica; no crea término MEF-DIC por sí sola.,977fbbce79a609bb3596d077c6ec3ece7d73a70fcc9c4cf0e4c734504696e5f1
FND,FND-007,FND-07-MANIFIESTO_DE_INGENIERIA_DE_DESARROLLO.md,Manifiesto de Desarrollo,FND-003;FND-004;FND-007;FND-008;FND-009;FND-014,,,AUTORIDAD_FUNDACIONAL_APTA_COMO_FUENTE,Puede respaldar decisión canónica; no crea término MEF-DIC por sí sola.,9bb4c15ca47be88edca986a1f1b4786657b33beee9517d1809400946c8041544
FND,FND-008,FND-08-DECALOGO_DEL_DESARROLLADOR.md,Decálogo del Desarrollador,FND-003;FND-004;FND-006;FND-007;FND-008;FND-014,,,AUTORIDAD_FUNDACIONAL_APTA_COMO_FUENTE,Puede respaldar decisión canónica; no crea término MEF-DIC por sí sola.,5885cc03a5336f6c2d706434e7e2e4f7f0db725d259a0fe777651168094bc8a2
FND,FND-009,FND-09-FILOSOFIA_DE_DISENO.md,Filosofía de Diseño,FND-003;FND-004;FND-009;FND-010;FND-011,ARQ-001,,AUTORIDAD_FUNDACIONAL_APTA_COMO_FUENTE,Puede respaldar decisión canónica; no crea término MEF-DIC por sí sola.,b6efe093c69d38a226e75f2497e8cf3fb47cbbf613821f3b54b0cfe910f6ea0a
FND,FND-010,FND-10-ARBOL_DE_DECISIONES.md,Árbol de Decisiones,FND-004;FND-009;FND-010;FND-011,,,AUTORIDAD_FUNDACIONAL_APTA_COMO_FUENTE,Puede respaldar decisión canónica; no crea término MEF-DIC por sí sola.,17f187eb3f91c50b866893407896d2da75b27d735ac5863e0fcb990b9dce47af
FND,FND-011,FND-11-DOCTRINA_DE_ARQUITECTURA.md,Doctrina de Arquitectura,FND-004;FND-009;FND-010;FND-011,ARQ-001;ARQ-017,,AUTORIDAD_FUNDACIONAL_APTA_COMO_FUENTE,Puede respaldar decisión canónica; no crea término MEF-DIC por sí sola.,724565ade64bb93291794317a6d05edb07a07743c85e022f8d7f2734c6177ab0
FND,FND-012,FND-12-CONSTITUCION_DE_MEF.md,Constitución de MEF,FND-000;FND-004;FND-006;FND-012;FND-013;FND-014,,,AUTORIDAD_FUNDACIONAL_APTA_COMO_FUENTE,Puede respaldar decisión canónica; no crea término MEF-DIC por sí sola.,04621e38cd50e724cbd95b19f77b87807f620b73f6e3b0261f5ed7401b74d280
FND,FND-013,FND-13-INDEPENDENCIA_DEL_FRAMEWORK.md,Independencia del Framework,FND-000;FND-004;FND-011;FND-012;FND-013,ARQ-001;ARQ-002;ARQ-003,,AUTORIDAD_FUNDACIONAL_APTA_COMO_FUENTE,Puede respaldar decisión canónica; no crea término MEF-DIC por sí sola.,547515b0f59d8ceef5fe9314f98290a5c2d71340fc4062c169ee52799bde05e6
ARQ,ARQ-000,ARQ-000-ARQUITECTURA_GENERAL.md,Arquitectura General,FND-000;FND-004;FND-011,ARQ-000;ARQ-001;ARQ-002;ARQ-003,,AUTORIDAD_ARQUITECTONICA_APTA_COMO_FUENTE,Puede especializar/respaldar FND; no crea término MEF-DIC por sí sola.,6cc524d537eb9ee938de3ae7e66354964d81208a9768713d535f9397c8f73bd5
ARQ,ARQ-001,ARQ-001-VISION_ARQUITECTONICA.md,Visión Arquitectónica,FND-004;FND-011,ARQ-000;ARQ-001;ARQ-002;ARQ-003;ARQ-004,,AUTORIDAD_ARQUITECTONICA_APTA_COMO_FUENTE,Puede especializar/respaldar FND; no crea término MEF-DIC por sí sola.,61bc30b8529a3249035c63967f2a47da011d840f546ba80df961d99c2c90ec36
ARQ,ARQ-002,ARQ-002-CORE.md,Core,FND-004;FND-011;FND-013,ARQ-001;ARQ-002;ARQ-003;ARQ-004;ARQ-005,,AUTORIDAD_ARQUITECTONICA_APTA_COMO_FUENTE,Puede especializar/respaldar FND; no crea término MEF-DIC por sí sola.,ca0be809b9bcffe04ebce00fe24d76784fb4f0b4473f7f658afd7a0e378f6c5f
ARQ,ARQ-003,ARQ-003-PLATFORM.md,Platform,FND-004;FND-011,ARQ-002;ARQ-003;ARQ-004;ARQ-006;ARQ-007;ARQ-008,,AUTORIDAD_ARQUITECTONICA_APTA_COMO_FUENTE,Puede especializar/respaldar FND; no crea término MEF-DIC por sí sola.,8620aa57aa309e458fa8ce4707ddc531b219d85b9182a10e020fe1a5b59d0d16
ARQ,ARQ-004,ARQ-004-MODULES.md,Modules,FND-004;FND-011;FND-012;FND-013,ARQ-001;ARQ-002;ARQ-003;ARQ-004;ARQ-005;ARQ-006;ARQ-008;ARQ-014;ARQ-015,,AUTORIDAD_ARQUITECTONICA_APTA_COMO_FUENTE,Puede especializar/respaldar FND; no crea término MEF-DIC por sí sola.,eba944f94f8f72f26f9030a74b618392b6075816555b7a52ce82f5ea3bcfdd1a
ARQ,ARQ-005,ARQ-005-KERNEL.md,Kernel,,ARQ-002;ARQ-003;ARQ-004;ARQ-005;ARQ-006;ARQ-007;ARQ-008;ARQ-014,,AUTORIDAD_ARQUITECTONICA_APTA_COMO_FUENTE,Puede especializar/respaldar FND; no crea término MEF-DIC por sí sola.,a26180d0dd0227c35191f09ddee192c8de4956c7dbd11eac13bc9f58480a52b5
ARQ,ARQ-006,ARQ-006-REGISTRY.md,Registry,,ARQ-002;ARQ-004;ARQ-005;ARQ-006;ARQ-007;ARQ-008;ARQ-014,,AUTORIDAD_ARQUITECTONICA_APTA_COMO_FUENTE,Puede especializar/respaldar FND; no crea término MEF-DIC por sí sola.,ca065680f55e320b2e2496e2e3a1d1d0f991fd146cfc178da93806c085bba1ce
ARQ,ARQ-007,ARQ-007-SERVICE_CONTAINER.md,Service Container,,ARQ-002;ARQ-005;ARQ-006;ARQ-007;ARQ-008;ARQ-011;ARQ-012;ARQ-014,,AUTORIDAD_ARQUITECTONICA_APTA_COMO_FUENTE,Puede especializar/respaldar FND; no crea término MEF-DIC por sí sola.,c976899a82097d4629cc694c320b3265b3648aff1e2a7386f4acff6a139588a4
ARQ,ARQ-008,ARQ-008-EVENT_BUS.md,Event Bus,,ARQ-002;ARQ-004;ARQ-005;ARQ-007;ARQ-008;ARQ-014;ARQ-015,,AUTORIDAD_ARQUITECTONICA_APTA_COMO_FUENTE,Puede especializar/respaldar FND; no crea término MEF-DIC por sí sola.,eedf252e1a6c79569b8a292ad42318353a5edce7fd021fd255c20085751a40a9
ARQ,ARQ-009,ARQ-009-BUILDERS.md,Builders,,ARQ-002;ARQ-003;ARQ-007;ARQ-009;ARQ-010;ARQ-011;ARQ-012,,AUTORIDAD_ARQUITECTONICA_APTA_COMO_FUENTE,Puede especializar/respaldar FND; no crea término MEF-DIC por sí sola.,8fdfb1c7e82447b046e58aa23b8713aa7788834c3ef80076dd33d98575edf139
ARQ,ARQ-010,ARQ-010-TEMPLATE_ENGINE.md,Template Engine,,ARQ-003;ARQ-009;ARQ-010;ARQ-011;ARQ-013,,AUTORIDAD_ARQUITECTONICA_APTA_COMO_FUENTE,Puede especializar/respaldar FND; no crea término MEF-DIC por sí sola.,4ba7e513a2edaac907e08ef939936f13152aa602c3642f6cd578af303af159ae
ARQ,ARQ-011,ARQ-011-CONTRACTS.md,Contracts,,ARQ-002;ARQ-007;ARQ-009;ARQ-011;ARQ-012;ARQ-015,,AUTORIDAD_ARQUITECTONICA_APTA_COMO_FUENTE,Puede especializar/respaldar FND; no crea término MEF-DIC por sí sola.,62681d2bc7fde74fbe76281e818051eb54bb119ad7bce0f4544b5d9ceb679fc5
ARQ,ARQ-012,ARQ-012-DEPENDENCY_INJECTION.md,Dependency Injection,,ARQ-007;ARQ-009;ARQ-011;ARQ-012;ARQ-013;ARQ-014,,AUTORIDAD_ARQUITECTONICA_APTA_COMO_FUENTE,Puede especializar/respaldar FND; no crea término MEF-DIC por sí sola.,e8941d0c085a72ff74265a1bfa32f05dd95fb54a14079940b8a134aa2dd96ad2
ARQ,ARQ-013,ARQ-013-CONFIGURATION.md,Configuration,,ARQ-003;ARQ-007;ARQ-010;ARQ-012;ARQ-013;ARQ-014,,AUTORIDAD_ARQUITECTONICA_APTA_COMO_FUENTE,Puede especializar/respaldar FND; no crea término MEF-DIC por sí sola.,774ac347e90562b15867103a67c25ae5d97760d366a331e8bf2e70cd1568bfca
ARQ,ARQ-014,ARQ-014-FRAMEWORK_LIFECYCLE.md,Framework Lifecycle,,ARQ-005;ARQ-006;ARQ-007;ARQ-008;ARQ-012;ARQ-014;ARQ-015,ENG-015,AUTORIDAD_ARQUITECTONICA_APTA_COMO_FUENTE,Puede especializar/respaldar FND; no crea término MEF-DIC por sí sola.,5952559d8fc0893e4f6af30fdcc846203c8765adff27ee3ec403b1c616f58fb1
ARQ,ARQ-015,ARQ-015-EXTENSION_MODEL.md,Extension Model,FND-013,ARQ-004;ARQ-008;ARQ-011;ARQ-014;ARQ-015;ARQ-016,ENG-016,AUTORIDAD_ARQUITECTONICA_APTA_COMO_FUENTE,Puede especializar/respaldar FND; no crea término MEF-DIC por sí sola.,b454f0edb80733f7866d776dfa0ebe1b2920e7ac62a162da192f1c2afceb1576
ARQ,ARQ-016,ARQ-016-SECURITY.md,Security,FND-004;FND-013,ARQ-011;ARQ-013;ARQ-015;ARQ-016;ARQ-017,ENG-017,AUTORIDAD_ARQUITECTONICA_APTA_COMO_FUENTE,Puede especializar/respaldar FND; no crea término MEF-DIC por sí sola.,6c619fb0eb2066602df9e8d5d9598855e3f1f036d0549a87d9538f89ae1aa712
ARQ,ARQ-017,ARQ-017-PACKAGING.md,Packaging,,ARQ-004;ARQ-011;ARQ-013;ARQ-015;ARQ-016;ARQ-017,ENG-001;ENG-002,AUTORIDAD_ARQUITECTONICA_APTA_COMO_FUENTE,Puede especializar/respaldar FND; no crea término MEF-DIC por sí sola.,2a7197aa3df06101c328e37d57a4af97f48cd4d67adce677efcc706405768a83
ENG,ENG-000,ENG-000-INGENIERIA_GENERAL.md,Ingeniería General,FND-004;FND-011;FND-013,ARQ-000;ARQ-001;ARQ-004;ARQ-010;ARQ-013;ARQ-014;ARQ-015;ARQ-016;ARQ-017,ENG-000;ENG-001;ENG-002;ENG-003;ENG-004;ENG-005;ENG-006;ENG-007;ENG-008;ENG-009;ENG-010;ENG-011;ENG-012;ENG-013;ENG-014;ENG-015;ENG-016;ENG-017;ENG-100,EVIDENCIA_ENG_APTA_PARA_CONTRASTE,Fuente subordinada de ingeniería; no puede canonizar por sí sola.,f7effc342bb0289be7ee51a4074200303c478a026c9650a3054ac65b5fcb1356
ENG,ENG-001,ENG-001-ORGANIZACION_DEL_CODIGO.md,Organización del Código,FND-013,ARQ-002;ARQ-003;ARQ-004;ARQ-006;ARQ-007;ARQ-008;ARQ-011;ARQ-015,ENG-000;ENG-001;ENG-002;ENG-003;ENG-004;ENG-005;ENG-006;ENG-009,EVIDENCIA_ENG_APTA_PARA_CONTRASTE,Fuente subordinada de ingeniería; no puede canonizar por sí sola.,fc150ddc7336eaa6fb2484189e67a2258b25d3fb1869988cb32eb3ce3cdbc449
ENG,ENG-002,ENG-002-ESPECIFICACION_DE_MODULES.md,Especificación de Modules,FND-004;FND-013,ARQ-004;ARQ-006;ARQ-008;ARQ-011;ARQ-013;ARQ-014;ARQ-015;ARQ-016;ARQ-017,ENG-000;ENG-001;ENG-002;ENG-003;ENG-004;ENG-005;ENG-006;ENG-009;ENG-014,EVIDENCIA_ENG_APTA_PARA_CONTRASTE,Fuente subordinada de ingeniería; no puede canonizar por sí sola.,cebd04e0f84dce8b25dcbb8ecb3ff73fc3954b9536925aec10dbbbd841939a32
ENG,ENG-003,ENG-003-MANIFEST.md,Manifest,,ARQ-004;ARQ-006;ARQ-011;ARQ-014;ARQ-015;ARQ-016;ARQ-017,ENG-000;ENG-001;ENG-002;ENG-003;ENG-004;ENG-005;ENG-006;ENG-007;ENG-013;ENG-014,EVIDENCIA_ENG_APTA_PARA_CONTRASTE,Fuente subordinada de ingeniería; no puede canonizar por sí sola.,41e1be96f4ef73f5f44479d65d730a72b2c9b5bffb8200622b6e293ee55e7530
ENG,ENG-004,ENG-004-CONVENCIONES.md,Convenciones,FND-013,ARQ-004;ARQ-008;ARQ-011;ARQ-012;ARQ-013;ARQ-015;ARQ-016;ARQ-017,ENG-000;ENG-001;ENG-002;ENG-003;ENG-004;ENG-005;ENG-006;ENG-007;ENG-009;ENG-010;ENG-011;ENG-014,EVIDENCIA_ENG_APTA_PARA_CONTRASTE,Fuente subordinada de ingeniería; no puede canonizar por sí sola.,bce391b034fdfc2d732f6b92d441537b29e0968ccc8ae1f712dfee8fe78b53ba
ENG,ENG-005,ENG-005-NOMENCLATURA.md,Nomenclatura,FND-005;FND-013,ARQ-004;ARQ-006;ARQ-008;ARQ-009;ARQ-011;ARQ-013;ARQ-015;ARQ-017,ENG-000;ENG-001;ENG-002;ENG-003;ENG-004;ENG-005;ENG-006;ENG-007;ENG-008;ENG-009;ENG-011;ENG-014,EVIDENCIA_ENG_APTA_PARA_CONTRASTE,Fuente subordinada de ingeniería; no puede canonizar por sí sola.,28945d9abf90db5206515126ff00c895514cdf4e2ad1d7de8e9662508cb14a96
ENG,ENG-006,ENG-006-ESTRUCTURA_DE_DIRECTORIOS.md,Estructura de Directorios,FND-013,ARQ-002;ARQ-003;ARQ-004;ARQ-015;ARQ-017,ENG-000;ENG-001;ENG-002;ENG-003;ENG-004;ENG-005;ENG-006;ENG-007;ENG-008;ENG-009;ENG-011;ENG-012;ENG-013,EVIDENCIA_ENG_APTA_PARA_CONTRASTE,Fuente subordinada de ingeniería; no puede canonizar por sí sola.,2d532cc8ccac9e1964e6560335e45fbb037ab532187c38c796337c92d88d83f1
ENG,ENG-007,ENG-007-CLI.md,CLI,,ARQ-005;ARQ-006;ARQ-014;ARQ-015;ARQ-017,ENG-000;ENG-003;ENG-004;ENG-005;ENG-006;ENG-007;ENG-008;ENG-009;ENG-011;ENG-012;ENG-013;ENG-014,EVIDENCIA_ENG_APTA_PARA_CONTRASTE,Fuente subordinada de ingeniería; no puede canonizar por sí sola.,9d3211168fa53890f21c61c1d78e0cb52a81d836a10a5cabb3f6393eb70e5ed4
ENG,ENG-008,ENG-008-GENERADORES.md,Generadores,,ARQ-009;ARQ-010;ARQ-011;ARQ-015,ENG-003;ENG-004;ENG-005;ENG-006;ENG-007;ENG-008;ENG-009;ENG-011;ENG-012;ENG-013,EVIDENCIA_ENG_APTA_PARA_CONTRASTE,Fuente subordinada de ingeniería; no puede canonizar por sí sola.,4c864fbb168595605705c0e05f81774da0a41721faf6940d9c6b8c777b7ef655
ENG,ENG-009,ENG-009-TESTING.md,Testing,,ARQ-004;ARQ-007;ARQ-008;ARQ-011;ARQ-014;ARQ-016;ARQ-017,ENG-000;ENG-001;ENG-002;ENG-003;ENG-004;ENG-005;ENG-006;ENG-007;ENG-008;ENG-009;ENG-010;ENG-011;ENG-012;ENG-013;ENG-014;ENG-015;ENG-017,EVIDENCIA_ENG_APTA_PARA_CONTRASTE,Fuente subordinada de ingeniería; no puede canonizar por sí sola.,5a51ea0314726e6457ef77c60eb8b2fe4a80adb85920b6d477da4cacff752967
ENG,ENG-010,ENG-010-LOGGING.md,Logging,,ARQ-003;ARQ-008;ARQ-013;ARQ-014;ARQ-016,ENG-000;ENG-004;ENG-005;ENG-007;ENG-008;ENG-009;ENG-010;ENG-011;ENG-012;ENG-015,EVIDENCIA_ENG_APTA_PARA_CONTRASTE,Fuente subordinada de ingeniería; no puede canonizar por sí sola.,2bd28abc5005716f432e6dc83267a09fd5d0bbb67a5c98d66c5de7c20a3e877a
ENG,ENG-011,ENG-011-CONFIGURATION_FILES.md,Configuration Files,,ARQ-003;ARQ-006;ARQ-013;ARQ-014;ARQ-016;ARQ-017,ENG-000;ENG-003;ENG-004;ENG-005;ENG-006;ENG-007;ENG-008;ENG-009;ENG-010;ENG-011;ENG-012;ENG-013;ENG-014;ENG-015,EVIDENCIA_ENG_APTA_PARA_CONTRASTE,Fuente subordinada de ingeniería; no puede canonizar por sí sola.,b87b67b0b4c10b6b9b3b5ed6d4624d8b368349449d63b5f8d727a0e72e5b1e88
ENG,ENG-012,ENG-012-BUILD_SYSTEM.md,Build System,,ARQ-009;ARQ-010;ARQ-014;ARQ-016;ARQ-017,ENG-000;ENG-003;ENG-004;ENG-005;ENG-006;ENG-007;ENG-008;ENG-009;ENG-010;ENG-011;ENG-012;ENG-013;ENG-014;ENG-017,EVIDENCIA_ENG_APTA_PARA_CONTRASTE,Fuente subordinada de ingeniería; no puede canonizar por sí sola.,81aa8546d9c042a74e15aca7c85d53d589b1c7eb8e1cce506cbbdbf45dd8a205
ENG,ENG-013,ENG-013-PACKAGE_MANAGER.md,Package Manager,,ARQ-004;ARQ-006;ARQ-011;ARQ-013;ARQ-014;ARQ-016;ARQ-017,ENG-000;ENG-003;ENG-005;ENG-006;ENG-007;ENG-008;ENG-009;ENG-010;ENG-011;ENG-012;ENG-013;ENG-014;ENG-015;ENG-017,EVIDENCIA_ENG_APTA_PARA_CONTRASTE,Fuente subordinada de ingeniería; no puede canonizar por sí sola.,8ee7ade2e829f6dc468f8631a2e3ecbfa63ad420eafb6ae3188f38d8d5e6278d
ENG,ENG-014,ENG-014-VERSIONADO.md,Versionado,,ARQ-004;ARQ-006;ARQ-011;ARQ-013;ARQ-014;ARQ-016;ARQ-017,ENG-000;ENG-003;ENG-005;ENG-007;ENG-008;ENG-009;ENG-010;ENG-011;ENG-012;ENG-013;ENG-014;ENG-015;ENG-016;ENG-017,EVIDENCIA_ENG_APTA_PARA_CONTRASTE,Fuente subordinada de ingeniería; no puede canonizar por sí sola.,b548cb84e23aaf79575732be6c98ba5605489bca018686ee361d68f2c69a2418
ENG,ENG-015,ENG-015-ARCHITECTURAL_STATE_MACHINE.md,Architectural State Machine,,ARQ-004;ARQ-006;ARQ-011;ARQ-013;ARQ-014;ARQ-016;ARQ-017,ENG-000;ENG-003;ENG-007;ENG-009;ENG-010;ENG-011;ENG-012;ENG-013;ENG-014;ENG-015;ENG-016;ENG-017,EVIDENCIA_ENG_APTA_PARA_CONTRASTE,Fuente subordinada de ingeniería; no puede canonizar por sí sola.,6ee14e593ecde498ea508f5832789403fc7855685ffb1186e24d31eae207275e
ENG,ENG-016,ENG-016-COMPATIBILITY.md,Compatibility,,ARQ-004;ARQ-006;ARQ-011;ARQ-013;ARQ-014;ARQ-016;ARQ-017,ENG-000;ENG-003;ENG-007;ENG-009;ENG-010;ENG-011;ENG-012;ENG-013;ENG-014;ENG-015;ENG-016;ENG-017,EVIDENCIA_ENG_APTA_PARA_CONTRASTE,Fuente subordinada de ingeniería; no puede canonizar por sí sola.,53cd3f9a7bcf4c2cfa7a4d2505dc2f366ee560b455259b02d2da891a906ec0de
ENG,ENG-017,ENG-017-RELEASE_PROCESS.md,Release Process,,ARQ-011;ARQ-014;ARQ-016;ARQ-017,ENG-000;ENG-003;ENG-007;ENG-009;ENG-010;ENG-011;ENG-012;ENG-013;ENG-014;ENG-015;ENG-016;ENG-017,EVIDENCIA_ENG_APTA_PARA_CONTRASTE,Fuente subordinada de ingeniería; no puede canonizar por sí sola.,036991ba80ba0e95955f4a2fd5f35859edf17d04195124c4c279364192b2160f
ENG,ENG-018,ENG-018-DEPENDENCY_INJECTION.md,Dependency Injection,,ARQ-004;ARQ-006;ARQ-007;ARQ-008;ARQ-011;ARQ-012;ARQ-013;ARQ-014;ARQ-016,ENG-000;ENG-001;ENG-002;ENG-003;ENG-004;ENG-005;ENG-006;ENG-007;ENG-009;ENG-010;ENG-011;ENG-013;ENG-015;ENG-016;ENG-018;ENG-019;ENG-020;ENG-021;ENG-023;ENG-024;ENG-028,EVIDENCIA_ENG_APTA_PARA_CONTRASTE,Fuente subordinada de ingeniería; no puede canonizar por sí sola.,0a7d26d91bc9c50b855203f56560c67053c71a96cbf1cb6a9ef8695ca4e39b0e
ENG,ENG-019,ENG-019-SERVICE_CONTAINER.md,Service Container,,ARQ-004;ARQ-006;ARQ-007;ARQ-008;ARQ-011;ARQ-012;ARQ-013;ARQ-014;ARQ-016,ENG-000;ENG-002;ENG-005;ENG-006;ENG-007;ENG-009;ENG-010;ENG-011;ENG-012;ENG-013;ENG-015;ENG-016;ENG-017;ENG-018;ENG-019;ENG-020;ENG-021;ENG-022;ENG-023;ENG-024;ENG-027,EVIDENCIA_ENG_APTA_PARA_CONTRASTE,Fuente subordinada de ingeniería; no puede canonizar por sí sola.,f84744230801ec27bba78066464ac3335831091c5bbad9300d11a13eebed6189
ENG,ENG-020,ENG-020-REGISTRY_ENGINNEERING.md,Registry Engineering,,ARQ-004;ARQ-006;ARQ-007;ARQ-008;ARQ-011;ARQ-012;ARQ-013;ARQ-014;ARQ-016,ENG-000;ENG-002;ENG-003;ENG-005;ENG-006;ENG-007;ENG-009;ENG-010;ENG-011;ENG-012;ENG-013;ENG-014;ENG-015;ENG-016;ENG-017;ENG-018;ENG-019;ENG-020;ENG-021;ENG-022;ENG-023;ENG-024;ENG-027,EVIDENCIA_ENG_APTA_PARA_CONTRASTE,Fuente subordinada de ingeniería; no puede canonizar por sí sola.,7b5d832b4476095795e9e0b309e1b36fae47ed69d0e0178fe154a4ffd98cd5bf
ENG,ENG-021,ENG-021-CONTRACTS_ENGINNEERING.md,Contracts Engineering,,ARQ-004;ARQ-006;ARQ-007;ARQ-008;ARQ-011;ARQ-012;ARQ-014;ARQ-016,ENG-000;ENG-002;ENG-003;ENG-004;ENG-005;ENG-006;ENG-007;ENG-009;ENG-010;ENG-012;ENG-013;ENG-014;ENG-015;ENG-016;ENG-017;ENG-018;ENG-019;ENG-020;ENG-021;ENG-022;ENG-023;ENG-024;ENG-027,EVIDENCIA_ENG_APTA_PARA_CONTRASTE,Fuente subordinada de ingeniería; no puede canonizar por sí sola.,b9fc8508c759ca5a5cf34dfdbed860afdc833154122fc5180910209cf9ad75c1
ENG,ENG-022,ENG-022-EVENT_BUS_ENGINNEERING.md,Event Bus Engineering,,ARQ-004;ARQ-006;ARQ-007;ARQ-008;ARQ-011;ARQ-012;ARQ-014;ARQ-016,ENG-000;ENG-002;ENG-003;ENG-004;ENG-005;ENG-007;ENG-009;ENG-010;ENG-011;ENG-012;ENG-013;ENG-014;ENG-015;ENG-016;ENG-017;ENG-018;ENG-019;ENG-020;ENG-021;ENG-022;ENG-023;ENG-024;ENG-025;ENG-026;ENG-027,EVIDENCIA_ENG_APTA_PARA_CONTRASTE,Fuente subordinada de ingeniería; no puede canonizar por sí sola.,17cbc3246deadb7dbf20441fb41ed64f0e1260eb6b2941237f91383efa3a2b6d
ENG,ENG-023,ENG-023-ERROR_HANDLING.md,Error Handling,,ARQ-004;ARQ-006;ARQ-007;ARQ-008;ARQ-011;ARQ-012;ARQ-014;ARQ-016,ENG-000;ENG-002;ENG-003;ENG-004;ENG-005;ENG-006;ENG-007;ENG-009;ENG-010;ENG-011;ENG-012;ENG-014;ENG-015;ENG-016;ENG-018;ENG-019;ENG-020;ENG-021;ENG-022;ENG-023;ENG-024;ENG-025;ENG-026;ENG-027,EVIDENCIA_ENG_APTA_PARA_CONTRASTE,Fuente subordinada de ingeniería; no puede canonizar por sí sola.,bde26d317429b971d06c77333f51a23659aeafdeae0ad6b9ec603cbfaee06d20
ENG,ENG-024,ENG-024-SECURITY_ENGINEERING.md,Security Engineering,,ARQ-004;ARQ-006;ARQ-007;ARQ-008;ARQ-011;ARQ-012;ARQ-014;ARQ-016,ENG-000;ENG-002;ENG-003;ENG-004;ENG-005;ENG-006;ENG-007;ENG-009;ENG-010;ENG-011;ENG-012;ENG-013;ENG-014;ENG-015;ENG-016;ENG-017;ENG-018;ENG-019;ENG-020;ENG-021;ENG-022;ENG-023;ENG-024;ENG-025;ENG-026;ENG-027,EVIDENCIA_ENG_APTA_PARA_CONTRASTE,Fuente subordinada de ingeniería; no puede canonizar por sí sola.,d3b9e978dc70b06f4bc755e9ddbd58bec258b453b4d15e1bfcc54380ca76ddb5
ENG,ENG-025,ENG-025-OBSERVABILITY_ENGINEERING.md,Observability Engineering,,ARQ-006;ARQ-007;ARQ-008;ARQ-014;ARQ-016,ENG-000;ENG-003;ENG-004;ENG-005;ENG-006;ENG-007;ENG-009;ENG-010;ENG-011;ENG-012;ENG-014;ENG-015;ENG-016;ENG-018;ENG-019;ENG-020;ENG-021;ENG-022;ENG-023;ENG-024;ENG-025;ENG-026;ENG-027,EVIDENCIA_ENG_APTA_PARA_CONTRASTE,Fuente subordinada de ingeniería; no puede canonizar por sí sola.,885af02d47de3b6e49ca9c0106387e794c7421a7b0f6b86f1a2c31b891f51d1a
ENG,ENG-026,ENG-026-RUNTIME_PERFORMANCE_ENGINEERING.md,Runtime Performance Engineering,,ARQ-006;ARQ-007;ARQ-008;ARQ-014,ENG-000;ENG-004;ENG-005;ENG-006;ENG-007;ENG-009;ENG-010;ENG-011;ENG-012;ENG-013;ENG-014;ENG-015;ENG-016;ENG-018;ENG-019;ENG-020;ENG-021;ENG-022;ENG-023;ENG-024;ENG-025;ENG-026;ENG-027;ENG-070,EVIDENCIA_ENG_APTA_PARA_CONTRASTE,Fuente subordinada de ingeniería; no puede canonizar por sí sola.,e319dad3ecb695a992dde3a818c85e3d284fa6cdeb490202201a2127091c6c94
ENG,ENG-027,ENG-027-RUNTIME_ENGINEERING.md,Runtime Engineering,,ARQ-006;ARQ-007;ARQ-008;ARQ-014;ARQ-016,ENG-000;ENG-004;ENG-005;ENG-006;ENG-007;ENG-009;ENG-010;ENG-011;ENG-012;ENG-013;ENG-014;ENG-015;ENG-016;ENG-018;ENG-019;ENG-020;ENG-021;ENG-022;ENG-023;ENG-024;ENG-025;ENG-026;ENG-027;ENG-028,EVIDENCIA_ENG_APTA_PARA_CONTRASTE,Fuente subordinada de ingeniería; no puede canonizar por sí sola.,c0ad3ff016f9b6daa6170594304b48baf9fc79e0c0302a5d332a9cde45406bd5
ENG,ENG-028,ENG-028-MODULE_ENGINEERING.md,Module Engineering,,ARQ-004;ARQ-006;ARQ-007;ARQ-011;ARQ-014;ARQ-016,ENG-002;ENG-003;ENG-005;ENG-006;ENG-007;ENG-009;ENG-010;ENG-011;ENG-012;ENG-013;ENG-014;ENG-015;ENG-016;ENG-017;ENG-018;ENG-019;ENG-020;ENG-021;ENG-022;ENG-023;ENG-024;ENG-025;ENG-026;ENG-027;ENG-028;ENG-029,EVIDENCIA_ENG_APTA_PARA_CONTRASTE,Fuente subordinada de ingeniería; no puede canonizar por sí sola.,b413528ffecc12d869059db2d7dce8588ac29136bd1f6415d73ce7b3bd8c64d7
ENG,ENG-029,ENG-029-EXTENSION_ENGINEERING.md,Extension Engineering,,ARQ-004;ARQ-006;ARQ-007;ARQ-008;ARQ-011;ARQ-014;ARQ-016,ENG-003;ENG-005;ENG-006;ENG-007;ENG-009;ENG-010;ENG-011;ENG-012;ENG-013;ENG-014;ENG-015;ENG-016;ENG-017;ENG-018;ENG-019;ENG-020;ENG-021;ENG-022;ENG-023;ENG-024;ENG-025;ENG-026;ENG-027;ENG-028;ENG-029;ENG-030,EVIDENCIA_ENG_APTA_PARA_CONTRASTE,Fuente subordinada de ingeniería; no puede canonizar por sí sola.,35bf661626824857be4a62365097f67b314ffbef1f25900b9a9070d26b0585c5
ENG,ENG-030,ENG-030-PERSISTENCE_ENGINEERING.md,Persistence Engineering,,ARQ-004;ARQ-006;ARQ-007;ARQ-008;ARQ-011;ARQ-014;ARQ-016,ENG-005;ENG-006;ENG-007;ENG-009;ENG-010;ENG-011;ENG-012;ENG-014;ENG-015;ENG-016;ENG-017;ENG-018;ENG-019;ENG-020;ENG-021;ENG-022;ENG-023;ENG-024;ENG-025;ENG-026;ENG-027;ENG-028;ENG-029;ENG-030;ENG-031,EVIDENCIA_ENG_APTA_PARA_CONTRASTE,Fuente subordinada de ingeniería; no puede canonizar por sí sola.,36067a59e6980c2239b908a4ad5ee32264003c90ec73835ace587ec5e7709cd5
ENG,ENG-031,ENG-031-SERIALIZATION_ENGINEERING.md,Serialization Engineering,,ARQ-004;ARQ-006;ARQ-008;ARQ-011;ARQ-014;ARQ-016,ENG-003;ENG-005;ENG-006;ENG-007;ENG-009;ENG-010;ENG-011;ENG-012;ENG-013;ENG-014;ENG-016;ENG-017;ENG-019;ENG-020;ENG-021;ENG-022;ENG-023;ENG-024;ENG-025;ENG-026;ENG-027;ENG-028;ENG-029;ENG-030;ENG-031;ENG-032,EVIDENCIA_ENG_APTA_PARA_CONTRASTE,Fuente subordinada de ingeniería; no puede canonizar por sí sola.,b5197b699fd0cfbd3d88d336978b0eff88b075cb3d0d930f6e3f64e4b79cda0e
ENG,ENG-032,ENG-032-TRANSPORT_ENGINEERING.md,Transport Engineering,,ARQ-004;ARQ-006;ARQ-007;ARQ-008;ARQ-011;ARQ-014;ARQ-016,ENG-003;ENG-005;ENG-006;ENG-007;ENG-009;ENG-010;ENG-011;ENG-012;ENG-013;ENG-014;ENG-015;ENG-016;ENG-017;ENG-019;ENG-020;ENG-021;ENG-022;ENG-023;ENG-024;ENG-025;ENG-026;ENG-027;ENG-028;ENG-029;ENG-030;ENG-031;ENG-032;ENG-033,EVIDENCIA_ENG_APTA_PARA_CONTRASTE,Fuente subordinada de ingeniería; no puede canonizar por sí sola.,20f0e26e26f16d404fd2723ac7f4854871adcf611eb54cea55fcee9504d0db63
ENG,ENG-033,ENG-033-INTERFACE_ENGINEERING.md,ENG-033-INTERFACE_ENGINEERING,,ARQ-004;ARQ-006;ARQ-007;ARQ-008;ARQ-011;ARQ-014;ARQ-016,ENG-003;ENG-005;ENG-006;ENG-007;ENG-009;ENG-010;ENG-011;ENG-012;ENG-013;ENG-014;ENG-015;ENG-016;ENG-017;ENG-019;ENG-020;ENG-021;ENG-022;ENG-023;ENG-024;ENG-025;ENG-026;ENG-027;ENG-028;ENG-029;ENG-030;ENG-031;ENG-032;ENG-033;ENG-034;ENG-036;ENG-044;ENG-070,EVIDENCIA_ENG_APTA_PARA_CONTRASTE,Fuente subordinada de ingeniería; no puede canonizar por sí sola.,ed7ed1f623d818d371b5a29f85ebe365de779a660ed09527c2ff7305feb76fc5
ENG,ENG-034,ENG-034-APPLICATION_ENGINEERING.md,Application Engineering,,ARQ-004;ARQ-006;ARQ-007;ARQ-008;ARQ-011;ARQ-014;ARQ-016,ENG-003;ENG-005;ENG-006;ENG-007;ENG-009;ENG-010;ENG-011;ENG-012;ENG-014;ENG-015;ENG-016;ENG-017;ENG-018;ENG-019;ENG-020;ENG-021;ENG-022;ENG-023;ENG-024;ENG-025;ENG-026;ENG-027;ENG-028;ENG-029;ENG-030;ENG-031;ENG-032;ENG-033;ENG-034;ENG-035,EVIDENCIA_ENG_APTA_PARA_CONTRASTE,Fuente subordinada de ingeniería; no puede canonizar por sí sola.,69915583b05c3ccbe5a846387c4312a3faf8eb7b78564e94e1c2876bd634b39a
ENG,ENG-035,ENG-035-DOMAIN_ENGINEERING.md,Domain Engineering,,ARQ-004;ARQ-006;ARQ-008;ARQ-011;ARQ-014;ARQ-016,ENG-005;ENG-006;ENG-009;ENG-010;ENG-011;ENG-012;ENG-014;ENG-015;ENG-016;ENG-017;ENG-018;ENG-019;ENG-020;ENG-021;ENG-022;ENG-023;ENG-024;ENG-025;ENG-026;ENG-027;ENG-028;ENG-030;ENG-031;ENG-032;ENG-033;ENG-034;ENG-035;ENG-036;ENG-044;ENG-045,EVIDENCIA_ENG_APTA_PARA_CONTRASTE,Fuente subordinada de ingeniería; no puede canonizar por sí sola.,09c2df86169c4fbf01bc0258d7fdfa65fd9c385378b67c9e095a90b519dfd83b
ENG,ENG-036,ENG-036-VALIDATION_ENGINEERING.md,Validation Engineering,,ARQ-004;ARQ-006;ARQ-011;ARQ-014;ARQ-016,ENG-005;ENG-006;ENG-007;ENG-009;ENG-011;ENG-012;ENG-016;ENG-017;ENG-018;ENG-019;ENG-020;ENG-021;ENG-023;ENG-024;ENG-025;ENG-026;ENG-027;ENG-028;ENG-030;ENG-031;ENG-032;ENG-033;ENG-034;ENG-035;ENG-036;ENG-037,EVIDENCIA_ENG_APTA_PARA_CONTRASTE,Fuente subordinada de ingeniería; no puede canonizar por sí sola.,60fd175495fd4709cb1fdb23e4a2165e3b4876a003240b005060eb5e20b96880
ENG,ENG-037,ENG-037-CACHING_ENGINEERING.md,Caching Engineering,,ARQ-004;ARQ-006;ARQ-007;ARQ-011;ARQ-014;ARQ-016,ENG-005;ENG-006;ENG-009;ENG-011;ENG-012;ENG-016;ENG-018;ENG-019;ENG-020;ENG-021;ENG-022;ENG-023;ENG-024;ENG-025;ENG-026;ENG-027;ENG-028;ENG-030;ENG-031;ENG-032;ENG-033;ENG-034;ENG-035;ENG-036;ENG-037;ENG-038,EVIDENCIA_ENG_APTA_PARA_CONTRASTE,Fuente subordinada de ingeniería; no puede canonizar por sí sola.,19ad5cdac4a3388367bd5856c6666e9e4f5445e9e8ed7db67df2778522c7bab8
ENG,ENG-038,ENG-038-CONCURRENCY_ENGINEERING.md,Concurrency Engineering,,ARQ-004;ARQ-006;ARQ-007;ARQ-011;ARQ-014;ARQ-016,ENG-005;ENG-006;ENG-009;ENG-011;ENG-012;ENG-016;ENG-018;ENG-019;ENG-020;ENG-021;ENG-022;ENG-023;ENG-024;ENG-025;ENG-026;ENG-027;ENG-028;ENG-030;ENG-031;ENG-032;ENG-033;ENG-034;ENG-035;ENG-036;ENG-037;ENG-038;ENG-039,EVIDENCIA_ENG_APTA_PARA_CONTRASTE,Fuente subordinada de ingeniería; no puede canonizar por sí sola.,f828e542d241df9db3372226cb82129c1606406ae14534771b325912ec5ac713
ENG,ENG-039,ENG-039-RESILIENCE_ENGINEERING.md,Resilience Engineering,,ARQ-004;ARQ-006;ARQ-007;ARQ-011;ARQ-014;ARQ-016,ENG-005;ENG-006;ENG-009;ENG-011;ENG-012;ENG-016;ENG-018;ENG-019;ENG-020;ENG-021;ENG-022;ENG-023;ENG-024;ENG-025;ENG-026;ENG-027;ENG-028;ENG-030;ENG-031;ENG-032;ENG-033;ENG-034;ENG-035;ENG-036;ENG-037;ENG-038;ENG-039;ENG-040,EVIDENCIA_ENG_APTA_PARA_CONTRASTE,Fuente subordinada de ingeniería; no puede canonizar por sí sola.,cb06a8ab6827a574dc9934504b0ff0ef0d3dd4ff49899b095562b8e177ef01a5
ENG,ENG-040,ENG-040-SCHEDULING_BACKGROUND_JOBS_ENGINEERING.md,Scheduling & Background Jobs Engineering,,ARQ-004;ARQ-006;ARQ-007;ARQ-011;ARQ-014;ARQ-016,ENG-005;ENG-006;ENG-007;ENG-009;ENG-011;ENG-012;ENG-016;ENG-018;ENG-019;ENG-020;ENG-021;ENG-022;ENG-023;ENG-024;ENG-025;ENG-026;ENG-027;ENG-028;ENG-030;ENG-031;ENG-032;ENG-033;ENG-034;ENG-035;ENG-036;ENG-037;ENG-038;ENG-039;ENG-040;ENG-041,EVIDENCIA_ENG_APTA_PARA_CONTRASTE,Fuente subordinada de ingeniería; no puede canonizar por sí sola.,b25dbf75747c4a4744d574becf7a4ba702042db9b6d225a21a51b295a76e1a6f
ENG,ENG-041,ENG-041-MESSAGING_ENGINEERING.md,Messaging Engineering,,ARQ-004;ARQ-006;ARQ-007;ARQ-011;ARQ-014;ARQ-016,ENG-005;ENG-006;ENG-007;ENG-009;ENG-011;ENG-012;ENG-016;ENG-018;ENG-019;ENG-020;ENG-021;ENG-022;ENG-023;ENG-024;ENG-025;ENG-026;ENG-027;ENG-028;ENG-030;ENG-031;ENG-032;ENG-033;ENG-034;ENG-035;ENG-036;ENG-037;ENG-038;ENG-039;ENG-040;ENG-041;ENG-042,EVIDENCIA_ENG_APTA_PARA_CONTRASTE,Fuente subordinada de ingeniería; no puede canonizar por sí sola.,dcae988e4b0cc1cd6e1627bc1b2d3d3b59bb103621247c7b51582c8d05714401
ENG,ENG-042,ENG-042-TRANSACTION_ENGINEERING.md,Transaction Engineering,,ARQ-004;ARQ-006;ARQ-007;ARQ-011;ARQ-014;ARQ-016,ENG-005;ENG-006;ENG-007;ENG-009;ENG-011;ENG-012;ENG-016;ENG-018;ENG-019;ENG-020;ENG-021;ENG-022;ENG-023;ENG-024;ENG-025;ENG-026;ENG-027;ENG-028;ENG-030;ENG-031;ENG-032;ENG-033;ENG-034;ENG-035;ENG-036;ENG-037;ENG-038;ENG-039;ENG-040;ENG-041;ENG-042;ENG-043,EVIDENCIA_ENG_APTA_PARA_CONTRASTE,Fuente subordinada de ingeniería; no puede canonizar por sí sola.,d5f1392f458e6543060a01b6687b6f1e0a4fa25d48e170dc696c24d39c0ddd6f
ENG,ENG-043,ENG-043-DATA_ACCESS_ENGINEERING.md,Data Access Engineering,,ARQ-004;ARQ-006;ARQ-007;ARQ-011;ARQ-014;ARQ-016,ENG-005;ENG-006;ENG-007;ENG-009;ENG-011;ENG-012;ENG-016;ENG-018;ENG-019;ENG-020;ENG-021;ENG-023;ENG-024;ENG-025;ENG-026;ENG-027;ENG-028;ENG-030;ENG-031;ENG-032;ENG-033;ENG-034;ENG-035;ENG-036;ENG-037;ENG-038;ENG-039;ENG-040;ENG-041;ENG-042;ENG-043;ENG-044,EVIDENCIA_ENG_APTA_PARA_CONTRASTE,Fuente subordinada de ingeniería; no puede canonizar por sí sola.,d3f5569c0a3281284bfde0738dd122de9d4272ee6915dc961f6843f12f58a820
ENG,ENG-044,ENG-044-API_ENGINEERING.md,API Engineering,,ARQ-004;ARQ-006;ARQ-007;ARQ-011;ARQ-014;ARQ-016,ENG-005;ENG-006;ENG-007;ENG-009;ENG-011;ENG-012;ENG-016;ENG-017;ENG-018;ENG-019;ENG-020;ENG-021;ENG-022;ENG-023;ENG-024;ENG-025;ENG-026;ENG-027;ENG-028;ENG-030;ENG-031;ENG-032;ENG-033;ENG-034;ENG-035;ENG-036;ENG-037;ENG-038;ENG-039;ENG-040;ENG-041;ENG-042;ENG-043;ENG-044;ENG-045,EVIDENCIA_ENG_APTA_PARA_CONTRASTE,Fuente subordinada de ingeniería; no puede canonizar por sí sola.,01e6bb77f6db101167e34d4e5d0bb8f562539d4eda5073fd973641cb5b89706c
ENG,ENG-045,ENG-045-AUTHENTICATION_ENGINEERING.md,Authentication Engineering,,ARQ-004;ARQ-006;ARQ-007;ARQ-011;ARQ-014;ARQ-016,ENG-005;ENG-006;ENG-007;ENG-009;ENG-011;ENG-012;ENG-016;ENG-017;ENG-018;ENG-019;ENG-020;ENG-021;ENG-022;ENG-023;ENG-024;ENG-025;ENG-026;ENG-027;ENG-028;ENG-030;ENG-031;ENG-032;ENG-033;ENG-034;ENG-035;ENG-036;ENG-037;ENG-038;ENG-039;ENG-040;ENG-041;ENG-042;ENG-043;ENG-044;ENG-045;ENG-046,EVIDENCIA_ENG_APTA_PARA_CONTRASTE,Fuente subordinada de ingeniería; no puede canonizar por sí sola.,de0d9aa276151edd9a24871ad68eac69f66144004e709537c13da59daac6679c
ENG,ENG-046,ENG-046-AUTHORIZATION_ENGINEERING.md,Authorization Engineering,,ARQ-004;ARQ-006;ARQ-007;ARQ-011;ARQ-014;ARQ-016,ENG-005;ENG-006;ENG-007;ENG-009;ENG-011;ENG-012;ENG-016;ENG-017;ENG-018;ENG-019;ENG-020;ENG-021;ENG-022;ENG-023;ENG-024;ENG-025;ENG-026;ENG-027;ENG-028;ENG-030;ENG-031;ENG-032;ENG-033;ENG-034;ENG-035;ENG-036;ENG-037;ENG-038;ENG-039;ENG-040;ENG-041;ENG-042;ENG-043;ENG-044;ENG-045;ENG-046;ENG-047,EVIDENCIA_ENG_APTA_PARA_CONTRASTE,Fuente subordinada de ingeniería; no puede canonizar por sí sola.,7ad4a711c1a31cf19486e9591223812ad6a5fab078a8743e395779e11e890bed
ENG,ENG-047,ENG-047-IDENTITY_ACCESS_MANAGEMENT_ENGINEERING.md,Identity & Access Management Engineering,,ARQ-004;ARQ-006;ARQ-007;ARQ-011;ARQ-014;ARQ-016,ENG-005;ENG-006;ENG-007;ENG-009;ENG-011;ENG-012;ENG-016;ENG-017;ENG-018;ENG-019;ENG-020;ENG-021;ENG-022;ENG-023;ENG-024;ENG-025;ENG-026;ENG-027;ENG-028;ENG-030;ENG-031;ENG-032;ENG-033;ENG-034;ENG-035;ENG-036;ENG-037;ENG-038;ENG-039;ENG-040;ENG-041;ENG-042;ENG-043;ENG-044;ENG-045;ENG-046;ENG-047;ENG-048,EVIDENCIA_ENG_APTA_PARA_CONTRASTE,Fuente subordinada de ingeniería; no puede canonizar por sí sola.,d5a954121ea889843f8681b54b42caea971d75c1232ca87d552bb51871a1a7f3
ENG,ENG-048,ENG-048-MULTI_TENANCY_ENGINEERING.md,Multi-Tenancy Engineering,,ARQ-004;ARQ-006;ARQ-007;ARQ-011;ARQ-014;ARQ-016,ENG-005;ENG-006;ENG-007;ENG-009;ENG-011;ENG-012;ENG-016;ENG-017;ENG-018;ENG-019;ENG-020;ENG-021;ENG-022;ENG-023;ENG-024;ENG-025;ENG-026;ENG-027;ENG-028;ENG-030;ENG-031;ENG-032;ENG-033;ENG-034;ENG-035;ENG-036;ENG-037;ENG-038;ENG-039;ENG-040;ENG-041;ENG-042;ENG-043;ENG-044;ENG-045;ENG-046;ENG-047;ENG-048;ENG-049,EVIDENCIA_ENG_APTA_PARA_CONTRASTE,Fuente subordinada de ingeniería; no puede canonizar por sí sola.,eb015673cd19356a3809613b6a7624bccaeb39dfa04122ab35a9491b661ef4a6
ENG,ENG-049,ENG-049-CONFIGURATION_MANAGEMENT_ENGINEERING.md,Configuration Management Engineering,,ARQ-004;ARQ-006;ARQ-007;ARQ-011;ARQ-014;ARQ-016,ENG-005;ENG-006;ENG-007;ENG-009;ENG-011;ENG-012;ENG-014;ENG-015;ENG-016;ENG-017;ENG-018;ENG-019;ENG-020;ENG-021;ENG-022;ENG-023;ENG-024;ENG-025;ENG-026;ENG-027;ENG-028;ENG-030;ENG-031;ENG-032;ENG-033;ENG-034;ENG-035;ENG-036;ENG-037;ENG-038;ENG-039;ENG-040;ENG-041;ENG-042;ENG-043;ENG-044;ENG-045;ENG-046;ENG-047;ENG-048;ENG-049;ENG-050,EVIDENCIA_ENG_APTA_PARA_CONTRASTE,Fuente subordinada de ingeniería; no puede canonizar por sí sola.,e056f0bd2b760b8ce7d6949c63280a5b1f5743513eb0e4ee3d8ff0e247751389
ENG,ENG-050,ENG-050-FEATURE_MANAGEMENT_ENGINEERING.md,Feature Management Engineering,,ARQ-004;ARQ-006;ARQ-007;ARQ-011;ARQ-014;ARQ-016,ENG-005;ENG-006;ENG-007;ENG-009;ENG-011;ENG-012;ENG-014;ENG-015;ENG-016;ENG-017;ENG-018;ENG-019;ENG-020;ENG-021;ENG-022;ENG-023;ENG-024;ENG-025;ENG-026;ENG-027;ENG-028;ENG-030;ENG-031;ENG-032;ENG-033;ENG-034;ENG-035;ENG-036;ENG-037;ENG-038;ENG-039;ENG-040;ENG-041;ENG-042;ENG-043;ENG-044;ENG-045;ENG-046;ENG-047;ENG-048;ENG-049;ENG-050;ENG-051,EVIDENCIA_ENG_APTA_PARA_CONTRASTE,Fuente subordinada de ingeniería; no puede canonizar por sí sola.,f544bc91fc2815fae5ebed9ab451f7f22f2ac94d15309ee26bcc770c9d3cdd93
ENG,ENG-051,ENG-051-POLICY_ENGINEERING.md,Policy Engineering,,ARQ-004;ARQ-006;ARQ-007;ARQ-011;ARQ-014;ARQ-016,ENG-005;ENG-006;ENG-007;ENG-009;ENG-011;ENG-012;ENG-014;ENG-015;ENG-016;ENG-017;ENG-018;ENG-019;ENG-020;ENG-021;ENG-022;ENG-023;ENG-024;ENG-025;ENG-026;ENG-027;ENG-028;ENG-030;ENG-031;ENG-032;ENG-033;ENG-034;ENG-035;ENG-036;ENG-037;ENG-038;ENG-039;ENG-040;ENG-041;ENG-042;ENG-043;ENG-044;ENG-045;ENG-046;ENG-047;ENG-048;ENG-049;ENG-050;ENG-051;ENG-052,EVIDENCIA_ENG_APTA_PARA_CONTRASTE,Fuente subordinada de ingeniería; no puede canonizar por sí sola.,d07ece3b1d024293185094d32518b086ea7dbc2f2569830f47dd7f4e46f0c2a0
ENG,ENG-052,ENG-052-WORKFLOW_ENGINEERING.md,Workflow Engineering,,ARQ-004;ARQ-006;ARQ-007;ARQ-011;ARQ-014;ARQ-016,ENG-005;ENG-006;ENG-007;ENG-009;ENG-011;ENG-012;ENG-014;ENG-015;ENG-016;ENG-017;ENG-018;ENG-019;ENG-020;ENG-021;ENG-022;ENG-023;ENG-024;ENG-025;ENG-026;ENG-027;ENG-028;ENG-030;ENG-031;ENG-032;ENG-033;ENG-034;ENG-035;ENG-036;ENG-037;ENG-038;ENG-039;ENG-040;ENG-041;ENG-042;ENG-043;ENG-044;ENG-045;ENG-046;ENG-047;ENG-048;ENG-049;ENG-050;ENG-051;ENG-052;ENG-053,EVIDENCIA_ENG_APTA_PARA_CONTRASTE,Fuente subordinada de ingeniería; no puede canonizar por sí sola.,cec08be43c31dc7ec67526d45b04faf0fdf594320edddded7e28e655b0e4a6d3
ENG,ENG-053,ENG-053-STATE_MANAGEMENT_ENGINEERING.md,State Management Engineering,,ARQ-004;ARQ-006;ARQ-007;ARQ-011;ARQ-014;ARQ-016,ENG-005;ENG-006;ENG-007;ENG-009;ENG-011;ENG-012;ENG-014;ENG-015;ENG-016;ENG-017;ENG-018;ENG-019;ENG-020;ENG-021;ENG-022;ENG-023;ENG-024;ENG-025;ENG-026;ENG-027;ENG-028;ENG-030;ENG-031;ENG-032;ENG-033;ENG-034;ENG-035;ENG-036;ENG-037;ENG-038;ENG-039;ENG-040;ENG-041;ENG-042;ENG-043;ENG-044;ENG-045;ENG-046;ENG-047;ENG-048;ENG-049;ENG-050;ENG-051;ENG-052;ENG-053;ENG-054,EVIDENCIA_ENG_APTA_PARA_CONTRASTE,Fuente subordinada de ingeniería; no puede canonizar por sí sola.,7708d65830302970bbbc257348418959415e53a7a4814a22272533943138bf78
ENG,ENG-054,ENG-054-RESOURCE_MANAGEMENT_ENGINEERING.md,Resource Management Engineering,,ARQ-004;ARQ-006;ARQ-007;ARQ-011;ARQ-014;ARQ-016,ENG-005;ENG-006;ENG-007;ENG-009;ENG-011;ENG-012;ENG-014;ENG-015;ENG-016;ENG-017;ENG-018;ENG-019;ENG-020;ENG-021;ENG-022;ENG-023;ENG-024;ENG-025;ENG-026;ENG-027;ENG-028;ENG-030;ENG-031;ENG-032;ENG-033;ENG-034;ENG-036;ENG-037;ENG-038;ENG-039;ENG-040;ENG-041;ENG-042;ENG-043;ENG-044;ENG-045;ENG-046;ENG-047;ENG-048;ENG-049;ENG-050;ENG-051;ENG-052;ENG-053;ENG-054;ENG-055,EVIDENCIA_ENG_APTA_PARA_CONTRASTE,Fuente subordinada de ingeniería; no puede canonizar por sí sola.,6429e1aea3ca4482c3a1272fccc31babec69b39e41e381f0af4eeccd03d7d0d8
ENG,ENG-055,ENG-055-LIFECYCLE_MANAGEMENT_ENGINEERING.md,Lifecycle Management Engineering,,ARQ-004;ARQ-006;ARQ-007;ARQ-011;ARQ-014;ARQ-016,ENG-005;ENG-006;ENG-007;ENG-009;ENG-011;ENG-012;ENG-014;ENG-015;ENG-016;ENG-017;ENG-018;ENG-019;ENG-020;ENG-021;ENG-022;ENG-023;ENG-024;ENG-025;ENG-026;ENG-027;ENG-028;ENG-030;ENG-031;ENG-032;ENG-033;ENG-034;ENG-035;ENG-036;ENG-037;ENG-038;ENG-039;ENG-040;ENG-041;ENG-042;ENG-043;ENG-044;ENG-045;ENG-046;ENG-047;ENG-048;ENG-049;ENG-050;ENG-051;ENG-052;ENG-053;ENG-054;ENG-055;ENG-056,EVIDENCIA_ENG_APTA_PARA_CONTRASTE,Fuente subordinada de ingeniería; no puede canonizar por sí sola.,2eead27e5d1a549f6942ce88c7bbbc74c9e47be68edc95d9c285918b3c245755
ENG,ENG-056,ENG-056-CONTEXT_MANAGEMENT_ENGINEERING.md,Context Management Engineering,,ARQ-004;ARQ-006;ARQ-007;ARQ-011;ARQ-014;ARQ-016,ENG-005;ENG-006;ENG-007;ENG-009;ENG-011;ENG-012;ENG-014;ENG-015;ENG-016;ENG-017;ENG-018;ENG-019;ENG-020;ENG-021;ENG-022;ENG-023;ENG-024;ENG-025;ENG-026;ENG-027;ENG-028;ENG-030;ENG-031;ENG-032;ENG-033;ENG-034;ENG-036;ENG-037;ENG-038;ENG-039;ENG-040;ENG-041;ENG-042;ENG-043;ENG-044;ENG-045;ENG-046;ENG-047;ENG-048;ENG-049;ENG-050;ENG-051;ENG-052;ENG-053;ENG-054;ENG-055;ENG-056;ENG-057,EVIDENCIA_ENG_APTA_PARA_CONTRASTE,Fuente subordinada de ingeniería; no puede canonizar por sí sola.,d8b748686d4e531cb1d333cb18d534b00ad8be8587da0cb13e813d0ac43f4023
ENG,ENG-057,ENG-057-METADATA_ENGINEERING.md,Metadata Engineering,,ARQ-004;ARQ-006;ARQ-007;ARQ-011;ARQ-014;ARQ-016,ENG-005;ENG-006;ENG-007;ENG-008;ENG-009;ENG-011;ENG-012;ENG-013;ENG-014;ENG-015;ENG-016;ENG-017;ENG-018;ENG-019;ENG-020;ENG-021;ENG-022;ENG-023;ENG-024;ENG-025;ENG-026;ENG-027;ENG-028;ENG-030;ENG-031;ENG-032;ENG-033;ENG-034;ENG-035;ENG-036;ENG-037;ENG-038;ENG-040;ENG-041;ENG-043;ENG-044;ENG-045;ENG-046;ENG-047;ENG-048;ENG-049;ENG-050;ENG-051;ENG-052;ENG-053;ENG-054;ENG-055;ENG-056;ENG-057;ENG-058,EVIDENCIA_ENG_APTA_PARA_CONTRASTE,Fuente subordinada de ingeniería; no puede canonizar por sí sola.,34d2ba64ca37aed7a7ddaf555d67368172fc04dc70e32fd9d9fa2a205415cb4c
ENG,ENG-058,ENG-058-DISCOVERY_ENGINEERING.md,Discovery Engineering,,,ENG-005;ENG-006;ENG-007;ENG-008;ENG-009;ENG-011;ENG-012;ENG-013;ENG-014;ENG-015;ENG-016;ENG-017;ENG-018;ENG-019;ENG-020;ENG-021;ENG-022;ENG-023;ENG-024;ENG-025;ENG-026;ENG-027;ENG-028;ENG-030;ENG-031;ENG-032;ENG-033;ENG-034;ENG-036;ENG-037;ENG-038;ENG-039;ENG-040;ENG-041;ENG-044;ENG-048;ENG-049;ENG-050;ENG-051;ENG-052;ENG-053;ENG-054;ENG-055;ENG-056;ENG-057;ENG-058;ENG-059,EVIDENCIA_ENG_APTA_PARA_CONTRASTE,Fuente subordinada de ingeniería; no puede canonizar por sí sola.,67b76ddc475b37cbd74e759f0734acabc5760d4f9e7f09426ba9e32c4ee9b891
ENG,ENG-059,ENG-059-RESOLUTION_ENGINEERING.md,Resolution Engineering,,ARQ-004;ARQ-006;ARQ-007;ARQ-011;ARQ-014;ARQ-016,ENG-005;ENG-006;ENG-007;ENG-008;ENG-009;ENG-011;ENG-012;ENG-014;ENG-015;ENG-016;ENG-017;ENG-018;ENG-019;ENG-020;ENG-021;ENG-022;ENG-023;ENG-024;ENG-025;ENG-026;ENG-027;ENG-028;ENG-030;ENG-031;ENG-032;ENG-033;ENG-034;ENG-035;ENG-036;ENG-037;ENG-038;ENG-039;ENG-040;ENG-041;ENG-042;ENG-043;ENG-044;ENG-045;ENG-046;ENG-047;ENG-048;ENG-049;ENG-050;ENG-051;ENG-052;ENG-053;ENG-054;ENG-055;ENG-056;ENG-057;ENG-058;ENG-059;ENG-060,EVIDENCIA_ENG_APTA_PARA_CONTRASTE,Fuente subordinada de ingeniería; no puede canonizar por sí sola.,1d49f845c1c6d8dbe83dc12c7b15e5bdebfa3aec3dc7fd58082b80cc4453611b
ENG,ENG-060,ENG-060-PLUGIN_ENGINEERING.md,Extension & Plugin Engineering,,ARQ-004;ARQ-006;ARQ-007;ARQ-011;ARQ-014;ARQ-016,ENG-005;ENG-006;ENG-007;ENG-008;ENG-009;ENG-011;ENG-012;ENG-013;ENG-014;ENG-015;ENG-016;ENG-017;ENG-018;ENG-019;ENG-020;ENG-021;ENG-022;ENG-023;ENG-024;ENG-025;ENG-026;ENG-027;ENG-028;ENG-029;ENG-030;ENG-031;ENG-032;ENG-033;ENG-034;ENG-035;ENG-036;ENG-037;ENG-038;ENG-039;ENG-040;ENG-041;ENG-042;ENG-043;ENG-044;ENG-045;ENG-046;ENG-047;ENG-048;ENG-049;ENG-050;ENG-051;ENG-052;ENG-053;ENG-054;ENG-055;ENG-056;ENG-057;ENG-058;ENG-059;ENG-060;ENG-061,EVIDENCIA_ENG_APTA_PARA_CONTRASTE,Fuente subordinada de ingeniería; no puede canonizar por sí sola.,b872de095eaec426189c7fcdeb0ab470140c8bd76e5421105cdac645878cf7a4
ENG,ENG-061,ENG-061-INTEROPERABILITY_ENGINEERING.md,Interoperability Engineering,,ARQ-004;ARQ-011;ARQ-014;ARQ-016,ENG-005;ENG-006;ENG-007;ENG-008;ENG-009;ENG-011;ENG-012;ENG-013;ENG-014;ENG-015;ENG-016;ENG-017;ENG-018;ENG-019;ENG-020;ENG-021;ENG-022;ENG-023;ENG-024;ENG-025;ENG-026;ENG-027;ENG-028;ENG-030;ENG-031;ENG-032;ENG-033;ENG-034;ENG-035;ENG-036;ENG-037;ENG-038;ENG-039;ENG-040;ENG-041;ENG-042;ENG-043;ENG-044;ENG-045;ENG-046;ENG-047;ENG-048;ENG-049;ENG-050;ENG-051;ENG-052;ENG-053;ENG-054;ENG-055;ENG-056;ENG-057;ENG-058;ENG-059;ENG-060;ENG-061;ENG-062,EVIDENCIA_ENG_APTA_PARA_CONTRASTE,Fuente subordinada de ingeniería; no puede canonizar por sí sola.,9f76c82d9693349a54c7d142a435204cfa428efb9b4a873a66bcd13e437d5fb5
ENG,ENG-062,ENG-062-SCHEMA_ENGINEERING.md,Schema Engineering,,ARQ-004;ARQ-011;ARQ-014;ARQ-016,ENG-005;ENG-006;ENG-007;ENG-008;ENG-009;ENG-011;ENG-012;ENG-013;ENG-014;ENG-015;ENG-016;ENG-017;ENG-018;ENG-019;ENG-020;ENG-021;ENG-022;ENG-023;ENG-024;ENG-025;ENG-026;ENG-027;ENG-028;ENG-030;ENG-031;ENG-032;ENG-033;ENG-034;ENG-035;ENG-036;ENG-037;ENG-038;ENG-039;ENG-040;ENG-041;ENG-042;ENG-043;ENG-044;ENG-045;ENG-046;ENG-047;ENG-048;ENG-049;ENG-050;ENG-051;ENG-052;ENG-053;ENG-054;ENG-055;ENG-056;ENG-057;ENG-058;ENG-059;ENG-060;ENG-061;ENG-062;ENG-063,EVIDENCIA_ENG_APTA_PARA_CONTRASTE,Fuente subordinada de ingeniería; no puede canonizar por sí sola.,731bc9e0dd06033b923a2e0038378318e3ac472047a90d9da36471916aa2ecaf
ENG,ENG-063,ENG-063-DATA_TRANSFORMATION_ENGINEERING.md,Data Transformation Engineering,,ARQ-004;ARQ-011;ARQ-014;ARQ-016,ENG-005;ENG-006;ENG-007;ENG-008;ENG-009;ENG-011;ENG-012;ENG-013;ENG-014;ENG-015;ENG-016;ENG-017;ENG-018;ENG-019;ENG-020;ENG-021;ENG-022;ENG-023;ENG-024;ENG-025;ENG-026;ENG-027;ENG-028;ENG-030;ENG-031;ENG-032;ENG-033;ENG-034;ENG-035;ENG-036;ENG-037;ENG-038;ENG-039;ENG-040;ENG-041;ENG-042;ENG-043;ENG-044;ENG-045;ENG-046;ENG-047;ENG-048;ENG-049;ENG-050;ENG-051;ENG-052;ENG-053;ENG-054;ENG-055;ENG-056;ENG-057;ENG-058;ENG-059;ENG-060;ENG-061;ENG-062;ENG-063;ENG-064,EVIDENCIA_ENG_APTA_PARA_CONTRASTE,Fuente subordinada de ingeniería; no puede canonizar por sí sola.,d19fddbf8d2d92556370996de478e865a3413c157120785d35cd22f9bc64e22e
ENG,ENG-064,ENG-064-DATA_PIPELINE_ENGINEERING.md,Data Pipeline Engineering,,,ENG-005;ENG-006;ENG-007;ENG-008;ENG-009;ENG-011;ENG-012;ENG-013;ENG-014;ENG-015;ENG-016;ENG-017;ENG-018;ENG-019;ENG-020;ENG-021;ENG-022;ENG-023;ENG-024;ENG-025;ENG-026;ENG-027;ENG-028;ENG-030;ENG-031;ENG-032;ENG-033;ENG-034;ENG-035;ENG-036;ENG-037;ENG-038;ENG-039;ENG-040;ENG-041;ENG-042;ENG-043;ENG-044;ENG-045;ENG-046;ENG-047;ENG-048;ENG-049;ENG-050;ENG-051;ENG-052;ENG-053;ENG-054;ENG-055;ENG-056;ENG-057;ENG-058;ENG-059;ENG-060;ENG-061;ENG-062;ENG-063;ENG-064;ENG-065,EVIDENCIA_ENG_APTA_PARA_CONTRASTE,Fuente subordinada de ingeniería; no puede canonizar por sí sola.,39c1157bf4de800a92635d56ab8697f9543824db21ec8c09557351bac10a1785
ENG,ENG-065,ENG-065-MIGRATION_ENGINEERING.md,Migration Engineering,,ARQ-004;ARQ-011;ARQ-014;ARQ-016,ENG-005;ENG-006;ENG-007;ENG-008;ENG-009;ENG-011;ENG-012;ENG-013;ENG-014;ENG-015;ENG-016;ENG-017;ENG-018;ENG-019;ENG-020;ENG-021;ENG-022;ENG-023;ENG-024;ENG-025;ENG-026;ENG-027;ENG-028;ENG-030;ENG-031;ENG-032;ENG-033;ENG-034;ENG-035;ENG-036;ENG-037;ENG-038;ENG-039;ENG-040;ENG-041;ENG-042;ENG-043;ENG-044;ENG-045;ENG-046;ENG-047;ENG-048;ENG-049;ENG-050;ENG-051;ENG-052;ENG-053;ENG-054;ENG-055;ENG-056;ENG-057;ENG-058;ENG-059;ENG-060;ENG-061;ENG-062;ENG-063;ENG-064;ENG-065;ENG-066,EVIDENCIA_ENG_APTA_PARA_CONTRASTE,Fuente subordinada de ingeniería; no puede canonizar por sí sola.,f115ba25d8256091a49e521268ba2f727b136347033fec2600ec87a09ff6da86
ENG,ENG-066,ENG-066-UPGRADE_ENGINEERING.md,Upgrade Engineering,,ARQ-004;ARQ-011;ARQ-014;ARQ-016,ENG-005;ENG-006;ENG-007;ENG-008;ENG-009;ENG-011;ENG-012;ENG-013;ENG-014;ENG-015;ENG-016;ENG-017;ENG-018;ENG-019;ENG-020;ENG-021;ENG-022;ENG-023;ENG-024;ENG-025;ENG-026;ENG-027;ENG-028;ENG-030;ENG-031;ENG-032;ENG-033;ENG-034;ENG-035;ENG-036;ENG-037;ENG-038;ENG-039;ENG-040;ENG-041;ENG-042;ENG-043;ENG-044;ENG-045;ENG-046;ENG-047;ENG-048;ENG-049;ENG-050;ENG-051;ENG-052;ENG-053;ENG-054;ENG-055;ENG-056;ENG-057;ENG-058;ENG-059;ENG-060;ENG-061;ENG-062;ENG-063;ENG-064;ENG-065;ENG-066;ENG-067,EVIDENCIA_ENG_APTA_PARA_CONTRASTE,Fuente subordinada de ingeniería; no puede canonizar por sí sola.,1455d5a8e47ff7b76a00fa6b9773f6cb7d3ad32cb4d169c54738256cc9eb1120
ENG,ENG-067,ENG-067-DEPLOYMENT_ENGINEERING.md,Deployment Engineering,,ARQ-004;ARQ-011;ARQ-014;ARQ-016,ENG-005;ENG-006;ENG-007;ENG-008;ENG-009;ENG-011;ENG-012;ENG-013;ENG-014;ENG-015;ENG-016;ENG-017;ENG-018;ENG-019;ENG-020;ENG-021;ENG-022;ENG-023;ENG-024;ENG-025;ENG-026;ENG-027;ENG-028;ENG-030;ENG-031;ENG-032;ENG-033;ENG-034;ENG-035;ENG-036;ENG-037;ENG-038;ENG-039;ENG-040;ENG-041;ENG-042;ENG-043;ENG-044;ENG-045;ENG-046;ENG-047;ENG-048;ENG-049;ENG-050;ENG-051;ENG-052;ENG-053;ENG-054;ENG-055;ENG-056;ENG-057;ENG-058;ENG-059;ENG-060;ENG-061;ENG-062;ENG-063;ENG-064;ENG-065;ENG-066;ENG-067;ENG-068,EVIDENCIA_ENG_APTA_PARA_CONTRASTE,Fuente subordinada de ingeniería; no puede canonizar por sí sola.,9f03d0e5c95dbd331f1317c0c752e6079a4da1daa9f985064ad2fb437137ebf8
ENG,ENG-068,ENG-068-ENVIRONMENT_ENGINEERING.md,Environment Engineering,,ARQ-004;ARQ-014;ARQ-016,ENG-005;ENG-006;ENG-007;ENG-008;ENG-009;ENG-011;ENG-012;ENG-013;ENG-014;ENG-015;ENG-016;ENG-017;ENG-018;ENG-019;ENG-020;ENG-021;ENG-022;ENG-023;ENG-024;ENG-025;ENG-026;ENG-027;ENG-028;ENG-030;ENG-031;ENG-032;ENG-033;ENG-034;ENG-035;ENG-036;ENG-037;ENG-038;ENG-039;ENG-040;ENG-041;ENG-042;ENG-043;ENG-044;ENG-045;ENG-046;ENG-047;ENG-048;ENG-049;ENG-050;ENG-051;ENG-052;ENG-053;ENG-054;ENG-055;ENG-056;ENG-057;ENG-058;ENG-059;ENG-060;ENG-061;ENG-062;ENG-063;ENG-064;ENG-065;ENG-066;ENG-067;ENG-068;ENG-069,EVIDENCIA_ENG_APTA_PARA_CONTRASTE,Fuente subordinada de ingeniería; no puede canonizar por sí sola.,97525d0382624dba3745b6eaa12f905ccaacdb97665ff617ac61782ec07a89b2
ENG,ENG-069,ENG-069-HEALTH_READINESS_ENGINEERING.md,Health & Readiness Engineering,,ARQ-004;ARQ-014;ARQ-016,ENG-005;ENG-006;ENG-007;ENG-008;ENG-009;ENG-011;ENG-012;ENG-013;ENG-014;ENG-015;ENG-016;ENG-017;ENG-018;ENG-019;ENG-020;ENG-021;ENG-022;ENG-023;ENG-024;ENG-025;ENG-026;ENG-027;ENG-028;ENG-030;ENG-031;ENG-032;ENG-033;ENG-034;ENG-035;ENG-036;ENG-037;ENG-038;ENG-039;ENG-040;ENG-041;ENG-042;ENG-043;ENG-044;ENG-045;ENG-046;ENG-047;ENG-048;ENG-049;ENG-050;ENG-051;ENG-052;ENG-053;ENG-054;ENG-055;ENG-056;ENG-057;ENG-058;ENG-059;ENG-060;ENG-061;ENG-062;ENG-063;ENG-064;ENG-065;ENG-066;ENG-067;ENG-068;ENG-069;ENG-070,EVIDENCIA_ENG_APTA_PARA_CONTRASTE,Fuente subordinada de ingeniería; no puede canonizar por sí sola.,d8b4e1898fa777d9bae7e769cccee92305f0355592ddc8df4558b89cd10583e6
ENG,ENG-070,ENG-070-PERFORMANCE_ENGINEERING.md,Performance Engineering,,ARQ-011;ARQ-014;ARQ-016,ENG-005;ENG-006;ENG-007;ENG-008;ENG-009;ENG-011;ENG-012;ENG-013;ENG-014;ENG-015;ENG-016;ENG-017;ENG-018;ENG-019;ENG-020;ENG-021;ENG-022;ENG-023;ENG-024;ENG-025;ENG-026;ENG-027;ENG-028;ENG-030;ENG-031;ENG-032;ENG-033;ENG-034;ENG-035;ENG-036;ENG-037;ENG-038;ENG-039;ENG-040;ENG-041;ENG-042;ENG-043;ENG-044;ENG-045;ENG-046;ENG-047;ENG-048;ENG-049;ENG-050;ENG-051;ENG-052;ENG-053;ENG-054;ENG-055;ENG-056;ENG-057;ENG-058;ENG-059;ENG-060;ENG-061;ENG-062;ENG-063;ENG-064;ENG-065;ENG-066;ENG-067;ENG-068;ENG-069;ENG-070;ENG-071,EVIDENCIA_ENG_APTA_PARA_CONTRASTE,Fuente subordinada de ingeniería; no puede canonizar por sí sola.,3b26e287f9726b8dde96631b1dd899e703d985a0a4562e5970433f05bb37f5aa
ENG,ENG-071,ENG-071-CAPACITY_ENGINEERING.md,Capacity Engineering,,ARQ-011;ARQ-014;ARQ-016,ENG-005;ENG-006;ENG-007;ENG-008;ENG-009;ENG-011;ENG-012;ENG-013;ENG-014;ENG-015;ENG-016;ENG-017;ENG-018;ENG-019;ENG-020;ENG-021;ENG-022;ENG-023;ENG-024;ENG-025;ENG-026;ENG-027;ENG-028;ENG-030;ENG-031;ENG-032;ENG-033;ENG-034;ENG-035;ENG-036;ENG-037;ENG-038;ENG-039;ENG-040;ENG-041;ENG-042;ENG-043;ENG-044;ENG-045;ENG-046;ENG-047;ENG-048;ENG-049;ENG-050;ENG-051;ENG-052;ENG-053;ENG-054;ENG-055;ENG-056;ENG-057;ENG-058;ENG-059;ENG-060;ENG-061;ENG-062;ENG-063;ENG-064;ENG-065;ENG-066;ENG-067;ENG-068;ENG-069;ENG-070;ENG-071;ENG-072,EVIDENCIA_ENG_APTA_PARA_CONTRASTE,Fuente subordinada de ingeniería; no puede canonizar por sí sola.,2529aa8d0718ab47831f7afb32f0b5bfa7e2845dd9792393bb74d1d9eea00619
ENG,ENG-072,ENG-072-SCALABILITY_ENGINEERING.md,Scalability Engineering,,ARQ-011;ARQ-014;ARQ-016,ENG-005;ENG-006;ENG-007;ENG-008;ENG-009;ENG-011;ENG-012;ENG-013;ENG-014;ENG-015;ENG-016;ENG-017;ENG-018;ENG-019;ENG-020;ENG-021;ENG-022;ENG-023;ENG-024;ENG-025;ENG-026;ENG-027;ENG-028;ENG-030;ENG-031;ENG-032;ENG-033;ENG-034;ENG-035;ENG-036;ENG-037;ENG-038;ENG-039;ENG-040;ENG-041;ENG-042;ENG-043;ENG-044;ENG-045;ENG-046;ENG-047;ENG-048;ENG-049;ENG-050;ENG-051;ENG-052;ENG-053;ENG-054;ENG-055;ENG-056;ENG-057;ENG-058;ENG-059;ENG-060;ENG-061;ENG-062;ENG-063;ENG-064;ENG-065;ENG-066;ENG-067;ENG-068;ENG-069;ENG-070;ENG-071;ENG-072;ENG-073,EVIDENCIA_ENG_APTA_PARA_CONTRASTE,Fuente subordinada de ingeniería; no puede canonizar por sí sola.,1488ff984c3c7f338dfae61ce65d34dc951fb45edbfe02c00cb836b19b863ae3
ENG,ENG-073,ENG-073-AVAILABILITY_ENGINEERING.md,Availability Engineering,,ARQ-011;ARQ-014;ARQ-016,ENG-005;ENG-006;ENG-007;ENG-008;ENG-009;ENG-011;ENG-012;ENG-013;ENG-014;ENG-015;ENG-016;ENG-017;ENG-018;ENG-019;ENG-020;ENG-021;ENG-022;ENG-023;ENG-024;ENG-025;ENG-026;ENG-027;ENG-028;ENG-030;ENG-031;ENG-032;ENG-033;ENG-034;ENG-035;ENG-036;ENG-037;ENG-038;ENG-039;ENG-040;ENG-041;ENG-042;ENG-043;ENG-044;ENG-045;ENG-046;ENG-047;ENG-048;ENG-049;ENG-050;ENG-051;ENG-052;ENG-053;ENG-054;ENG-055;ENG-056;ENG-057;ENG-058;ENG-059;ENG-060;ENG-061;ENG-062;ENG-063;ENG-064;ENG-065;ENG-066;ENG-067;ENG-068;ENG-069;ENG-070;ENG-071;ENG-072;ENG-073;ENG-074,EVIDENCIA_ENG_APTA_PARA_CONTRASTE,Fuente subordinada de ingeniería; no puede canonizar por sí sola.,4b55c736a7f3e87cb574ae0118c3bab0b432d6cca48d6e4e619e2bd512c98f3f
ENG,ENG-074,ENG-074-RELIABILITY_ENGINEERING.md,Reliability Engineering,,ARQ-004;ARQ-011;ARQ-014;ARQ-016,ENG-005;ENG-006;ENG-007;ENG-008;ENG-009;ENG-011;ENG-012;ENG-013;ENG-014;ENG-015;ENG-016;ENG-017;ENG-018;ENG-019;ENG-020;ENG-021;ENG-022;ENG-023;ENG-024;ENG-025;ENG-026;ENG-027;ENG-028;ENG-030;ENG-031;ENG-032;ENG-033;ENG-034;ENG-035;ENG-036;ENG-037;ENG-038;ENG-039;ENG-040;ENG-041;ENG-042;ENG-043;ENG-044;ENG-045;ENG-046;ENG-047;ENG-048;ENG-049;ENG-050;ENG-051;ENG-052;ENG-053;ENG-054;ENG-055;ENG-056;ENG-057;ENG-058;ENG-059;ENG-060;ENG-061;ENG-062;ENG-063;ENG-064;ENG-065;ENG-066;ENG-067;ENG-068;ENG-069;ENG-070;ENG-071;ENG-072;ENG-073;ENG-074;ENG-075,EVIDENCIA_ENG_APTA_PARA_CONTRASTE,Fuente subordinada de ingeniería; no puede canonizar por sí sola.,d8e9c72f2ab50098ee51314ff34291b5c6de8c2ff42c1dae077d8dcb50358942
ENG,ENG-075,ENG-075-MAINTAINABILITY_ENGINEERING.md,Maintainability Engineering,,ARQ-004;ARQ-011;ARQ-014;ARQ-016,ENG-005;ENG-006;ENG-007;ENG-008;ENG-009;ENG-011;ENG-012;ENG-013;ENG-014;ENG-015;ENG-016;ENG-017;ENG-018;ENG-019;ENG-020;ENG-021;ENG-022;ENG-023;ENG-024;ENG-025;ENG-026;ENG-027;ENG-028;ENG-030;ENG-031;ENG-032;ENG-033;ENG-034;ENG-035;ENG-036;ENG-037;ENG-038;ENG-039;ENG-040;ENG-041;ENG-042;ENG-043;ENG-044;ENG-045;ENG-046;ENG-047;ENG-048;ENG-049;ENG-050;ENG-051;ENG-052;ENG-053;ENG-054;ENG-055;ENG-056;ENG-057;ENG-058;ENG-059;ENG-060;ENG-061;ENG-062;ENG-063;ENG-064;ENG-065;ENG-066;ENG-067;ENG-068;ENG-069;ENG-070;ENG-071;ENG-072;ENG-073;ENG-074;ENG-075;ENG-076,EVIDENCIA_ENG_APTA_PARA_CONTRASTE,Fuente subordinada de ingeniería; no puede canonizar por sí sola.,971272bf44bfef45762f96ae7d5f8aa86f2568047d1b203e1142e789238d1663
ENG,ENG-076,ENG-076-RECOVERABILITY_ENGINEERING.md,Recoverability Engineering,,ARQ-011;ARQ-014;ARQ-016,ENG-005;ENG-006;ENG-007;ENG-008;ENG-009;ENG-011;ENG-012;ENG-013;ENG-014;ENG-015;ENG-016;ENG-017;ENG-018;ENG-019;ENG-020;ENG-021;ENG-022;ENG-023;ENG-024;ENG-025;ENG-026;ENG-027;ENG-028;ENG-030;ENG-031;ENG-032;ENG-033;ENG-034;ENG-035;ENG-036;ENG-037;ENG-038;ENG-039;ENG-040;ENG-041;ENG-042;ENG-043;ENG-044;ENG-045;ENG-046;ENG-047;ENG-048;ENG-049;ENG-050;ENG-051;ENG-052;ENG-053;ENG-054;ENG-055;ENG-056;ENG-057;ENG-058;ENG-059;ENG-060;ENG-061;ENG-062;ENG-063;ENG-064;ENG-065;ENG-066;ENG-067;ENG-068;ENG-069;ENG-070;ENG-071;ENG-072;ENG-073;ENG-074;ENG-075;ENG-076;ENG-077,EVIDENCIA_ENG_APTA_PARA_CONTRASTE,Fuente subordinada de ingeniería; no puede canonizar por sí sola.,aa534c3de335d6a30d457a2150543034fdae78f2066d7c534d93abeda5f525f5
ENG,ENG-077,ENG-077-DURABILITY_ENGINEERING.md,Durability Engineering,,ARQ-011;ARQ-014;ARQ-016,ENG-005;ENG-006;ENG-007;ENG-008;ENG-009;ENG-011;ENG-012;ENG-013;ENG-014;ENG-015;ENG-016;ENG-017;ENG-018;ENG-019;ENG-020;ENG-021;ENG-022;ENG-023;ENG-024;ENG-025;ENG-026;ENG-027;ENG-028;ENG-030;ENG-031;ENG-032;ENG-033;ENG-034;ENG-035;ENG-036;ENG-037;ENG-038;ENG-039;ENG-040;ENG-041;ENG-042;ENG-043;ENG-044;ENG-045;ENG-046;ENG-047;ENG-048;ENG-049;ENG-050;ENG-051;ENG-052;ENG-053;ENG-054;ENG-055;ENG-056;ENG-057;ENG-058;ENG-059;ENG-060;ENG-061;ENG-062;ENG-063;ENG-064;ENG-065;ENG-066;ENG-067;ENG-068;ENG-069;ENG-070;ENG-071;ENG-072;ENG-073;ENG-074;ENG-075;ENG-076;ENG-077;ENG-078,EVIDENCIA_ENG_APTA_PARA_CONTRASTE,Fuente subordinada de ingeniería; no puede canonizar por sí sola.,9d6b3d950ba2b5b07d1bdef11b52d8c7641f44cf2e34ade4cd57a8999d08df27
ENG,ENG-078,ENG-078-CONSISTENCY_ENGINEERING.md,Consistency Engineering,,ARQ-011;ARQ-014;ARQ-016,ENG-005;ENG-006;ENG-007;ENG-008;ENG-009;ENG-011;ENG-012;ENG-013;ENG-014;ENG-015;ENG-016;ENG-017;ENG-018;ENG-019;ENG-020;ENG-021;ENG-022;ENG-023;ENG-024;ENG-025;ENG-026;ENG-027;ENG-028;ENG-030;ENG-031;ENG-032;ENG-033;ENG-034;ENG-035;ENG-036;ENG-037;ENG-038;ENG-039;ENG-040;ENG-041;ENG-042;ENG-043;ENG-044;ENG-045;ENG-046;ENG-047;ENG-048;ENG-049;ENG-050;ENG-051;ENG-052;ENG-053;ENG-054;ENG-055;ENG-056;ENG-057;ENG-058;ENG-059;ENG-060;ENG-061;ENG-062;ENG-063;ENG-064;ENG-065;ENG-066;ENG-067;ENG-068;ENG-069;ENG-070;ENG-071;ENG-072;ENG-073;ENG-074;ENG-075;ENG-076;ENG-077;ENG-078;ENG-079,EVIDENCIA_ENG_APTA_PARA_CONTRASTE,Fuente subordinada de ingeniería; no puede canonizar por sí sola.,d92d8bc7ff2c6074b102afa7fd51aae3ecaa52a09e2cf70f68529d0fa0d794ce
ENG,ENG-079,ENG-079-DATA_INTEGRITY_ENGINEERING.md,Data Integrity Engineering,,ARQ-011;ARQ-014;ARQ-016,ENG-005;ENG-006;ENG-007;ENG-008;ENG-009;ENG-011;ENG-012;ENG-013;ENG-014;ENG-015;ENG-016;ENG-017;ENG-018;ENG-019;ENG-020;ENG-021;ENG-022;ENG-023;ENG-024;ENG-025;ENG-026;ENG-027;ENG-028;ENG-030;ENG-031;ENG-032;ENG-033;ENG-034;ENG-035;ENG-036;ENG-037;ENG-038;ENG-039;ENG-040;ENG-041;ENG-042;ENG-043;ENG-044;ENG-045;ENG-046;ENG-047;ENG-048;ENG-049;ENG-050;ENG-051;ENG-052;ENG-053;ENG-054;ENG-055;ENG-056;ENG-057;ENG-058;ENG-059;ENG-060;ENG-061;ENG-062;ENG-063;ENG-064;ENG-065;ENG-066;ENG-067;ENG-068;ENG-069;ENG-070;ENG-071;ENG-072;ENG-073;ENG-074;ENG-075;ENG-076;ENG-077;ENG-078;ENG-079;ENG-080,EVIDENCIA_ENG_APTA_PARA_CONTRASTE,Fuente subordinada de ingeniería; no puede canonizar por sí sola.,4f13fbd848349fc8bd382a8e59b5573b167cb11d7953a53b016198483dae21fe
ENG,ENG-080,ENG-080-DATA_QUALITY_ENGINEERING.md,Data Quality Engineering,,ARQ-011;ARQ-014;ARQ-016,ENG-005;ENG-006;ENG-007;ENG-008;ENG-009;ENG-011;ENG-012;ENG-013;ENG-014;ENG-015;ENG-016;ENG-017;ENG-018;ENG-019;ENG-020;ENG-021;ENG-022;ENG-023;ENG-024;ENG-025;ENG-026;ENG-027;ENG-028;ENG-030;ENG-031;ENG-032;ENG-033;ENG-034;ENG-035;ENG-036;ENG-037;ENG-038;ENG-039;ENG-040;ENG-041;ENG-042;ENG-043;ENG-044;ENG-045;ENG-046;ENG-047;ENG-048;ENG-049;ENG-050;ENG-051;ENG-052;ENG-053;ENG-054;ENG-055;ENG-056;ENG-057;ENG-058;ENG-059;ENG-060;ENG-061;ENG-062;ENG-063;ENG-064;ENG-065;ENG-066;ENG-067;ENG-068;ENG-069;ENG-070;ENG-071;ENG-072;ENG-073;ENG-074;ENG-075;ENG-076;ENG-077;ENG-078;ENG-079;ENG-080;ENG-081,EVIDENCIA_ENG_APTA_PARA_CONTRASTE,Fuente subordinada de ingeniería; no puede canonizar por sí sola.,6162b101b6049abb58371bfd559ae0b3bf1c2126f9cc73b5716944755f9ea805
ENG,ENG-081,ENG-081-DATA_GOVERNANCE_ENGINEERING.md,Data Governance Engineering,,ARQ-011;ARQ-014;ARQ-016,ENG-005;ENG-006;ENG-007;ENG-008;ENG-009;ENG-011;ENG-012;ENG-013;ENG-014;ENG-015;ENG-016;ENG-017;ENG-018;ENG-019;ENG-020;ENG-021;ENG-022;ENG-023;ENG-024;ENG-025;ENG-026;ENG-027;ENG-028;ENG-029;ENG-030;ENG-031;ENG-032;ENG-033;ENG-034;ENG-035;ENG-036;ENG-037;ENG-038;ENG-039;ENG-040;ENG-041;ENG-042;ENG-043;ENG-044;ENG-045;ENG-046;ENG-047;ENG-048;ENG-049;ENG-050;ENG-051;ENG-052;ENG-053;ENG-054;ENG-055;ENG-056;ENG-057;ENG-058;ENG-059;ENG-060;ENG-061;ENG-062;ENG-063;ENG-064;ENG-065;ENG-066;ENG-067;ENG-068;ENG-069;ENG-070;ENG-071;ENG-072;ENG-073;ENG-074;ENG-075;ENG-076;ENG-077;ENG-078;ENG-079;ENG-080;ENG-081;ENG-082,EVIDENCIA_ENG_APTA_PARA_CONTRASTE,Fuente subordinada de ingeniería; no puede canonizar por sí sola.,3868054537c1f9ee9fe30db93a2835a511c116b9150564e179d87cc2c74d0f72
ENG,ENG-082,ENG-082-DATA_PRIVACY_ENGINEERING.md,Data Privacy Engineering,,,ENG-006;ENG-007;ENG-009;ENG-012;ENG-016;ENG-020;ENG-021;ENG-023;ENG-024;ENG-025;ENG-031;ENG-032;ENG-033;ENG-035;ENG-036;ENG-037;ENG-039;ENG-040;ENG-041;ENG-042;ENG-043;ENG-044;ENG-045;ENG-046;ENG-047;ENG-048;ENG-049;ENG-051;ENG-052;ENG-053;ENG-054;ENG-055;ENG-056;ENG-057;ENG-058;ENG-059;ENG-060;ENG-061;ENG-062;ENG-063;ENG-064;ENG-065;ENG-066;ENG-067;ENG-068;ENG-069;ENG-076;ENG-077;ENG-078;ENG-079;ENG-080;ENG-081;ENG-082;ENG-083,EVIDENCIA_ENG_APTA_PARA_CONTRASTE,Fuente subordinada de ingeniería; no puede canonizar por sí sola.,c864bc6883c78c770cb45a0a59b2f419883cf8ccf911063bb4cbb108ba9295ee
ENG,ENG-083,ENG-083-DATA_COMPLIANCE_ENGINEERING.md,Data Compliance Engineering,,,ENG-006;ENG-007;ENG-009;ENG-012;ENG-014;ENG-016;ENG-017;ENG-020;ENG-021;ENG-023;ENG-024;ENG-025;ENG-027;ENG-029;ENG-030;ENG-031;ENG-032;ENG-033;ENG-035;ENG-036;ENG-040;ENG-041;ENG-043;ENG-044;ENG-045;ENG-046;ENG-047;ENG-048;ENG-049;ENG-050;ENG-051;ENG-052;ENG-053;ENG-054;ENG-055;ENG-056;ENG-057;ENG-058;ENG-059;ENG-060;ENG-061;ENG-062;ENG-063;ENG-064;ENG-065;ENG-066;ENG-067;ENG-068;ENG-069;ENG-074;ENG-075;ENG-076;ENG-077;ENG-078;ENG-079;ENG-080;ENG-081;ENG-082;ENG-083;ENG-084,EVIDENCIA_ENG_APTA_PARA_CONTRASTE,Fuente subordinada de ingeniería; no puede canonizar por sí sola.,f37916ebcbd24645f8d5c49a7813d1b62cf5b682ec012604b435853cb4dd8fb2
ENG,ENG-084,ENG-084-DATA_ETHICS_ENGINEERING.md,Data Ethics Engineering,,,ENG-006;ENG-007;ENG-009;ENG-012;ENG-016;ENG-020;ENG-021;ENG-023;ENG-024;ENG-025;ENG-027;ENG-031;ENG-032;ENG-033;ENG-035;ENG-036;ENG-038;ENG-039;ENG-040;ENG-041;ENG-042;ENG-043;ENG-044;ENG-045;ENG-046;ENG-047;ENG-048;ENG-049;ENG-051;ENG-052;ENG-053;ENG-054;ENG-055;ENG-056;ENG-057;ENG-058;ENG-059;ENG-060;ENG-061;ENG-062;ENG-063;ENG-064;ENG-065;ENG-066;ENG-067;ENG-068;ENG-069;ENG-074;ENG-075;ENG-079;ENG-080;ENG-081;ENG-082;ENG-083;ENG-084;ENG-085,EVIDENCIA_ENG_APTA_PARA_CONTRASTE,Fuente subordinada de ingeniería; no puede canonizar por sí sola.,3fd4430a334c55b92c38c0becde0abba6f675a035a097b89247a2b4996f265da
ENG,ENG-085,ENG-085-DATA_TRUST_ENGINEERING.md,Data Trust Engineering,,,ENG-001;ENG-006;ENG-007;ENG-009;ENG-012;ENG-016;ENG-020;ENG-021;ENG-023;ENG-024;ENG-025;ENG-027;ENG-029;ENG-030;ENG-031;ENG-032;ENG-033;ENG-035;ENG-036;ENG-037;ENG-038;ENG-039;ENG-041;ENG-042;ENG-043;ENG-044;ENG-045;ENG-046;ENG-047;ENG-048;ENG-049;ENG-051;ENG-052;ENG-053;ENG-054;ENG-055;ENG-056;ENG-057;ENG-058;ENG-059;ENG-060;ENG-061;ENG-062;ENG-063;ENG-064;ENG-065;ENG-066;ENG-067;ENG-068;ENG-069;ENG-074;ENG-075;ENG-076;ENG-077;ENG-078;ENG-079;ENG-080;ENG-081;ENG-082;ENG-083;ENG-084;ENG-085;ENG-086,EVIDENCIA_ENG_APTA_PARA_CONTRASTE,Fuente subordinada de ingeniería; no puede canonizar por sí sola.,e7030b0e2d870546bdc29a9ce39f4da96f84d5f1cf078fad9392f3a98e555ec7
ENG,ENG-086,ENG-086-DATA_PRODUCT_ENGINEERING.md,Data Product Engineering,,,ENG-000;ENG-005;ENG-006;ENG-007;ENG-009;ENG-012;ENG-014;ENG-016;ENG-020;ENG-021;ENG-023;ENG-024;ENG-025;ENG-027;ENG-030;ENG-031;ENG-033;ENG-034;ENG-036;ENG-037;ENG-038;ENG-039;ENG-040;ENG-041;ENG-042;ENG-043;ENG-044;ENG-046;ENG-048;ENG-049;ENG-051;ENG-052;ENG-053;ENG-054;ENG-055;ENG-056;ENG-057;ENG-058;ENG-059;ENG-060;ENG-061;ENG-062;ENG-063;ENG-064;ENG-065;ENG-067;ENG-068;ENG-069;ENG-070;ENG-071;ENG-072;ENG-073;ENG-074;ENG-075;ENG-076;ENG-077;ENG-078;ENG-079;ENG-080;ENG-081;ENG-082;ENG-083;ENG-084;ENG-085;ENG-086;ENG-087;ENG-089;ENG-090,EVIDENCIA_ENG_APTA_PARA_CONTRASTE,Fuente subordinada de ingeniería; no puede canonizar por sí sola.,98864b84bca89cfc6b0769779c4f654e0410caed8ada303c4b0552aee13b5cb0
ENG,ENG-087,ENG-087-DATA_EXCHANGE_SHARING_ENGINEERING.md,Data Exchange & Sharing Engineering,,,ENG-000;ENG-006;ENG-007;ENG-009;ENG-012;ENG-014;ENG-016;ENG-020;ENG-021;ENG-024;ENG-025;ENG-033;ENG-036;ENG-043;ENG-046;ENG-048;ENG-051;ENG-055;ENG-057;ENG-058;ENG-059;ENG-062;ENG-063;ENG-064;ENG-073;ENG-074;ENG-079;ENG-080;ENG-081;ENG-082;ENG-083;ENG-084;ENG-085;ENG-086;ENG-087;ENG-088;ENG-089;ENG-092;ENG-094;ENG-095;ENG-096;ENG-099,EVIDENCIA_ENG_APTA_PARA_CONTRASTE,Fuente subordinada de ingeniería; no puede canonizar por sí sola.,ae9dc7e4ed4858d049ded34bdc679d01770a5fc686ff158ad97c7efc6388386e
ENG,ENG-088,ENG-088-DATA_FEDERATION_ENGINEERING.md,Data Federation Engineering,,,ENG-000;ENG-006;ENG-007;ENG-009;ENG-012;ENG-014;ENG-016;ENG-020;ENG-021;ENG-024;ENG-025;ENG-027;ENG-030;ENG-031;ENG-033;ENG-034;ENG-036;ENG-037;ENG-038;ENG-039;ENG-040;ENG-041;ENG-042;ENG-043;ENG-044;ENG-046;ENG-048;ENG-049;ENG-051;ENG-052;ENG-053;ENG-054;ENG-055;ENG-056;ENG-057;ENG-058;ENG-059;ENG-060;ENG-061;ENG-062;ENG-063;ENG-064;ENG-065;ENG-067;ENG-068;ENG-069;ENG-070;ENG-071;ENG-072;ENG-073;ENG-074;ENG-075;ENG-076;ENG-077;ENG-078;ENG-079;ENG-080;ENG-081;ENG-082;ENG-083;ENG-084;ENG-085;ENG-086;ENG-087;ENG-088;ENG-089;ENG-090;ENG-095;ENG-096;ENG-097;ENG-098;ENG-099,EVIDENCIA_ENG_APTA_PARA_CONTRASTE,Fuente subordinada de ingeniería; no puede canonizar por sí sola.,dff70432543c76659fc82cbaf5d576f795b8f5ed438671f0998797516d4049ac
ENG,ENG-089,ENG-089-DATA_LINEAGE_PROVENANCE_ENGINEERING.md,Data Lineage & Provenance Engineering,,,ENG-000;ENG-006;ENG-007;ENG-009;ENG-012;ENG-014;ENG-016;ENG-020;ENG-021;ENG-024;ENG-025;ENG-033;ENG-036;ENG-043;ENG-046;ENG-048;ENG-051;ENG-055;ENG-057;ENG-058;ENG-059;ENG-062;ENG-063;ENG-064;ENG-079;ENG-080;ENG-081;ENG-082;ENG-083;ENG-084;ENG-085;ENG-086;ENG-087;ENG-088;ENG-089;ENG-090;ENG-091;ENG-092;ENG-093;ENG-094;ENG-095;ENG-096;ENG-097;ENG-098;ENG-099;ENG-100,EVIDENCIA_ENG_APTA_PARA_CONTRASTE,Fuente subordinada de ingeniería; no puede canonizar por sí sola.,f50aabb3ef8ddee3dc745c3d691072d5af17d1d0fdb1d8e448c7bda9b37bbdd2
ENG,ENG-090,ENG-090-DATA_CATALOG_ENGINEERING.md,Data Catalog Engineering,,,ENG-000;ENG-006;ENG-007;ENG-009;ENG-012;ENG-014;ENG-016;ENG-020;ENG-021;ENG-023;ENG-024;ENG-025;ENG-030;ENG-031;ENG-033;ENG-034;ENG-036;ENG-043;ENG-044;ENG-046;ENG-048;ENG-049;ENG-051;ENG-052;ENG-053;ENG-054;ENG-055;ENG-057;ENG-058;ENG-059;ENG-060;ENG-061;ENG-062;ENG-063;ENG-064;ENG-065;ENG-067;ENG-068;ENG-069;ENG-070;ENG-071;ENG-072;ENG-073;ENG-074;ENG-075;ENG-076;ENG-077;ENG-078;ENG-079;ENG-080;ENG-081;ENG-082;ENG-083;ENG-084;ENG-085;ENG-086;ENG-087;ENG-088;ENG-089;ENG-090;ENG-091;ENG-092;ENG-093;ENG-094;ENG-095;ENG-096;ENG-097;ENG-098;ENG-099;ENG-100,EVIDENCIA_ENG_APTA_PARA_CONTRASTE,Fuente subordinada de ingeniería; no puede canonizar por sí sola.,94a1a04326f824422f8ae3212cf20ec3d197afb1d1c029fa609187f8d73f26a1
ENG,ENG-091,ENG-091-DATA_DISCOVERY_CLASSIFICATION_ENGINEERING.md,Data Discovery & Classification Engineering,,,ENG-000;ENG-006;ENG-007;ENG-009;ENG-012;ENG-014;ENG-016;ENG-020;ENG-021;ENG-023;ENG-024;ENG-025;ENG-030;ENG-031;ENG-033;ENG-034;ENG-036;ENG-043;ENG-044;ENG-046;ENG-048;ENG-049;ENG-051;ENG-052;ENG-053;ENG-054;ENG-055;ENG-057;ENG-058;ENG-059;ENG-060;ENG-061;ENG-062;ENG-063;ENG-064;ENG-065;ENG-079;ENG-080;ENG-081;ENG-082;ENG-083;ENG-084;ENG-085;ENG-086;ENG-087;ENG-088;ENG-089;ENG-090;ENG-091;ENG-092;ENG-093;ENG-094;ENG-095;ENG-096;ENG-097;ENG-098;ENG-099;ENG-100,EVIDENCIA_ENG_APTA_PARA_CONTRASTE,Fuente subordinada de ingeniería; no puede canonizar por sí sola.,98c3fdf294ffa1a97e38932bf48407ebe7959077c177c6478f4da16443c4fcb9
ENG,ENG-092,ENG-092-DATA_RETENTION_DISPOSAL_ENGINEERING.md,Data Retention & Disposal Engineering,,,ENG-000;ENG-006;ENG-007;ENG-009;ENG-012;ENG-014;ENG-016;ENG-020;ENG-021;ENG-023;ENG-024;ENG-025;ENG-030;ENG-031;ENG-033;ENG-034;ENG-036;ENG-037;ENG-043;ENG-044;ENG-046;ENG-048;ENG-049;ENG-051;ENG-052;ENG-053;ENG-054;ENG-055;ENG-057;ENG-058;ENG-059;ENG-060;ENG-061;ENG-062;ENG-063;ENG-064;ENG-065;ENG-067;ENG-068;ENG-069;ENG-073;ENG-074;ENG-075;ENG-076;ENG-077;ENG-078;ENG-079;ENG-080;ENG-081;ENG-082;ENG-083;ENG-084;ENG-085;ENG-086;ENG-087;ENG-088;ENG-089;ENG-090;ENG-091;ENG-092;ENG-093;ENG-094;ENG-095;ENG-096;ENG-097;ENG-098;ENG-099;ENG-100,EVIDENCIA_ENG_APTA_PARA_CONTRASTE,Fuente subordinada de ingeniería; no puede canonizar por sí sola.,27bd10b5a98c0d1f27cb704ac93ab61fcb4fb8af720e66711086eaa0de020019
ENG,ENG-093,ENG-093-DATA_ARCHIVAL_PRESERVATION_ENGINEERING.md,Data Archival & Preservation Engineering,,,ENG-000;ENG-006;ENG-007;ENG-009;ENG-012;ENG-014;ENG-016;ENG-020;ENG-021;ENG-023;ENG-024;ENG-025;ENG-030;ENG-031;ENG-033;ENG-034;ENG-036;ENG-037;ENG-043;ENG-044;ENG-046;ENG-048;ENG-049;ENG-051;ENG-052;ENG-053;ENG-054;ENG-055;ENG-057;ENG-058;ENG-059;ENG-060;ENG-061;ENG-062;ENG-063;ENG-064;ENG-065;ENG-067;ENG-068;ENG-069;ENG-073;ENG-074;ENG-075;ENG-076;ENG-077;ENG-078;ENG-079;ENG-080;ENG-081;ENG-082;ENG-083;ENG-084;ENG-085;ENG-086;ENG-087;ENG-088;ENG-089;ENG-090;ENG-091;ENG-092;ENG-093;ENG-094;ENG-095;ENG-096;ENG-097;ENG-098;ENG-099;ENG-100,EVIDENCIA_ENG_APTA_PARA_CONTRASTE,Fuente subordinada de ingeniería; no puede canonizar por sí sola.,14a1a0fad64264af66b8c1a0ba3a8763ef0d8589b48a7118aab4c67f15ea1fba
ENG,ENG-094,ENG-094-DATA_PORTABILITY_ENGINEERING.md,Data Portability Engineering,,,ENG-000;ENG-006;ENG-007;ENG-009;ENG-012;ENG-014;ENG-016;ENG-020;ENG-021;ENG-023;ENG-024;ENG-025;ENG-030;ENG-031;ENG-033;ENG-034;ENG-036;ENG-043;ENG-044;ENG-046;ENG-048;ENG-049;ENG-051;ENG-052;ENG-053;ENG-054;ENG-055;ENG-057;ENG-058;ENG-059;ENG-060;ENG-061;ENG-062;ENG-063;ENG-064;ENG-065;ENG-067;ENG-068;ENG-069;ENG-075;ENG-076;ENG-077;ENG-078;ENG-079;ENG-080;ENG-081;ENG-082;ENG-083;ENG-084;ENG-085;ENG-086;ENG-087;ENG-088;ENG-089;ENG-090;ENG-091;ENG-092;ENG-093;ENG-094;ENG-095;ENG-096;ENG-097;ENG-098;ENG-099;ENG-100,EVIDENCIA_ENG_APTA_PARA_CONTRASTE,Fuente subordinada de ingeniería; no puede canonizar por sí sola.,ec240e15ee8cdbaa22fc6e29c6ff5a43ea6e18d65982fcfb82488ac0b782c7d8
ENG,ENG-095,ENG-095-DATA_SYNCHRONIZATION_ENGINEERING.md,Data Synchronization Engineering,,,ENG-006;ENG-007;ENG-009;ENG-012;ENG-014;ENG-016;ENG-020;ENG-021;ENG-023;ENG-024;ENG-025;ENG-027;ENG-030;ENG-031;ENG-032;ENG-033;ENG-034;ENG-035;ENG-036;ENG-037;ENG-038;ENG-039;ENG-040;ENG-041;ENG-042;ENG-043;ENG-044;ENG-046;ENG-048;ENG-049;ENG-051;ENG-052;ENG-053;ENG-054;ENG-055;ENG-056;ENG-057;ENG-058;ENG-059;ENG-061;ENG-062;ENG-063;ENG-064;ENG-065;ENG-066;ENG-067;ENG-068;ENG-069;ENG-070;ENG-071;ENG-072;ENG-073;ENG-074;ENG-075;ENG-076;ENG-077;ENG-078;ENG-079;ENG-080;ENG-081;ENG-082;ENG-083;ENG-084;ENG-085;ENG-086;ENG-087;ENG-088;ENG-089;ENG-090;ENG-091;ENG-092;ENG-093;ENG-094;ENG-095;ENG-096;ENG-097;ENG-098;ENG-099;ENG-100,EVIDENCIA_ENG_APTA_PARA_CONTRASTE,Fuente subordinada de ingeniería; no puede canonizar por sí sola.,edcde07725a2bac93ef06be7284c5a20c405291848eef92272e64ffd3cf50bf3
ENG,ENG-096,ENG-096-DATA_REPLICATION_ENGINEERING.md,Data Replication Engineering,,,ENG-006;ENG-007;ENG-009;ENG-012;ENG-014;ENG-016;ENG-020;ENG-021;ENG-023;ENG-024;ENG-025;ENG-027;ENG-030;ENG-031;ENG-032;ENG-033;ENG-034;ENG-035;ENG-036;ENG-037;ENG-038;ENG-039;ENG-040;ENG-041;ENG-042;ENG-043;ENG-044;ENG-046;ENG-048;ENG-049;ENG-051;ENG-052;ENG-053;ENG-054;ENG-055;ENG-056;ENG-057;ENG-058;ENG-059;ENG-061;ENG-062;ENG-063;ENG-064;ENG-065;ENG-066;ENG-067;ENG-068;ENG-069;ENG-070;ENG-071;ENG-072;ENG-073;ENG-074;ENG-075;ENG-076;ENG-077;ENG-078;ENG-079;ENG-080;ENG-081;ENG-082;ENG-083;ENG-084;ENG-085;ENG-086;ENG-087;ENG-088;ENG-089;ENG-090;ENG-091;ENG-092;ENG-093;ENG-094;ENG-095;ENG-096;ENG-097;ENG-098;ENG-099;ENG-100,EVIDENCIA_ENG_APTA_PARA_CONTRASTE,Fuente subordinada de ingeniería; no puede canonizar por sí sola.,8012cabf243388b65d73c1065b7a8ae23991b7d9917bea3315db350f52230867
ENG,ENG-097,ENG-097-DATA_PARTITIONING_SHARDING_ENGINEERING.md,Data Partitioning & Sharding Engineering,,,ENG-006;ENG-007;ENG-009;ENG-012;ENG-014;ENG-016;ENG-020;ENG-021;ENG-023;ENG-024;ENG-025;ENG-027;ENG-030;ENG-031;ENG-032;ENG-033;ENG-034;ENG-035;ENG-036;ENG-037;ENG-038;ENG-039;ENG-040;ENG-041;ENG-042;ENG-043;ENG-044;ENG-046;ENG-048;ENG-049;ENG-051;ENG-052;ENG-053;ENG-054;ENG-055;ENG-056;ENG-057;ENG-058;ENG-059;ENG-061;ENG-062;ENG-063;ENG-064;ENG-065;ENG-066;ENG-067;ENG-068;ENG-069;ENG-070;ENG-071;ENG-072;ENG-073;ENG-074;ENG-075;ENG-076;ENG-077;ENG-078;ENG-079;ENG-080;ENG-081;ENG-082;ENG-083;ENG-084;ENG-085;ENG-086;ENG-087;ENG-088;ENG-089;ENG-090;ENG-091;ENG-092;ENG-093;ENG-094;ENG-095;ENG-096;ENG-097;ENG-098;ENG-099;ENG-100,EVIDENCIA_ENG_APTA_PARA_CONTRASTE,Fuente subordinada de ingeniería; no puede canonizar por sí sola.,0fef01ab001863af9e3291a3ce7c12ea6c0da8f4d6c8948cddf51da2ab599643
ENG,ENG-098,ENG-098-DATA_DISTRIBUTION_ENGINEERING.md,Data Distribution Engineering,,,ENG-006;ENG-007;ENG-009;ENG-012;ENG-014;ENG-016;ENG-020;ENG-021;ENG-023;ENG-024;ENG-025;ENG-026;ENG-030;ENG-033;ENG-034;ENG-036;ENG-037;ENG-038;ENG-040;ENG-042;ENG-043;ENG-044;ENG-046;ENG-048;ENG-049;ENG-051;ENG-052;ENG-053;ENG-054;ENG-055;ENG-056;ENG-057;ENG-058;ENG-059;ENG-061;ENG-062;ENG-063;ENG-064;ENG-065;ENG-066;ENG-067;ENG-068;ENG-069;ENG-070;ENG-071;ENG-072;ENG-073;ENG-074;ENG-075;ENG-076;ENG-077;ENG-078;ENG-079;ENG-080;ENG-081;ENG-082;ENG-083;ENG-084;ENG-085;ENG-086;ENG-087;ENG-088;ENG-089;ENG-090;ENG-091;ENG-092;ENG-093;ENG-094;ENG-095;ENG-096;ENG-097;ENG-098;ENG-099;ENG-100,EVIDENCIA_ENG_APTA_PARA_CONTRASTE,Fuente subordinada de ingeniería; no puede canonizar por sí sola.,2d093a7eb45835e6c7b0468cf0bd6d287fef4140dec40c80ce6d14d0006bddea
ENG,ENG-099,ENG-099-DATA_LOCALIZATION_RESIDENCY_ENGINEERING.md,Data Localization & Residency Engineering,,,ENG-006;ENG-007;ENG-009;ENG-012;ENG-014;ENG-016;ENG-020;ENG-021;ENG-023;ENG-024;ENG-025;ENG-027;ENG-030;ENG-031;ENG-032;ENG-033;ENG-036;ENG-037;ENG-039;ENG-040;ENG-041;ENG-042;ENG-043;ENG-044;ENG-045;ENG-046;ENG-047;ENG-048;ENG-049;ENG-051;ENG-052;ENG-053;ENG-054;ENG-055;ENG-056;ENG-057;ENG-058;ENG-059;ENG-061;ENG-062;ENG-063;ENG-064;ENG-065;ENG-066;ENG-067;ENG-068;ENG-069;ENG-070;ENG-071;ENG-072;ENG-073;ENG-074;ENG-075;ENG-076;ENG-077;ENG-078;ENG-079;ENG-080;ENG-081;ENG-082;ENG-083;ENG-084;ENG-085;ENG-086;ENG-087;ENG-088;ENG-089;ENG-090;ENG-091;ENG-092;ENG-093;ENG-094;ENG-095;ENG-096;ENG-097;ENG-098;ENG-099;ENG-100,EVIDENCIA_ENG_APTA_PARA_CONTRASTE,Fuente subordinada de ingeniería; no puede canonizar por sí sola.,6f4bc7d84ec4b58a6822f03927513e28c7108f3c01256bb66d0c8af8b279759d
ENG,ENG-100,ENG-100-DATA_LIFECYCLE_ORCHESTRATION_ENGINEERING.md,Data Lifecycle Orchestration Engineering,,,ENG-006;ENG-007;ENG-009;ENG-012;ENG-014;ENG-016;ENG-020;ENG-021;ENG-023;ENG-024;ENG-025;ENG-026;ENG-030;ENG-033;ENG-034;ENG-036;ENG-037;ENG-038;ENG-040;ENG-042;ENG-043;ENG-044;ENG-046;ENG-048;ENG-049;ENG-051;ENG-052;ENG-053;ENG-054;ENG-055;ENG-056;ENG-057;ENG-058;ENG-059;ENG-061;ENG-062;ENG-063;ENG-064;ENG-065;ENG-066;ENG-067;ENG-068;ENG-069;ENG-070;ENG-071;ENG-072;ENG-073;ENG-074;ENG-075;ENG-076;ENG-077;ENG-078;ENG-079;ENG-080;ENG-081;ENG-082;ENG-083;ENG-084;ENG-085;ENG-086;ENG-087;ENG-088;ENG-089;ENG-090;ENG-091;ENG-092;ENG-093;ENG-094;ENG-095;ENG-096;ENG-097;ENG-098;ENG-099;ENG-100,EVIDENCIA_ENG_APTA_PARA_CONTRASTE,Fuente subordinada de ingeniería; no puede canonizar por sí sola.,e811e17d4c352f6cb6e83676856106b2250abe4bbef675626d892441561bead4
